,action,adaptation,addiction,anticipation,anxiety,arousal,association,attention,autobiographical_memory,balance,belief,categorization,cognitive_control,communication,competition,concept,consciousness,consolidation,context,coordination,decision,decision_making,detection,discrimination,distraction,eating,efficiency,effort,emotion,emotion_regulation,empathy,encoding,episodic_memory,expectancy,expertise,extinction,face_recognition,facial_expression,familiarity,fear,fixation,focus,gaze,goal,hyperactivity,imagery,impulsivity,induction,inference,inhibition,insight,integration,intelligence,intention,interference,judgment,knowledge,language,language_comprehension,learning,listening,localization,loss,maintenance,manipulation,meaning,memory,memory_retrieval,mental_imagery,monitoring,mood,morphology,motor_control,movement,multisensory,naming,navigation,object_recognition,pain,perception,planning,priming,psychosis,reading,reasoning,recall,recognition,rehearsal,reinforcement_learning,response_inhibition,response_selection,retention,retrieval,reward_anticipation,rhythm,risk,rule,salience,search,selective_attention,semantic_memory,sentence_comprehension,skill,sleep,social_cognition,spatial_attention,speech_perception,speech_production,strategy,strength,stress,sustained_attention,task_difficulty,thought,uncertainty,updating,utility,valence,verbal_fluency,visual_attention,visual_perception,word_recognition,working_memory
7Networks_LH_Vis_1,0.393704305,0.67555773,-0.858760382,-0.556025447,-0.435339655,-0.240404916,-0.447608215,-0.452490151,2.166470868,-0.916113428,-0.361748257,0.503499133,-1.052356305,-0.469074304,0.076422598,0.83472991,1.078974307,0.48615904,1.374430791,0.106032362,-0.190567948,-1.133082607,-0.477479443,-0.551859773,-0.002856945,0.070288067,-0.607619479,-0.227996461,-0.198895517,0.22790981,-0.633437661,2.969654438,2.277649712,-0.370496689,1.130737613,0.775510601,2.336044908,0.460849389,0.50355768,0.309621521,0.171972494,-1.020306162,0.492179521,-0.47043052,-0.815940693,0.81183689,-0.518963274,0.069450828,0.049621671,-1.448676453,-0.124908974,0.32633484,-1.09725274,-1.007052811,-0.582676984,0.736555538,0.471363426,1.598781125,0.700846765,0.503881199,-0.248860057,-0.133829888,-0.067670986,-0.007918733,1.04819222,1.802300446,2.178132629,1.043534077,1.196128548,-0.713198912,-0.198981809,-0.33668773,-0.683845604,-1.341387452,0.766605486,1.191376891,2.774022673,2.423473546,-1.21408623,1.086180951,-0.587657362,1.730684054,-1.123054803,2.714622662,-0.326592633,1.253544718,4.175217363,0.253100393,-0.158359716,-0.883597128,-0.907419141,0.414202931,2.995136858,-0.038433553,-0.15678238,-1.671557957,-0.11961092,-0.386324914,0.266426073,-0.479800391,2.405079973,-0.069529172,0.389297225,-0.373484565,0.053087172,-0.383081064,-0.414259729,-0.377639576,-0.345984563,-0.102934437,-0.317679536,-0.1656288,0.34300608,0.440502456,-0.077424263,-0.600531739,-0.243172331,0.949592263,-0.493287197,-0.386628354,1.295972532,1.449219851,-0.784543144
7Networks_LH_Vis_2,-0.932648413,-0.371855539,-0.190352154,-0.635337149,-0.439425113,0.44782719,0.056286121,-0.638496649,3.742448319,-0.374953565,-0.10727434,-0.218450434,-0.718463646,-0.356750463,-0.324456709,0.065122474,0.389802203,1.445173079,1.907419526,-1.048817472,-0.294312027,-1.06716701,-1.328119808,-0.674689903,0.224195791,-0.317592527,-0.176866165,-0.328475455,0.30285567,0.151326252,0.028293725,4.732899422,4.919066099,-0.448634214,0.223983599,0.801898742,-0.079043142,-0.138015797,1.395878499,-0.321790841,0.218719866,-0.760775149,-0.619443052,0.171305856,-0.490309309,0.879672948,-0.457979264,-0.223633833,0.19826302,-1.211572949,0.441560612,0.227207071,-1.186122074,-0.573233306,-0.410967981,0.77270547,1.379824024,0.7800961,0.818453379,0.968100216,-0.836250975,-0.410477607,0.31318475,0.357644732,0.822440375,1.221491107,5.367949196,2.708784865,1.596453946,-0.638344488,-0.12074761,-0.155710946,-1.138087201,-1.938286207,-0.265810813,0.742932454,3.607395223,0.375727773,-0.716184906,-0.0774337,-0.650579479,-0.086559142,-0.581037786,0.685718343,-0.509840897,2.425915795,3.038110696,0.137509429,-0.044953999,-0.906687699,-0.814285219,0.988932606,4.980302535,-0.330702033,-0.316373882,-0.888811082,-0.104547884,0.159358411,0.756348057,-0.512847492,4.300129207,-0.22715083,-0.260285224,0.920284434,0.465314948,-1.06571914,-0.878633934,-0.889056109,0.240601142,-0.048689268,-0.036678615,0.418300442,0.985959978,0.62701206,-0.535993941,-0.059624221,-0.332548772,0.633632837,-0.573218333,-0.253676519,0.075198513,-0.094952376,-0.74128666
7Networks_LH_Vis_3,0.611571562,1.137911779,-0.991956966,-0.155377455,-1.274537201,0.087668779,-0.143348234,0.444663994,-0.32982194,-0.988634083,-0.438902697,1.509259283,-0.224159192,0.097685164,1.390963686,-0.038861421,0.544700357,-0.130354288,0.032237221,0.296097432,0.355343384,-0.967877695,0.431784845,1.183488554,-0.201448217,0.330403217,0.195577971,-0.748979677,-0.887510083,-0.964337524,-0.204120408,2.731110021,0.242152212,0.379209663,2.111111732,-0.476865291,2.995647048,0.853003939,1.182853454,0.213952147,0.733313659,-0.650060299,0.800947538,-0.105067378,-0.937473589,1.094777468,-1.089459817,-0.060382737,-0.881210428,-0.755048055,-0.599031089,0.189960272,-0.854967857,-0.995603708,1.276403705,1.506219543,-0.438594413,1.306314428,-0.859990781,0.95303012,-1.147415825,-0.093092369,-1.074913169,0.489017389,1.487136482,1.355202597,1.476189474,-0.183519899,1.08351793,-1.011076411,-0.561578813,-0.971483931,-0.169213524,-0.949598582,0.808818118,2.169524762,1.314982235,1.870254771,-0.737160118,3.310996546,-0.327326815,1.218881517,-0.99924579,5.48633095,-1.125166741,-0.509611963,2.989580523,0.54087227,0.518037446,-0.131148963,0.181862918,0.323019349,1.66614467,0.320192454,-0.304997439,-1.901236469,0.21442274,0.114754433,0.790817491,0.255932641,0.549018103,-0.368437671,0.551380071,-1.135271287,0.208284089,0.662934678,-0.479513661,-0.07953858,-0.220795495,-0.126010906,-1.108997206,0.045668604,0.882497407,0.104562179,-0.543496002,0.088878228,-0.80658728,0.114934486,-0.653412726,0.651858612,0.846789131,2.030871202,0.995301129
7Networks_LH_Vis_4,0.361818538,0.664914562,-0.53794515,-0.288302881,-0.3184746,-0.103739162,-0.058228785,0.633121157,0.130809919,-0.56438046,-0.629861803,0.122348019,-0.297621139,-0.581545186,-0.018748899,-0.034562125,1.313374562,0.133283455,0.161594888,0.420015111,0.229102904,0.15022929,-0.276585526,0.389173627,0.50074121,0.028172949,-0.278741616,-0.379700237,-0.481606412,0.167481922,0.305769329,2.221027017,0.907670298,-0.061493245,-0.063157593,0.426107913,0.716975253,-0.268963771,1.478265987,-0.545900249,0.825687864,-0.181896374,-0.464491086,0.224240346,-0.268127624,1.55776304,-0.18730588,-0.130031895,0.479304118,-0.213359881,0.256103836,-1.046511858,-0.885187811,-0.498085263,0.320149589,0.551403954,0.1232102,-0.747605062,-0.476251341,0.566545595,-0.758012787,-0.273289836,-0.603414732,0.272656927,0.259023345,-0.09278008,1.210244519,-0.950621748,0.860951894,-0.298880846,0.259586911,-0.402135654,-0.044747808,-0.43404438,0.957637206,1.320592438,3.710478138,0.406989575,0.026947047,0.869116597,0.37568271,0.659716969,-0.314173584,0.636427471,-0.381879743,1.329736864,1.444004096,0.326740829,0.667716469,-0.53572743,-0.224780598,0.979066892,0.923881086,0.338864522,1.249534626,-1.239682683,-0.143991433,0.444077007,0.374176009,0.425259876,0.057169714,-0.319517335,0.47134981,0.468922629,0.589009047,0.422935513,-0.706476501,-0.21629001,0.367141995,-0.330759574,-0.900083307,0.496244414,0.387868373,-0.016808016,-0.190216551,-0.335320272,-0.573724,0.639346656,-0.457081905,0.722774719,1.288289248,-0.198656448,0.068017758
7Networks_LH_Vis_5,0.591999309,-0.499542667,-0.41452026,-0.125692473,-0.660939422,-0.069792074,-0.421386483,1.195198857,0.523750857,0.002945414,-0.154403608,0.067106507,-0.553614609,-0.018461652,1.426732664,-0.251999206,-0.600524967,-0.675532368,1.044215687,0.648719241,0.657052395,0.123217407,0.816528789,0.622789865,-0.11822586,0.391640642,0.134547225,-0.318987936,-0.402813043,-0.875959377,0.422301692,1.571587689,0.243564037,0.086904889,0.575534451,-0.132385483,0.620667676,1.32243353,0.721840288,-0.333432843,1.200424477,-0.389626846,1.257771833,0.836496544,-0.299000582,0.9005482,-0.66389326,0.111819143,-0.162448011,0.196389038,0.24702624,0.343511409,-0.166923171,0.840180518,0.460745605,0.617072082,-0.03107648,-0.53051669,-0.79307651,0.432878043,-0.725257571,0.32424506,-0.501199886,-0.079208259,0.676025208,0.710948298,0.682147506,-0.232513455,0.681464495,-0.139419819,-0.476765026,-0.767596668,-0.415905065,-0.351671678,1.320906852,0.837861622,2.049227004,0.159198404,-0.673672546,1.51985836,-0.463972093,0.472321883,-0.586587218,0.964016442,-0.077577638,-0.076976712,0.953466789,0.492992389,0.876068986,-0.12921029,-0.720398972,0.228933491,0.897190274,0.239544983,0.734475439,-0.934406336,0.351177054,0.818321065,0.689740666,0.619800904,-0.465711647,-0.620389361,1.005553493,0.207189345,-0.285635466,1.59044211,-0.605063034,-0.280002406,-0.215495698,0.212847425,-1.045206497,0.207650422,0.489612306,-0.341031168,-0.352384052,0.460481737,-0.572434849,0.386776411,-0.622037468,0.722475948,0.934274795,0.232817711,0.056390525
7Networks_LH_Vis_6,0.128447912,1.550409628,-1.079174289,-0.642611852,-0.854536767,0.394056761,-0.573957828,0.363031543,-0.163951769,-0.369786058,-0.147096408,0.773254181,-0.645630228,0.287412674,0.923779185,-0.506633835,0.128633633,-0.128710858,0.213303903,-0.432063309,1.055502848,0.45736926,0.039469059,0.282295738,-0.282327607,0.011646357,0.22208997,-0.261512314,0.10233733,-0.831071217,-0.290970665,1.446857644,0.507547501,-0.151891417,0.657038646,-0.368082593,3.267654876,0.951040092,1.124336941,0.933174077,0.149768061,-0.345153755,1.610137451,0.070046297,-0.50855707,0.355802364,-0.277137496,-0.451441719,0.555651646,-0.939233721,-0.521734897,0.515449644,-0.189448175,-0.370318958,0.457111544,0.220868037,-0.054564702,1.605468815,-0.474750362,0.008962076,-1.100951532,-0.156781836,-0.033168646,0.232790734,-0.183455796,0.485676135,0.228611824,-0.258269298,0.746893461,0.23352428,-0.717546289,-0.426088735,0.091987188,-1.210930044,0.127874616,0.993474797,0.772339645,2.080909219,-1.656949572,2.816143752,-0.613509004,0.832628704,-0.791854834,3.558993643,0.128004823,0.051007923,2.483553205,-0.210497044,-0.290375904,-0.910811579,-0.585562584,0.09868741,1.103856969,0.193070808,-0.353161945,-1.023631869,-0.116803679,0.474670802,0.125396991,0.547064317,-0.220480537,-0.418447982,0.53545513,-0.179360148,-0.446344699,1.630634972,-0.42453517,0.324514196,0.086618333,-0.589390495,-1.642230165,-0.862657457,0.189557517,0.247886127,-0.371854183,-0.54147344,-0.635250661,-0.077552942,-0.289302689,0.448857638,0.215504054,0.338216568,-0.185204248
7Networks_LH_Vis_7,-0.421450479,-0.412319834,0.140548401,0.100933279,-0.406450355,1.380718533,0.324434814,-0.874355452,2.711909091,-0.245221337,-0.572137763,0.019277816,-0.925806576,-0.626107707,0.156506905,-0.56250483,1.007737977,0.672072715,0.580295724,-0.857125124,-1.301868502,-1.364418011,-0.962320173,-0.2206051,-0.088090521,0.21365499,0.103172461,-0.983625532,0.130095852,-0.909825548,-0.784158695,4.092094426,4.980320319,0.50648313,-0.053932037,1.157721534,-0.406271582,-0.612752079,1.408216378,0.502165143,0.025328732,-0.113509029,-0.527013604,-0.30190562,-0.111234693,0.888583638,-0.035082049,-0.409466078,0.246612303,-0.78681358,0.806471476,-0.15647709,-0.477053508,-0.71682958,0.063671917,0.197309682,0.946419782,-0.838419398,-0.192889362,1.931818169,-0.668772149,-0.149470349,-0.333374232,0.067675628,-0.781067725,-0.152009718,4.494963844,3.212652896,1.377608294,-0.76679845,-0.850460597,-0.057426277,-0.390912966,-0.600937858,-0.486911678,-0.045415203,5.647150041,0.466530295,-0.117568538,0.234929468,-0.05761875,0.805731433,-0.652416464,-1.015188152,0.163121467,2.28335984,1.363166684,1.428760638,0.20786851,-1.0199286,-0.270929667,1.325596048,3.434835633,-0.246293244,-0.172830493,-0.621625708,-0.282362403,0.228489434,0.135624471,-0.018801084,3.215142042,-0.524294797,0.526639097,0.212590031,-0.140305179,-0.430075475,-0.548421245,-0.822201442,0.277971758,-0.320865468,-0.059363764,-0.303901155,-0.048735397,1.085140399,0.223888701,0.033370675,-0.726561174,0.64091345,-0.45519003,-0.215698537,0.238098691,-0.607477137,-0.697857954
7Networks_LH_Vis_8,1.730269647,0.870615869,-1.076936918,-0.712657139,-1.126568502,-0.014600229,-1.035147572,1.362570906,-0.204329817,-0.470484539,-0.694135879,-0.212476194,-1.539096182,0.337654606,1.131317226,-0.453693828,-0.405459975,0.322186007,0.181655385,-0.27157619,-0.369377314,-1.455648508,0.411197192,0.270405103,0.77665797,-0.043897228,-0.466131592,0.044224261,-1.185951829,-0.539901976,0.811961129,1.912168507,0.006878286,-0.249662438,1.538031205,-0.25966187,2.473037076,0.349526478,1.203544174,-0.107712168,1.626876218,-0.067936334,1.62893067,0.666241998,-1.30235317,0.85092375,-1.391795323,-0.718956749,-0.719788338,-0.989773175,-0.561681544,0.270500113,-1.003753615,-0.775432728,1.018320747,0.676791478,0.844673464,1.922511271,-1.037432036,-0.342939118,-0.907888884,-0.340213994,-0.869916675,0.248433806,1.709688465,0.991436384,0.009259646,-0.289759585,1.015943836,-0.476649081,-1.598648019,-0.996417995,0.061120785,-0.364438469,1.698101267,3.612598955,0.104372098,3.360721817,-0.95944792,2.695336823,-0.154047377,0.782816993,-1.427675992,4.909690352,-0.305761334,-0.553549361,2.736712391,-0.163919918,-0.329941396,-0.435076388,0.03279653,-0.220418797,0.649255564,0.010985866,-0.587988241,-2.578379423,0.052028475,0.008768071,0.322961733,1.406349363,-0.30692675,-0.173546638,0.647627069,-0.875903328,-0.355548887,0.98437761,-0.670977174,-0.154688396,-0.609696858,-0.790859481,-1.650626005,-0.550949111,1.139399868,-0.047593344,-0.530620588,-0.570618045,-0.695971998,-0.499219396,0.047263256,1.715532521,2.844360345,0.748793065,-0.14495345
7Networks_LH_Vis_9,0.12862242,-0.084425527,-0.089868944,-0.056570541,-0.307081486,0.248041844,-0.841119268,-0.051577164,0.703617631,-0.293630597,-0.016771092,-0.084668328,-0.599426346,0.910119044,1.120369857,0.387011254,0.107237057,-0.210447568,0.612687675,-0.281582375,1.071197995,0.38835315,0.001750078,-0.441828931,0.489713695,0.539171838,0.039792122,-0.495529527,0.279837707,-0.175347413,-0.087533918,0.68076714,0.909147747,2.040179498,0.083536759,-0.116512924,-0.429804097,-0.135478714,1.284850378,0.390935114,0.645879276,-0.538779159,0.887535058,-0.114222032,-0.905136742,0.30293086,-0.937865635,0.885301674,0.192723644,-0.495391272,-0.083862583,0.90696073,-0.795630236,-0.218672077,-0.0370081,1.167690137,0.306865554,0.104185286,-0.41678625,0.172110785,-0.853422802,0.100312774,-0.5554943,0.299468393,-0.31413478,0.027058023,0.99251081,0.324367681,0.347366242,0.08762631,-0.491342755,-0.657886576,0.097726698,0.480017134,-0.166956376,0.626100938,2.659384972,0.571734636,-0.827992958,1.652529079,0.772523818,0.544128532,-0.509212565,1.716351356,0.372354636,-0.839068542,0.511190279,1.206792071,0.638579375,-1.348981325,-0.501053493,-0.240064415,0.767288599,0.100482924,-0.609385413,-0.945033115,1.24375156,-0.372426921,1.002187318,-0.039558591,0.033225034,-0.289497066,0.124414744,-0.173123438,0.463656417,0.257389948,-0.714790651,-0.159981852,-0.061466302,-0.671059651,-0.793053723,-0.682249947,0.39626827,-0.256831506,0.081392425,-0.245854204,-0.92938746,0.074198942,0.007475582,0.534690266,0.254968166,0.862213457,0.044381635
7Networks_LH_Vis_10,-0.35647861,-0.135049575,-0.879779016,0.137929524,-0.323460755,0.042516971,0.218250096,-0.107476189,0.039152472,-0.346460614,-0.61474921,0.126419364,-0.906004669,-0.425993307,0.346551035,0.063007404,-0.582536618,0.585024038,0.126371169,0.571568156,-0.004370578,0.014752439,-0.239254146,0.030167515,-0.148871054,0.258118855,-0.549121091,-0.656039247,-0.202525576,0.232062058,0.578021474,0.801267777,1.547744532,-0.081572378,0.718354496,0.115875371,0.339858381,0.147035303,0.016411191,-1.02790029,1.371069885,0.768880398,0.568977577,0.425434515,-0.752125276,0.970175778,0.440332942,0.378532356,0.845473966,-0.679230823,0.728559778,0.242399288,-0.639132241,-0.072445545,-0.212477885,-0.396625179,0.083759394,0.126757191,-0.277824495,0.147511407,-0.209620433,-0.053055637,-0.613054511,0.133805047,-0.093455776,1.210272007,0.814174463,-0.098830641,0.732069627,0.146173722,-0.252500149,-0.392567837,0.916022529,0.481924055,0.682705707,0.281411248,2.985403493,-0.431584445,-0.39353081,0.023435878,0.529061161,-0.237523102,-0.167429805,0.401874031,-0.636034465,0.794183276,0.585473208,-0.215302421,0.333621439,0.097282095,-0.40555405,0.391559033,0.723130311,0.536374129,-0.14843549,-0.863870104,-0.225080558,-0.234859387,0.294190074,0.028276633,1.629759865,-0.223081424,0.47867405,0.367509226,0.324281772,0.364681791,0.275188387,1.323488409,0.162056919,-0.526693647,-0.330803174,-0.190109911,0.338676819,0.126910946,-0.152237945,-0.014091456,-0.43503676,0.292957808,0.727771227,0.428202118,-0.203978778,-0.127066281,0.110202581
7Networks_LH_Vis_11,-0.082955531,-0.407308347,-0.203297818,0.646555314,-0.724145955,0.921685587,-0.077243443,1.177455094,0.637726767,-0.640686667,-0.266932877,0.120925886,-0.657611621,-1.117776282,1.159270972,0.122313966,-0.43009483,-0.368789096,-0.13627309,-0.176354297,0.686527893,0.56488286,0.512717589,-0.562468122,-0.309446381,-0.669682661,-0.529965294,0.07131116,-0.135076817,0.119402506,0.663934803,1.73804143,1.353023414,0.428678259,0.975667626,-0.414382903,0.250862175,0.295947584,0.676091144,-0.968667944,0.958517253,0.216626957,1.537948459,-0.123066491,-1.059377976,0.789171761,-0.58236118,0.624713853,0.377346124,-0.860277806,0.041723022,0.213475291,-0.662582343,-0.371072331,0.382017435,-0.424522338,0.462801304,-0.620090037,-0.973190671,0.792850994,-0.824135921,-0.664461452,-0.021732628,0.166437386,-0.103332248,0.102562894,1.726073796,0.19561153,0.79208617,-0.084565207,-0.347769058,-0.644312866,-0.455940355,0.270326459,0.213123082,0.04072928,1.61149243,0.254368868,-1.066625717,0.295698945,0.16279456,-0.553857486,0.138782791,0.059830375,1.238051143,0.550000589,0.366889135,0.769890924,0.536556014,-0.060515049,0.283504564,0.223462927,1.141225459,1.444704572,-0.492066105,-0.702619576,0.063563602,0.923368132,1.074131866,1.225399503,1.188901641,0.251016335,0.22481117,0.095972709,1.129416551,0.043351973,-0.018596249,-0.025485957,0.414423131,-0.036236232,-0.982832701,-0.364896837,0.338049743,-0.049873514,1.008210309,0.403669351,-0.501509198,-0.213720791,0.606921322,0.93464962,-0.364991076,-0.334971495,0.331368313
7Networks_LH_Vis_12,0.506828932,0.224952982,-0.567465087,-0.106095985,-0.667029923,-0.540429948,-0.771406757,-0.023226039,0.245264996,-0.282366681,-0.170741158,0.222647408,-0.367295412,0.518077776,0.237273136,-0.13877494,0.254041232,-0.157667268,-0.154896549,-0.287497443,0.766175793,0.535959426,-0.029482033,0.010724495,-0.05982916,0.13131269,0.453010085,-0.250551236,-0.214059155,-0.138160674,0.164945101,0.028996956,0.603211324,0.460592057,1.199468546,-0.157772866,0.828123918,0.177907525,0.54832219,0.040023771,-0.097939453,0.092876913,0.426961819,0.202658934,-0.628797435,0.231683652,-0.33814818,0.322637366,-0.101999483,-0.236242622,-0.490994325,-0.077159572,-0.669575814,-0.427849841,-0.272699205,0.659475013,0.731026379,0.484836593,0.095120477,0.605766173,-0.810620649,0.980687207,-0.083167914,0.556571722,0.276031618,0.51506579,0.214260102,0.145533133,0.401357389,0.024977623,-0.572356663,-0.376975268,-0.017437764,-0.71987904,0.415259042,0.68066376,0.442019383,0.852710025,-0.92367995,0.460410307,0.30285588,0.131314169,-0.318788529,2.152703031,0.023254093,-0.733578678,0.812652864,0.014932961,0.566123315,-0.241608741,-0.409852977,0.35147375,0.229742314,-0.119452654,-0.566583907,-0.873991397,0.40091074,0.054891059,0.046342174,0.146598916,0.060286836,0.203569105,0.764582929,0.009401345,-0.141935407,0.38702819,-0.431482013,-0.100433247,0.114889683,-0.554004467,-0.794202867,-0.158453855,0.365881134,-0.030136392,-0.244767431,0.279492938,-0.536556492,-0.303888756,0.309397205,0.661827504,-0.002182461,0.479005356,-0.151948898
7Networks_LH_Vis_13,-0.539533665,-1.036977389,0.34135245,-0.218443993,-0.350844152,0.292257735,0.058848436,-0.117631616,2.681876245,0.614822756,-0.386851763,-0.154007094,-0.946850986,-0.758996755,-0.33337529,0.920982239,-0.342519602,0.746409393,0.880638436,-0.250979426,0.466315679,0.584876223,-1.099532087,-0.295766185,-0.123021183,-0.312813788,-0.325293039,0.686352241,-0.887798558,-0.70981806,-0.729380084,2.476821195,2.945377932,-0.152509584,-0.195441288,1.22521119,-0.618145025,0.203032935,0.425981591,0.321481554,0.036321252,0.549199408,0.483834309,0.768812216,-0.412753092,0.245215352,-0.012869352,0.9457248,1.232158404,-0.356599589,0.224863457,-0.429629107,-0.063779729,-0.609596785,0.129211523,0.002843414,0.991575793,-0.945277598,0.442993443,0.706212338,-0.573799427,0.086474203,-0.304858324,0.178257871,0.501417925,1.014377827,2.991096737,0.1981984,0.264849005,0.162388604,0.045871309,0.26027959,-0.783118031,-0.899204238,0.331273423,-0.312793934,3.632929479,-0.515141613,-0.641078233,-0.559785072,0.197563392,-0.143358615,-0.44685946,0.371375695,-0.190721663,3.230119184,0.790165626,0.487494494,0.547237547,-0.828792154,-0.250575616,0.789157508,2.705329437,0.125641752,0.553568962,0.505548321,0.917923149,-0.264547489,0.361337349,-0.335466754,0.959650996,-0.202498002,0.277725496,0.10589545,-0.040889564,-0.564001266,-0.392361755,0.28501746,1.137944194,-0.994885573,-0.165462063,-0.423335359,0.954541899,0.388805966,-0.618819839,-0.79933681,-1.101077296,0.054701506,-0.731784372,1.144706166,0.124123731,-0.037870426,-0.192774597
7Networks_LH_Vis_14,1.666078762,1.277975589,-0.634181163,-1.082224701,-1.162565286,-0.208314706,-0.785337417,0.694999047,0.5982471,-0.368175927,-0.803902057,0.870298679,-0.770956732,0.228525205,0.08036036,-0.829251579,-0.569670621,-0.370324011,0.913609172,-0.272856706,-0.310751169,-0.482618384,0.522554501,0.478999803,-0.064204037,-0.281279902,0.190033401,-0.315584269,-0.843075709,-0.482274717,0.45015629,0.925199733,0.088536612,0.064370528,0.296351553,0.410502899,2.777123206,0.566412421,0.79218393,-0.091374393,0.228045405,0.33910637,1.465529988,0.476831358,-0.618614205,-0.172409938,-0.482793534,-0.610798689,-0.390409273,-0.307606707,-0.38910758,-0.15412895,-0.691246551,-0.254673364,0.357475879,1.232925267,0.462435594,1.315061767,0.190598987,0.012397084,-0.461450675,0.223049966,-0.345248258,0.359871719,0.252029803,0.626509486,0.189741033,-0.523126169,0.230438435,0.229027964,-1.149757933,-0.665763319,0.153442772,-0.566352779,0.505786545,1.154059763,0.034676866,1.40905339,-1.581873339,2.133854334,0.080361957,0.36294064,-0.790313955,2.798730993,-0.213720707,-0.571411781,1.38968641,-0.321762139,-0.322943851,0.086844184,-0.587660593,0.014228297,0.562026336,-0.664605616,-0.160059686,-1.771378703,0.077815761,-0.061868679,0.075535035,0.2176502,0.142535054,0.75683734,0.020973551,-0.530338155,-0.111704529,0.705751254,-0.280500099,1.148390928,-0.156799983,-0.433018596,-1.217158327,-0.316813791,-0.168934329,-0.41705472,-0.923658565,0.52647277,-0.342395118,0.820280343,-0.545423948,0.332783813,2.312659237,0.179948785,-0.102970212
7Networks_LH_Vis_15,0.147750687,0.090248308,-0.305185301,0.182605505,-0.377494586,0.068942124,-0.749893789,-0.035712868,0.34983105,-0.214986617,-0.087180502,0.351731145,-0.904186963,-0.006718188,0.994252055,0.342160747,0.298591073,-0.425908918,-0.241198047,0.090470865,0.593616354,0.570105012,0.151130329,0.259245801,-0.326520904,0.136127712,0.958145659,-0.063533605,-0.072450021,0.003704347,-0.291872575,0.765233331,0.012593995,0.024293281,0.271189683,-0.167224136,-0.308618367,-0.316658982,0.522261458,-0.37865988,0.822421659,-0.268352297,0.449412747,0.001023568,-0.383875704,1.282762833,-0.350078101,0.167534648,-0.238832346,-0.39224883,-0.408454917,0.317456458,-0.668019497,0.045260086,0.31675971,0.472367017,0.153247765,0.57961865,0.202267955,-0.02250868,-0.474610091,0.544085579,-0.384019639,1.08779368,0.270781916,0.050516961,0.313707471,-0.160066515,0.869338608,0.409934062,0.065317818,-0.557607851,-0.381613324,-0.338379685,0.008841641,0.002705591,-0.124067553,0.387972766,-0.573659829,0.310200147,0.385773748,-0.460918627,-0.348650169,1.017144366,0.394907907,-0.321439125,0.402945152,0.454801811,0.168740143,-0.467862929,-0.407364218,-0.283608573,0.460842742,0.214163368,-0.177643702,-0.847317781,0.62359182,0.023578611,0.57068641,-0.506795338,-0.247993015,-0.027172394,0.139295225,0.046908992,0.10289743,0.083898419,0.013607512,0.802222811,0.77319944,-0.659970594,-0.803250644,-0.391161926,0.742813441,0.105048603,-0.01688971,0.082593163,-0.736371052,-0.158363725,0.130283886,0.193233021,0.174683021,0.008650666,0.435954063
7Networks_LH_Vis_16,-0.161045974,-0.774367735,-0.08641368,-0.360740682,-0.141243154,-0.225948796,0.411459684,0.466141586,0.576557315,-0.056340012,-0.661408437,0.921390176,-0.52386667,-0.361816265,0.267591005,-0.033490107,0.418613896,0.10463373,0.307441529,0.234191206,0.617288205,0.257708262,-1.081587889,-0.348201876,0.534806451,-0.122103859,-0.071154214,-0.03649291,-0.64339274,0.25427384,-0.348726132,1.101083588,1.43894837,-0.420064219,1.095975884,-0.026905293,-0.080595597,-0.573799467,0.800917383,-0.714196221,0.920107359,0.454586946,0.904458781,0.084203208,-0.425721344,0.922365594,0.214731629,-0.175004678,-0.044948554,-1.120320828,0.236939928,-0.336675889,-0.429070582,-0.490279908,0.11491963,0.185037367,-0.376074716,0.17080629,0.26780616,-0.196065537,-0.583944766,0.157168983,-0.939158686,0.524845741,0.18765919,0.933367973,1.603267713,0.588866516,1.007036666,0.419183052,0.081297785,-0.209552967,-0.162058923,-1.042471643,0.529381739,0.154199194,3.886409484,-0.253339858,-0.483400215,-0.655366997,0.559891635,-0.466546971,-0.24490111,0.141368226,-0.530134805,1.691661095,0.835985723,-0.817644685,-0.143802605,-0.444458046,-0.80739765,0.401440687,1.53696554,-0.505322499,-0.780994437,-0.72060726,0.013467626,-0.215599287,0.139802497,-0.025480054,1.534060434,-0.280251002,0.621078619,-0.236285552,0.055734056,0.263206491,0.235379131,-0.139864338,0.386324113,-0.445568617,-0.263330519,0.334586492,0.097846249,0.963939466,-0.230574261,-0.33972133,0.399491075,-0.030424468,0.998046554,0.549017967,0.145436198,-0.083412751,-0.071149552
7Networks_LH_Vis_17,4.655024551,0.663906776,-0.515130111,-1.180316915,-1.650628975,0.514845514,-1.613474056,1.589052969,-0.412904904,-0.390686281,-0.305472635,-0.214842355,-1.107298114,1.053202927,0.727521156,-0.825621801,-0.374117542,-0.088719287,0.202095032,0.541614858,-1.743369442,-1.838865655,1.341243753,0.269509068,-0.124726291,0.079147636,0.101170986,-1.08295676,0.085503583,-0.526653339,1.44987669,-0.624277116,-0.898914017,-0.401024319,0.720245783,-0.309244464,0.552325215,0.514610674,0.094134429,0.292352148,1.586761338,0.121846001,3.456096795,0.035534305,-1.081915306,0.65015802,-0.886923642,-0.162222808,0.146025184,-1.145148665,-0.77908711,1.247023935,-0.389414094,0.292321336,-0.607143467,0.09506986,-0.130945647,-0.226657426,-0.537426079,-0.698603785,-0.721331666,0.627788309,-0.628549846,-0.726844614,0.575101902,0.169140689,-2.2522441,-0.580427696,0.52975599,-0.58926222,-1.498690814,-1.007220513,-0.01323368,2.264963454,2.842049308,0.807636004,1.183796391,1.885553017,-0.333852947,4.85481984,0.976992109,-0.727965908,-1.414346237,0.511526521,-0.012950478,-0.836148536,1.184362595,-0.519400418,-0.388538786,-0.383911586,-0.471517288,0.342957033,-0.44672467,-0.614972802,0.082229254,-2.564472867,-0.756001479,-0.157675631,-0.170316071,0.637135965,0.050278354,-0.863933506,0.305766765,-0.679060557,0.431183062,2.077348158,-0.351482827,-0.525800152,-0.547820985,-0.421725494,-1.838371936,-0.452664131,-0.145842579,0.370881571,-0.802373278,-0.59401456,-0.02306712,0.252879154,-0.539216223,1.680848174,3.256729724,0.089969452,-1.92783474
7Networks_LH_Vis_18,0.181910092,-1.093289866,-0.530543141,-0.110746308,-0.14225751,0.240804565,-0.257839021,1.011849198,0.35202071,0.075221951,-0.134391421,0.014137567,-0.91795278,-0.747255567,0.562620396,-0.199431935,-0.23532984,-0.438431248,0.273720503,0.441307617,1.005205205,0.728533069,-0.070402947,0.307733817,-0.491698744,-0.600853452,0.105444734,0.438356086,-0.292630539,-0.148134301,-0.183640175,0.808124788,0.820663124,0.746157958,0.721910579,0.224309649,0.416025627,-0.207814063,0.221199507,-0.642074955,1.128736498,0.27332863,1.592785861,0.142977534,-0.545558613,3.063089039,-0.862835458,0.533137643,0.568658729,-0.866386386,-0.519030101,0.622255673,-0.867693815,-0.296746711,-0.286896614,0.459808056,0.288346725,0.159300873,-0.185410091,-0.019942717,-1.197651163,0.246910506,-0.979892554,0.016214548,0.577785341,0.314077324,0.250882786,-0.272269295,2.994240729,0.405200745,-0.627927385,-0.881202879,-0.513181493,0.262150064,0.260491826,-0.291177375,0.868540208,-0.14403051,-0.673253256,0.188008756,0.134069522,-0.390047722,-0.364079892,0.245607255,1.373537406,-0.32392858,0.449870245,0.307965631,1.095590241,-0.678531294,-0.39872719,0.054592906,0.375432704,0.576441536,-0.437054898,-1.258362727,0.199451227,0.663129564,0.650368779,1.008979129,-0.130150058,0.347797271,0.443519585,0.394350281,0.340083737,1.000844127,-0.663565439,-0.074158287,0.321523869,0.560389829,-1.050695103,0.009831617,0.212239319,0.390047789,0.549389716,0.694123616,-0.464411582,0.375496757,0.082193863,0.000218763,0.763815049,0.018160277,-0.083975178
7Networks_LH_Vis_19,1.194859482,-0.637088666,-0.90268408,-0.0290644,-0.633432811,0.169973679,-1.176314459,0.309399889,0.025509699,-0.448800171,0.085754673,0.732709964,-0.907437002,0.018234908,-0.080431313,-0.140866229,0.219142086,-0.357220175,-0.053753999,-0.22551208,0.85543164,0.464859817,0.72778511,1.217905811,-0.089340593,0.194649717,0.404050962,0.44701469,-0.696804682,-0.486704877,0.494686639,0.795729826,0.352078944,0.440931618,1.248616161,0.117918243,0.170879578,1.456644406,0.407221755,-0.739162,0.624121112,-0.013595103,1.108924097,0.85169028,-0.419124032,0.345646963,-0.190225953,-0.47373101,0.02555379,-1.070251684,-0.408043696,0.345340872,-0.311670978,0.375830581,-0.027727302,0.618745701,-0.137108166,0.33463073,-0.203977138,0.370970195,-0.922470205,0.54011589,-0.86118644,0.025702568,0.227101468,0.975756037,0.19888293,-0.244469364,0.60150049,-0.303619581,-0.601295539,-0.694717544,0.032676826,-0.951507923,0.058013679,0.602061756,0.501983232,0.899349848,-1.256393283,1.244314528,-0.003636825,0.16887252,-0.929062662,2.369512085,0.255091903,-0.478095076,1.570371089,-0.01883432,-0.126679115,-0.670952946,-0.541943928,0.745222937,0.848853209,-0.226754646,-0.292213784,-1.078913812,0.516930201,0.23797042,0.198586681,0.901833152,-0.261377651,0.502393307,0.403820425,-0.44709218,0.060783533,0.218850003,0.048630106,0.352459668,-0.038423679,-0.580728655,-0.970440857,-0.239318118,0.418800843,0.004097494,0.071016279,0.043697009,-0.654070457,-0.485317554,-0.486633237,0.294530092,0.466579805,0.724841825,-0.205420539
7Networks_LH_Vis_20,-0.78524252,-0.19334363,1.232511017,0.345901048,-0.082032413,-0.448134221,0.581657385,-0.38964333,3.307633495,0.188422978,-0.256294455,0.122325789,-0.900754025,-0.885026753,-0.154015098,-0.054526568,0.609059305,-0.273022261,0.24890668,-0.382628108,0.605906371,-0.019587903,-1.301156507,0.241100116,0.241836105,-0.301577001,0.182379645,0.30109108,-0.020439615,0.459827621,-0.584771229,0.68988475,3.235438166,-0.549859262,0.100188939,-0.135151193,-0.050910356,-0.284294552,0.754420732,0.366928575,-0.280983013,-0.046824968,0.054487327,0.20227636,-0.261691765,0.436083424,0.427084022,-0.16222976,0.453444289,-0.655393315,0.312047075,-0.263406167,0.471347007,-0.30093355,-0.343500915,0.386006472,-0.574223918,-0.524625795,0.16187409,-0.137949309,-0.15472059,0.165671209,0.039739015,-0.026608457,0.906698123,1.193839026,2.641373597,1.246523819,0.642163524,-0.244780702,0.357803112,-0.180999615,-0.861272711,-1.663966291,-0.321253151,0.161630034,3.89933668,-0.106488011,-1.010195963,-1.106339129,-0.397450006,-0.52242915,-0.073202556,0.408737446,0.247045967,2.40521411,-0.113906074,-0.857815522,-0.378948079,-0.215138526,-1.082526017,0.919995009,2.245859098,-0.153060265,0.108224672,-0.384753932,0.279134133,-0.296311387,-0.73094541,-0.657068393,1.465322435,-0.007109709,1.332746419,-0.277121588,0.360789931,-0.129279108,-0.632112088,-0.393496243,0.483960017,-0.408096153,-0.207817941,-0.197077321,0.727489299,1.506890346,-0.256323516,0.246473272,-0.628879959,0.474116469,0.122054726,0.32858829,-0.220288468,0.435143902,0.164510458
7Networks_LH_Vis_21,-0.416129428,-0.289018524,-0.020277992,-0.143940125,-0.519866686,-0.4710101,0.645886174,1.128812946,0.642821036,-0.808778364,-0.276467074,0.21477044,0.055897593,-0.474572096,0.212998165,-0.486135206,0.612077384,-0.335181467,-0.507848678,-0.493475948,0.199253062,0.055759102,0.230668607,0.290955499,-0.220138779,-0.399345256,-0.507750061,0.554491295,-0.797178985,-0.295048654,-0.076923375,-0.040172863,0.564259608,-0.335730528,0.230567758,-0.107887008,-0.077054515,-0.239099691,-0.041393122,-0.512504715,0.610831475,0.467940184,1.350267354,-0.30397284,-0.484318919,1.211324862,-0.349656484,-0.049986786,-0.014565368,-0.511060231,0.196550842,0.885778268,0.469972864,0.094028687,0.330021805,0.28501254,-0.735757516,0.613010008,-0.262771566,-0.270418469,-0.848091237,-0.060222144,-0.28858923,1.203458499,1.161881193,0.126065757,1.190181357,0.093410377,1.46909297,0.689439326,-0.414933628,-0.523261628,-0.634725455,0.196919602,0.109695457,0.371046503,1.552659365,-0.269072613,-0.365972196,0.264619244,-0.103562813,0.301954815,0.076284096,1.270767974,0.534178121,1.527671689,0.074569502,0.077497764,0.034353058,0.202476291,-0.260150798,0.026581684,1.248487921,-0.036681214,-0.824057419,-0.968575601,-0.216535135,-0.168020988,0.968738532,0.436970928,0.735592423,-0.309067902,0.517531223,-0.758347362,-0.638162598,-0.062076894,0.276699864,0.578787465,0.874452188,0.024222775,-0.996897209,0.305953181,-0.095662225,0.760433757,0.605657302,0.259911134,-0.450740265,-0.222536922,0.037452909,0.950844513,0.60453533,-0.352616705,-0.215554682
7Networks_LH_Vis_22,0.199990968,-0.602467047,0.521961258,0.425352859,-0.036507922,-0.304719026,0.881887,0.512533592,0.167479196,-0.772266946,-0.48016353,0.310910087,0.125307258,-0.163085245,-0.061860451,-0.349139776,-0.000302109,-0.187286829,0.022896572,0.138443043,0.523733897,-0.140639877,-0.410650915,0.211081163,0.308398908,0.151435006,-0.126928327,0.228154253,-0.479279374,0.452622732,-0.227729824,0.522490725,1.365563155,-0.165725926,-0.276726311,-0.273359983,-0.344314373,0.720192419,0.82985685,-0.364214525,0.452979343,-0.198403367,1.153168143,-0.045916319,0.498299822,0.527668501,-0.55923393,-0.154702637,-0.410317253,-0.744867353,0.173782348,-0.619647469,0.338518622,-0.569651174,0.133254296,0.258343379,-0.188185226,0.30441231,-0.366676715,0.298670168,-0.40480428,-0.31084274,-0.588310062,0.365386881,0.846740005,0.700844284,0.275544873,0.174127956,0.986004221,0.646876126,0.030701037,-0.603205261,-0.550906569,-0.527201786,0.19174838,0.647268399,3.404932296,-0.319835405,-0.024206336,0.647207094,0.627859247,0.253840904,0.092246528,0.306697708,-0.528128423,0.627321067,-0.330019004,-0.35942009,-0.232466072,-0.518734868,-0.08951458,-0.115607295,1.182810972,-0.045730932,-0.252946586,-0.003792253,0.081481236,0.166960199,0.069137121,-0.38928746,0.369477446,-0.58765402,0.801583492,-0.193697985,0.804947058,-0.207599829,0.268384185,0.765573836,0.550708403,-0.171077735,-0.335185374,-0.372764042,-0.223981968,0.620627286,0.20637824,0.589457501,-0.385381991,0.047293975,-0.526397828,0.209748347,0.685152481,-0.453056416,-0.851030388
7Networks_LH_Vis_23,0.694381393,0.147042779,-0.157516071,-0.41520585,-0.920806683,-0.641925725,-0.565796549,1.876897128,0.750829115,-0.252469809,-0.486755249,0.155771574,-0.312447913,-0.25497155,-0.079371447,-0.339009628,0.431899687,-0.262185519,0.170280011,-0.209836766,-0.499127054,-0.739349066,0.441846808,-0.016106185,0.90050576,-0.228952031,0.768051649,-0.3836314,-0.465809516,-0.366439409,0.644323433,1.510914498,1.31321226,0.149939432,0.193710661,-0.009259508,0.129368893,0.000387616,1.16896977,-0.04911904,0.275130755,-0.197262021,1.299971177,0.410332953,-0.862557488,0.442906811,-0.650116415,-0.60418184,0.249794153,-0.51327537,-0.454796227,-0.360816088,-0.39364576,0.298457485,-0.186327826,-0.022723831,0.459944811,-0.073970266,-0.261043278,-0.316988255,-0.898292118,0.543045916,-0.676335328,1.254289653,0.081477127,0.27187701,1.372212978,0.151317261,1.060615582,-0.049865678,-0.851147553,-0.729725691,-0.425096132,-0.70240719,0.365919436,1.097819216,1.891609973,0.960529299,-1.268570357,1.432627099,0.363376799,0.027842366,-1.026990732,0.665275385,0.036116835,0.051184738,1.273139021,0.359632091,-0.543694158,-0.193394863,0.15388452,0.832447873,0.98855294,-0.209261094,-0.695949911,-1.468085386,0.568913356,0.320731557,0.133770013,0.991065255,0.956860782,-0.357491644,0.270754334,-0.129564098,-0.000710702,1.38073537,-0.67300879,-0.079087415,0.696532178,-0.499340102,-1.314703323,-0.102450112,-0.097440461,0.669877811,0.226702097,-0.011178465,-0.59119954,-0.343584273,-0.393503588,1.085054737,1.384290848,0.534080595,0.399031504
7Networks_LH_Vis_24,0.84650584,-0.349794698,-0.298168617,-0.648939826,-0.607108433,0.410109864,-0.77049671,0.792618148,-0.229817881,-0.174320489,-0.418623343,-0.105916759,-0.895306389,-0.255085422,-0.221630963,-0.568511327,0.046856508,-0.366649372,0.093257414,-0.210728031,-0.045018634,0.074626426,0.541510941,0.702114131,-0.524407721,-0.292237341,-0.619771444,0.188997534,-0.075354511,-0.639714053,0.476343757,0.237602128,0.200540035,-0.342681653,0.887499219,0.37635528,-0.267763,0.215177372,-0.122102745,-0.011609851,1.03887576,-0.152485729,0.883578804,0.950873905,-0.242166736,0.63716971,-0.038034869,-0.24841899,0.276737175,-0.158599728,0.170673986,0.188247673,0.164253582,0.166736411,-0.238952372,-0.08501311,-0.369940729,0.365119443,0.527796226,-0.151216041,-0.370424294,0.649435324,-0.982608455,0.268789466,0.273372739,0.925660555,-0.311565683,-0.378130393,0.399903907,0.086377682,-0.470647009,-0.708389945,0.133112571,0.23965293,0.323112234,0.584448311,0.69301375,0.00138947,-0.657233523,1.069791915,0.602091712,-1.042937752,-0.31357288,0.70355685,0.254066116,-0.492289201,-0.353692022,-0.087407096,0.104466552,0.228750091,-0.050318342,-0.24766446,-0.054566645,-0.290145883,0.57564145,-0.94165593,0.294105582,0.346964676,0.050804723,0.641396996,-0.090964747,-0.040568531,-0.035945951,-0.434963953,0.270997814,1.209648843,0.606979019,-0.368815922,-0.136642144,-0.206719302,-0.349466433,-0.125179764,0.246414434,-0.188816477,0.315911946,0.591805373,-0.047494729,0.01506682,0.092869588,0.268549461,1.096621639,-0.152863984,-0.346230486
7Networks_LH_Vis_25,0.026109033,-0.48516643,-0.278513444,-0.321074342,-0.379964985,0.201014043,0.260245961,0.235344714,0.153790543,-0.017203659,0.341292051,0.531032037,0.005188395,-0.561761508,0.803860157,-0.40624028,0.025153444,-0.005268079,0.166514319,0.359743338,0.270148715,0.594691841,0.272812372,-0.155428282,0.288218229,-0.006048314,-0.672118136,-0.193164891,-0.413223871,-0.387621127,0.399497999,0.175204615,1.201261367,0.177243092,-0.240065382,-0.531460497,-0.695148062,-0.117324314,-0.251486699,-0.520784551,0.871079777,0.127356227,-0.015711612,0.071360579,-0.36223397,1.07780372,-0.268325518,0.380615423,-0.088512098,-0.185762864,0.488406666,0.428386557,0.20129501,0.482630392,-0.202377811,0.069751417,0.556253728,-0.15474489,-0.217945604,0.23304046,-0.352580362,0.129253389,0.18013892,0.028117777,0.34078744,0.339077183,1.103714432,0.024556918,0.982422201,1.176406769,-0.621441926,-0.463280521,-0.316511008,0.090038979,1.222380962,-0.044228893,1.368914444,0.567475332,-0.688273516,-0.136070953,0.463785755,-0.021899284,0.179663311,0.490390348,0.169787068,-0.383265219,0.257264945,-0.176140276,0.18523468,0.260277623,-0.291006672,0.168430592,0.499936437,0.188027239,-0.389143878,0.340605324,-0.325321031,0.058548993,0.214037692,0.370098978,-0.183876962,0.681477086,0.151038571,-0.489301178,0.075289978,0.323728395,-0.147720117,-0.480285546,0.05707444,-0.425035266,-0.163779619,-0.261855914,-0.012618133,0.141273964,-0.34363887,0.404120018,-0.268746964,0.124500046,0.013906446,1.073798748,0.551914157,-0.173980002,-0.198899751
7Networks_LH_Vis_26,-0.750859325,-0.680472581,-0.438751953,0.151328631,-0.607716438,-0.210265238,0.422486878,0.332404624,2.35318377,0.051756159,-0.070773541,0.238191508,0.282731352,-0.492238629,-0.205691286,-0.300655136,1.228037758,-0.512468182,-0.281053654,-0.542332676,-0.143127835,-0.216782942,-0.091208915,-0.270702864,0.260493509,-0.564997345,-0.698443956,0.284986438,0.275725405,0.798905809,0.228727872,0.682666988,1.964774931,-0.157138314,-0.061340074,0.563681012,-0.664555562,0.083470924,0.497993898,-0.373325059,1.039034551,-0.0649041,-0.11956941,-0.690469344,-0.179942404,0.530494767,-0.16868032,-0.191067391,0.795384683,-0.222890361,0.273650384,-0.248658269,-0.47334454,0.584611995,-0.604091015,-0.342840802,-0.51256471,0.018806516,-0.0928108,-0.052539768,-0.212410737,-0.198760069,0.224902794,0.95443834,1.208482466,-0.036032158,1.48559377,1.105265985,1.04692123,0.076728296,0.106005681,-0.559603851,-1.005087322,-0.775533842,0.101242998,0.290653772,1.881934732,0.540754924,-0.100148038,-0.511138954,0.521179059,0.104268164,-0.118498445,0.421110066,-0.128016774,1.29431742,-0.363710864,-0.445269852,0.01404902,0.086389323,-0.101607979,-0.178072079,2.147147201,0.023333493,-0.298630053,-0.337076616,-0.071805564,0.381915193,-0.014183263,-0.479809148,0.944830771,0.322846072,0.053429613,0.15214379,0.589169466,0.139407967,0.437692612,-0.095585689,0.441019767,-0.265269409,0.066270426,0.262679672,0.062766996,1.128721342,0.457731438,0.271136817,-0.27975797,-0.158263664,-0.266867985,0.307805262,0.712863172,-0.504032991,-0.376835861
7Networks_LH_Vis_27,0.466781161,-0.821787481,-0.447412395,-0.488567134,-0.952856056,-0.255815341,-1.09904898,1.934539928,0.150952935,-0.439200804,-0.135951774,-0.354423921,-0.869680618,-1.198294678,-0.376303908,-0.535696363,0.028165282,-0.512291004,0.068068896,0.345188204,-0.202018392,-0.006525418,1.131346209,0.432517375,-0.224079188,-0.873689959,0.027678138,-0.089460806,-0.896929338,-0.250033207,-0.5424491,1.986137178,0.281800011,-0.398737859,-0.202150179,-0.508405663,-0.225930115,-0.078970996,-0.195049111,-0.687818357,1.60794232,-0.009132629,1.522008684,0.732429337,-0.131376848,0.640165183,0.034656624,-0.100096322,0.146695371,0.277150192,0.071313582,-0.348913595,0.500075933,-0.54015471,0.555474422,-0.395310849,-0.686785406,-1.078799373,-0.677257414,-0.240567957,-0.859800906,1.470066023,-0.990905847,1.325921658,0.734097863,-0.463764568,1.285307459,-0.910490106,1.023991497,-0.070264101,-0.430145913,-0.882468214,-0.24295187,-0.382738592,0.742567228,0.070981348,1.733169871,0.677032591,-1.394268481,1.456267836,1.030021669,-0.162261225,-0.495002787,1.351492582,0.335057908,-0.171032424,0.12036162,-0.09999149,-0.737109202,0.552530008,0.423535409,0.712294664,0.688773561,-0.524647585,-0.278732342,-0.745758897,0.098203208,-0.475082772,1.392975551,1.837904636,-0.526891207,0.100238154,0.962864408,-0.398621299,-0.36943342,3.225689643,-0.494737407,-0.968847651,-0.146513788,-0.45806008,-0.647840958,-0.49306519,0.375050544,0.346545218,-0.30894407,-0.067265189,-0.378818684,-0.650857756,-0.563198382,1.13142063,1.824238122,-0.313890177,1.165066747
7Networks_LH_Vis_28,1.055899925,-0.112818511,-0.269590504,0.417087848,-0.712637793,-0.668646633,-0.912684151,0.855591803,0.96751964,-0.366204619,-0.036799294,0.370335289,-0.2798913,-0.785993215,-0.448012379,-0.118062866,-0.024482125,-0.018951594,0.306900804,-0.584637009,-0.049995111,0.264889881,0.783565927,0.461958004,-0.082177904,-1.022970762,-0.002034843,-0.119191518,-0.867447389,-0.519760329,0.2367952,2.267122025,1.80637351,0.173700208,0.098227775,-0.743430364,-0.216204658,-0.334452774,0.617733341,-0.834421434,0.132849803,0.064884613,0.601399239,0.907353026,-0.702959954,0.602797304,-0.603793893,-0.045735928,0.690299225,-0.769660856,-0.077817891,-0.512333077,0.209872065,-0.372975437,0.629591802,1.206493491,0.420861507,-1.357189467,-0.454549476,-0.576572548,-0.966500543,0.332760458,-1.061728961,1.385430493,0.510893876,-0.582482466,2.493986017,0.060901078,0.880368917,0.096375222,-0.69454038,-0.826528657,-0.455432934,-0.927273515,0.500240543,0.054570799,3.835919193,0.609172143,-0.616054229,0.803794868,1.136853398,0.058854216,-0.934434781,0.276141212,0.608044481,0.872379139,0.963613632,-0.16607324,0.171956997,-0.29453364,-0.278650897,0.428634385,0.992231303,0.075062174,-0.367078422,-0.576536595,0.378288616,-0.361341712,0.7890934,0.516489283,-0.040334785,0.036523262,0.293469961,-0.574018757,0.441120191,1.224588205,-0.47654752,-0.805943701,0.41359874,-0.165777214,-1.183772171,-0.779694651,0.332136799,0.748663769,0.136137287,0.925253775,-0.440342667,-0.150914743,-0.570383618,0.610848793,0.721359008,-0.240174665,1.029302878
7Networks_LH_Vis_29,1.624066249,-0.433236085,-0.315907662,0.192085743,-0.507572732,0.409881163,-0.233271509,1.067699905,-0.280363829,0.732165417,0.034856846,-0.011499163,-0.578781979,-0.337305242,-0.193592012,0.712297318,-0.246396814,0.03942104,-0.222967617,0.241257728,-0.286606164,-0.044890793,0.130466307,0.210000198,-0.604445327,-0.067987307,-0.363668059,-0.641668041,0.153916509,-0.237606326,0.227818147,0.39313529,0.059997101,-0.433603705,0.594548058,-0.413190356,0.022280286,0.524122471,-0.288955975,-0.379261498,1.682062574,-0.629854615,0.645468153,0.523999978,0.10590102,1.410035112,-0.038525992,0.300103446,0.025482477,-0.413422729,-0.130133586,0.835089185,0.701182365,-0.284076388,0.247673113,0.11851908,-0.391837968,-0.434037509,-0.415704697,0.220786635,-0.791083878,0.940885623,-0.404216994,0.224697295,-0.298883576,0.410274877,0.108125759,-0.610096239,0.951840615,-0.190028941,-0.442859693,-0.193834688,0.042744659,0.499609335,2.959972206,0.630423493,0.417944355,0.367513934,-0.254716331,0.777468544,0.554863648,-0.383101511,-0.664758848,-0.674527639,-0.017955082,-0.834727339,0.321121111,-0.471053215,-0.211820253,0.063795468,0.253025827,0.394379501,-0.496416503,-0.039560307,0.0375907,-0.986695944,0.653861378,1.111337154,0.033462824,0.903332579,-0.442788555,0.45885992,0.854154839,-0.637387997,-0.228525301,1.264768406,-0.162402089,-0.351174305,-0.544874536,-0.169806004,-0.61401909,-0.717669957,-0.486438247,-0.22664341,0.900309345,0.104041135,-0.227005007,-0.392966884,-0.480807827,0.318136511,1.154374173,-0.335288731,0.525180956
7Networks_LH_Vis_30,0.673989397,-0.14132093,-0.72164918,-0.382307286,-0.212696133,0.061316311,0.218360653,1.605491191,0.523602004,0.4447602,0.399348957,0.18545382,-0.617855332,-0.922275565,-0.122866853,-0.231893902,0.387796101,-0.154226098,-0.174239727,0.387133922,-0.678300025,-0.603239753,0.076004882,0.2075786,0.053753558,-0.139895222,-0.780938881,-0.259583993,-0.204455697,0.579405815,-0.230039583,0.781604727,0.878033024,-0.496381271,0.454421466,-0.036561442,-0.517886611,0.472014432,0.135871173,-0.540068561,0.656913015,-0.291406327,0.787382609,1.006792518,0.667617768,1.170903812,-0.854485787,0.260794433,0.829089022,-0.147381304,0.389995423,1.067361596,0.069656488,-0.045374845,0.27388648,-0.474079135,0.288690553,-0.392357758,-0.20303559,0.028292195,-0.241368779,0.796644684,-0.460045288,0.148688835,0.538505043,0.722194481,1.138003169,0.015504744,0.957604268,0.221970355,-1.056974582,-0.162111706,-0.033886458,0.743346074,2.141918159,0.221850146,2.242172395,0.648307268,0.51342992,-0.308825532,1.462541412,-0.456396025,-0.272070693,0.015678108,0.916034187,-0.764547662,-0.059071784,-0.318433797,-0.340274059,-0.114941495,0.601242118,-0.418983345,0.876109291,0.000671307,-0.787984745,-0.111237374,0.666827579,0.058358783,0.742516515,2.008172649,0.091492203,0.175139024,0.400345301,-0.584056925,-0.385582546,1.406637335,0.366882233,-0.118896497,-0.339766692,0.123875114,-1.017400001,-0.457739589,-0.155919745,0.149039395,0.016310177,-0.001222929,-0.620397824,-1.037427148,0.022018929,1.060929437,-0.171387854,-0.714168402,0.334655829
7Networks_LH_Vis_31,0.718394599,-0.466293199,-0.607698689,-0.150095072,-0.905309556,-1.205744043,-0.828950874,1.611549638,0.684111048,-0.597655364,-0.764896119,0.49177843,-0.3995075,-0.911238533,0.232323679,-0.688502921,0.294749095,-0.508769619,-0.246389109,0.21620694,-0.40707913,-0.126652242,0.169310025,0.369754037,0.077816472,-0.690011673,-0.366347552,-0.186156198,-1.32794221,-0.189970272,-0.131993867,0.913309304,0.314914834,0.471059233,0.581866909,0.370880402,-0.900810574,-0.29678769,0.02757448,-0.677573715,0.274632999,-0.930285253,0.220651011,0.977441521,0.485239145,3.287702075,-0.458562444,0.00702477,-0.627415176,-1.277705065,0.183218533,-0.043740694,-0.055210565,-0.609347585,0.982091392,-0.068192343,0.436521191,-0.230043134,-0.392807667,0.258982136,-0.5856979,0.878749555,-0.815638331,0.915488465,1.932152934,-0.242157524,1.343622342,-0.202183478,2.45797867,-0.145063686,-1.328268868,-0.604387238,0.872675194,0.705526087,1.131633465,1.305722156,1.062202983,1.559892539,-0.763226107,-0.281621325,2.116280742,-0.585447552,-0.948319256,1.228586592,0.086644978,-0.00651273,0.264170584,1.063019159,-0.576230517,-0.764289031,-0.177411958,0.392293102,0.677602032,0.075077168,-0.328317959,-0.429545045,1.039035908,-0.843067014,1.019884423,1.601092862,-0.151101559,0.119405393,0.540213082,-0.763146424,-0.880348206,1.079239435,-0.833917054,0.313013139,0.659925292,-0.50400053,-1.209322843,-0.492928528,1.154204176,-0.407406884,-0.263923311,0.695877619,-0.416809447,-0.655193367,-0.56808169,2.018406972,0.955699074,-0.127209566,2.174765983
7Networks_LH_SomMot_1,-1.005639679,-0.333070308,-0.221474946,-0.501815901,-0.686140499,0.814057949,0.105746796,-0.707160422,-0.332753542,0.306112056,-0.355765726,0.548144102,-0.702138724,0.914321253,0.112930183,-0.079176524,0.182212835,-0.449565478,0.445958875,0.250473551,-0.557279706,-0.911790154,0.702252803,0.462793206,-0.12489516,-0.27725701,-1.481251085,0.832305584,1.141410616,0.198127037,0.597297955,0.395412547,-0.292504292,0.095729521,0.168332712,-0.230707219,-0.721824526,-0.037910008,0.309134172,-0.502827564,-0.318964659,0.637596919,-0.008682243,-0.207110254,-0.533397979,0.286437325,-1.086053038,0.627624145,0.89895016,-1.485358141,-0.4467236,1.761319721,-0.719729514,-0.821746115,-0.34237334,-0.09349301,-0.514339273,2.664633536,1.149790891,-0.139744734,7.194392101,0.798609852,0.120018067,-0.086997102,-0.007286422,0.960543402,-0.482846202,-0.015874986,-0.111824253,-0.439578627,-0.890705592,0.109767191,0.301448434,0.251781487,1.541381509,0.437013394,0.380962694,-0.657572763,1.313685005,2.792169654,-0.579188651,-0.123172513,-0.246164743,0.499499414,-0.753700783,1.016252862,-0.409417747,-0.110669668,-0.754432284,-0.951632037,-0.363805414,0.192813851,0.109746884,-0.540847112,1.225579291,-1.720085878,-0.532885247,-0.330266638,-0.182591819,0.712119434,0.489610582,0.258027452,0.038134539,0.548749527,-0.410183183,-1.084642832,3.443133495,2.479009255,0.335097959,-0.707933226,-0.60155541,-0.391025852,-0.284288654,-0.609141647,-0.479232942,-0.540122642,0.407956219,0.38654273,-0.401123427,-0.772670201,-0.115988064,0.187735103,0.019352988
7Networks_LH_SomMot_2,-0.777953023,-0.321466652,-1.001195479,-0.99537683,-2.040460572,0.236561566,-0.202244554,-0.884231926,-0.790324027,0.454996005,-0.372978695,1.113326911,-1.145860472,1.461488679,0.065723138,-0.156931676,0.193150267,-0.030046318,0.418376888,0.596932214,-0.721836879,-1.990585951,1.257925997,1.44458913,-0.31210928,-0.764866117,-1.046281323,0.966458523,-0.601305119,-1.088380457,-0.190075288,-0.60255379,-0.647155577,-0.322710743,-0.289853306,-0.111177415,-1.121450707,0.022926962,-0.504169245,-0.783800827,-0.270018132,-0.107352393,0.379008564,-0.871053378,-1.325903777,0.989597097,-1.317714686,0.18590026,0.090888858,-1.868075553,-0.744047532,3.212834792,-0.722287359,-0.878431651,-0.399221833,-0.066917969,0.159078125,4.766701901,1.512860725,-0.878542954,10.73568892,1.909706431,-0.340681227,-0.374729516,-0.06265844,2.572976263,-2.10578027,-1.179275463,0.102247109,-0.244965824,-0.993069746,0.162419236,0.45936521,1.213125914,3.355005737,1.573565776,-0.281180774,-0.794482832,-0.810671293,3.768028302,0.080593568,-0.002113282,-0.707054913,1.488265318,-0.804262154,0.756732392,-0.495116751,0.751265933,-0.679262679,-1.120349817,-0.148685711,-0.581638322,-0.500033795,-0.630012739,1.879429913,-2.242389235,-0.825255723,-1.13877848,-0.583155419,-0.097932154,0.117917305,1.226694421,0.253844817,-0.013513953,-0.208783099,-0.403653812,5.588600584,5.040670654,-0.743991653,0.356460592,-1.618638991,-0.437652102,-0.302114408,-0.366793173,-0.304183149,-0.651413812,0.084838768,-0.389941566,0.016408324,-0.188774595,0.295669944,0.044662856,-0.744555505
7Networks_LH_SomMot_3,-0.629242903,-0.291894456,-0.381174459,0.021905527,-0.922571892,0.487052361,0.017671721,-0.400590862,-0.037770372,1.750243558,-0.719419287,0.21761976,-0.840376343,0.09870529,-0.105693166,-0.236476322,-0.017315623,0.392623659,0.482588215,0.039453584,-0.010211549,0.081827515,0.708312202,-0.102330244,-0.3825245,-0.650453173,-0.334339252,0.01459366,0.465582244,-0.587856699,0.047743004,0.292366912,-0.612339832,-0.522151982,-0.584667832,0.665082447,-1.03195672,-0.462821518,0.094341512,0.439447268,-0.758665293,-0.56815045,-0.107210119,-0.738984557,-0.198269287,-0.142572034,-0.783510837,1.083026381,0.589302999,-0.100842073,-0.126189721,0.884449633,-0.47511233,-0.917367484,-0.471524992,-0.639566413,-0.579066184,0.893703915,0.208377745,0.10177802,5.111144921,0.867403037,-0.031677657,-0.510565543,-0.467111212,1.271807667,-1.557979973,-1.324110816,-0.623413046,0.519646672,-1.159177333,0.43632871,1.12318762,2.283396747,2.07523241,0.428865374,-0.356540794,-0.61743313,3.094632901,2.189761834,-0.295527586,-0.962070909,-0.717561489,0.740302729,0.177332646,0.812996007,-0.608238016,0.620585984,-0.711182327,-0.58855451,-0.512378671,-0.507388838,-0.264893709,-0.739838038,1.075450425,-1.441875608,-0.535952667,-0.38818588,-0.166934581,-0.201657188,-0.158344325,-0.647434397,0.28844152,1.131568337,-0.947063808,0.184762696,2.081358118,3.329994669,-0.892819471,0.077273639,0.104425063,0.665364221,-0.46471309,-0.10940119,-0.494205364,-0.801179564,-0.077942485,0.502184612,0.207288654,-0.416969896,0.370192373,-0.287124351,-1.15951478
7Networks_LH_SomMot_4,-0.717267058,-0.586437379,0.179714206,1.090168554,0.628468635,1.660893564,-0.13004222,-0.109460047,-0.733451079,0.018164029,-0.47915936,-0.150502002,-0.805594345,-0.436635881,-0.289521355,0.991353366,0.127950425,-1.081752878,0.247247923,0.703439391,-0.009953823,-0.283185398,0.018531895,0.26822326,0.141249947,1.40664905,-0.521277342,0.448081256,1.269567372,0.971313847,1.625719653,-0.507056368,-0.664741307,-0.421213284,0.265161615,0.109775289,-0.812652738,0.470149648,0.21390266,1.171024356,0.0253272,1.133149973,-0.45348503,-0.526067467,0.241032042,-0.354562901,-0.632633968,2.124479619,0.233594094,-0.829950144,0.877731387,1.056290517,-0.853162613,-0.998008862,-0.257313975,-0.992231228,-0.809880725,-1.264795178,-0.717619711,-0.396730959,0.781544479,1.065330852,0.598342721,0.220313182,0.519778041,-0.040954282,-1.480049749,-0.313711076,-0.628271528,0.050697358,-0.507555202,-0.465708604,0.117887208,0.935158676,1.496706742,-0.341044265,-0.047961035,-1.14199056,6.86312853,1.294444798,-1.291753665,-0.787014994,-0.794120845,-0.196784812,-0.156344787,0.189426721,-0.813143357,-0.198394925,1.135033085,-0.625569966,-0.323851334,-0.843569612,-0.682263629,0.16084726,-0.217098444,-1.035664741,-0.483977562,1.479413843,-0.068497946,-0.822599898,-0.13690725,0.092166671,0.482196811,0.345002355,-0.44095237,-0.993776743,0.178603255,1.217587465,-0.241043174,0.622495074,0.263458767,0.381412066,-0.240534862,-1.077371484,0.066815866,-0.427211181,-0.426716058,1.278865976,-0.49540619,0.545920638,0.411272028,-0.099529628,-0.735485843
7Networks_LH_SomMot_5,-0.067371245,-0.858560318,-0.432980017,0.913256892,-0.116031927,0.383765803,0.135919412,-0.348867216,-0.589759022,-0.04099713,0.239962324,-0.217934265,-0.498172051,-0.082418025,-0.626860213,-0.015246372,0.791779605,-0.299072004,-0.140310073,0.404023849,0.17492823,0.521135889,-0.405669184,-0.069961383,-0.305881599,0.06116069,-0.311885813,0.322294695,0.782799443,0.352769807,0.655503225,-0.125314506,-0.623665992,0.065300674,-0.088921591,0.77595734,-0.370970447,-0.394155444,0.112846434,0.50457684,-0.550553374,-0.033163674,-0.263137569,-0.709182691,0.402918271,-0.122510514,-0.019502274,1.713120739,0.070690903,-0.104101455,0.341563089,1.045710705,-0.03985486,-0.360162414,-0.755096729,-0.78628892,-0.329676802,-0.650142742,-0.75325111,0.245852203,3.11802135,0.708912532,0.438102701,-0.934102051,0.749559874,-0.71646237,-1.747966571,-0.802989474,-0.717131219,0.048337409,-0.550052869,0.145774764,0.539457708,3.158118462,3.361096317,-0.375110124,-0.788080691,-0.195155475,4.672138003,1.788888,0.044946425,-0.734917895,-0.511955865,0.968975643,-0.13489396,0.708847317,-0.330716128,-0.439407091,-0.432634207,-0.078794309,-0.277068029,-0.38107696,-0.696124308,-0.520993269,-0.296615009,-0.290779146,-0.762658065,-0.653710209,-0.252159983,-0.434188403,-0.148057314,-0.435559385,0.646039193,2.024289266,-0.849030817,-0.887694641,2.403490798,1.769086279,-0.17185718,-0.011624611,-0.134204316,0.243968347,0.285097348,-0.575895536,-0.280958174,-0.545397547,-0.013626795,-0.067355454,-0.090076866,0.609507596,-0.282638065,-0.022053975,-0.987546387
7Networks_LH_SomMot_6,0.749521869,0.267373534,-0.980477805,-1.522253409,-1.612542985,-0.446837349,0.168754089,-0.056361896,-0.493070929,0.559018098,-0.225772099,0.708236563,-1.276716003,0.886412356,0.749385737,-0.609012116,-0.436428934,-0.186873016,-0.287380983,0.194807976,-0.970601251,-1.687266078,0.293152942,0.973731443,0.327756649,-0.52705533,-0.170950514,0.397826737,-0.977211398,-0.841015069,0.241221989,-0.41908654,-0.319933763,0.922194313,0.417720462,-0.62436718,-0.782712071,0.535875973,-0.086170194,-0.774827958,-0.239163344,-0.046429905,0.20427503,-0.622971673,-1.123246143,1.478278278,-1.222448853,0.023508176,-0.041607518,-0.420419988,-0.650202292,1.497890905,-0.55821585,-0.859224895,-0.148178007,0.032607013,0.549794357,3.190685424,0.259418256,-0.7132178,5.894283274,2.012967928,-0.944422079,-0.053100382,0.181197912,1.14452779,-0.813898062,-0.210780449,0.084663587,0.006718953,-1.000283047,0.47394382,0.436155556,1.422974549,2.48533557,1.333167762,-0.596828982,-0.363124926,-0.110143705,2.343215761,0.244099103,0.546900319,-0.509267475,1.9464873,-0.475536224,0.571425269,0.148040003,1.731916899,-1.062798745,-0.656025504,-0.180525787,-0.303792624,0.179078623,-0.944134505,2.319364556,-2.172563412,-0.918650147,-1.382317254,-0.672487362,0.769919513,0.444126176,0.091505778,0.591296453,-0.795512399,0.072125383,0.812432475,3.169549956,4.129161166,-0.480683902,0.551115562,-1.501324542,-0.373782275,0.059769915,-0.089731537,-0.93038215,-0.523037078,-0.114159421,-0.614507363,0.06437382,0.240873675,0.204426582,1.161232946,-0.273599682
7Networks_LH_SomMot_7,-0.668372011,-0.000929786,-1.081833043,-1.084153921,-1.544911227,-0.663383793,-1.113608654,-0.257375002,-0.338203144,0.00745709,-0.002282987,1.167929851,-0.896287171,0.850383347,-0.311736525,-0.418421959,-0.903308861,-0.134994717,0.963007196,0.406503641,-0.030293317,-0.759652817,0.557304062,0.943622997,-0.395944571,-0.8856621,0.432757897,-0.198499299,-0.402066226,-0.379528716,-0.426015291,0.19155766,-0.678626634,0.483665585,0.045892045,-0.423041824,-1.04765074,-0.597666763,0.688021143,-0.112190759,-0.409668805,-0.256101217,-0.090110572,-1.279641058,-1.353484887,0.077766392,-0.641370317,-0.01478757,-0.183521123,-0.625370989,-1.014682921,2.317107699,-0.645435707,-0.103901991,-0.034635147,0.277959492,-0.241711547,2.820967576,1.31662505,0.023171243,5.551282805,1.097635752,0.254605428,-0.055618813,0.723635439,-0.272929252,-0.797341054,-1.026488173,-0.367938629,0.568862938,-1.268172931,0.243497096,0.952906413,1.610503449,5.26134227,1.563179767,-0.134293572,-0.64513171,-0.021925044,2.150935924,0.234339906,0.066946472,-0.680699767,1.473879426,-1.118435933,0.945996013,0.049352968,2.612594197,-0.508902117,-0.584008953,0.425639487,-0.761024556,0.240494746,-0.813824512,1.846604038,-1.561388021,-0.960916536,-0.748190671,-0.24073296,-0.376031294,1.461716325,0.565842927,0.498706932,-0.292477747,-1.01676234,0.086109987,4.294420123,4.819208506,-0.824238174,0.666882002,-0.800471264,-0.61852264,-0.497369742,0.204625762,-0.41998611,-0.557953469,-0.137373801,-0.237509837,-0.748592204,-0.727525733,1.05509165,0.58651821,-1.002513658
7Networks_LH_SomMot_8,-0.515704025,-0.20593049,-0.845381363,-0.077224477,-0.254148463,-0.054453979,0.323139416,-0.407604209,-0.998116071,0.538907555,-0.220367589,0.295448954,-0.466306624,-0.394944322,0.57145073,0.607321292,0.679925184,-0.356597804,0.490338229,1.382210795,-0.36293563,-0.514402133,0.590193945,0.664225661,1.247424076,0.207935706,-0.983809422,1.390416146,-0.279562388,0.363380591,-0.576778856,-0.605938335,0.118227858,-0.471041904,-0.37021561,-0.176716823,-0.902396709,0.290283839,0.520692122,-0.086520018,-0.151555429,0.367689299,0.045228457,-0.216563291,-0.525672285,0.033443785,-0.794543112,0.369988252,-0.571377803,-0.918908656,-0.196599704,0.632488357,-0.056896429,-1.085175418,0.194847561,-1.140734797,-0.825100279,0.507470179,0.321622901,0.077782728,3.086629311,0.28922052,0.199075336,-0.323417796,0.655402393,0.930632043,-1.019631893,-0.003597667,-0.137956035,-0.547988436,-0.875753976,-0.030878619,0.983738411,0.221820585,1.89224026,1.056523994,-0.213068694,-0.471446219,5.229103261,1.223498416,-0.598821996,-1.139442368,-0.692493942,-0.267286502,-0.116627518,0.48253317,-0.567066314,-0.129905895,-0.168746894,-0.931887698,0.052802466,0.565205548,-0.371320425,-0.578961371,0.618298037,-1.379434149,-0.108029995,-0.20160342,-0.218522127,-0.25460875,-0.400065249,0.069346541,0.235383544,-0.041438963,-0.560699718,-1.128595384,1.75733947,3.457598727,-0.529797636,-0.562317233,-0.115314707,0.308894582,-0.026457729,-0.682321068,0.025336797,-0.340257949,-0.009902621,-0.392920344,-0.046241798,-0.417056426,0.033830552,-0.014186379,-0.42436527
7Networks_LH_SomMot_9,0.356077429,-0.996633779,-1.051918561,-0.332379471,-0.782886061,0.449141819,-0.16331993,-1.469634856,-0.991557832,0.040631759,-0.419935375,0.417683971,-0.084206751,-0.471649606,-0.028586219,0.348247181,-0.160866579,-0.331561718,-0.11098216,1.030052719,-0.458234223,-0.72334608,0.489650379,-0.264050982,0.296884884,-0.541650188,-0.580237689,0.173379629,-0.687599468,-0.236512053,-0.418155546,-0.636154394,-0.15137159,1.029962649,0.306557555,-0.41810974,-1.014506864,-0.288389418,-0.02859415,-0.431379323,0.019245847,-0.402876057,0.124550515,-0.629420981,-0.9886669,2.055832548,-0.540166023,0.071188887,-0.117998576,0.255326828,0.439032691,-0.171687745,-0.437684649,-0.953887165,0.025768253,-0.909146701,-0.866835873,1.845947952,0.696499051,-0.712260396,2.315152307,0.704142073,0.367465774,-0.293422211,0.915953778,0.847393507,-0.930508086,0.108938389,0.153749702,-0.398751279,-1.372753093,-0.218720881,0.886748574,2.101986667,0.208922243,2.485814779,-0.57076313,-0.660250258,3.258512344,1.972712623,1.28507997,-0.681160987,-0.758431638,0.720251966,-0.706795932,0.327174295,-0.83702872,1.544735234,-0.777132195,-0.061603736,-0.237621396,-0.438091185,0.290269243,-0.736098463,0.753329195,-1.824629485,-0.44397895,-0.526359242,-0.322496468,-0.375180326,0.248622216,0.35167286,0.466195754,-0.168619428,-0.926532381,-0.3048388,2.996568049,3.791119557,-0.220325873,-0.210727137,-0.785600982,-0.004340759,0.117199424,-0.442724306,0.038000213,-0.215248992,-0.363202707,-0.4896733,0.947244878,0.021631735,0.669106799,1.218038039,-0.123054118
7Networks_LH_SomMot_10,0.863024376,0.058482802,-1.143827472,-0.19607974,-1.101777189,0.086499716,-0.383049277,0.027440609,-0.708756706,0.62720358,0.311379039,0.349528114,-1.120916251,-0.308926767,0.433457141,0.759661173,0.371050255,-0.229334379,-0.068875704,2.923728431,-0.039690034,-0.595774421,1.196630881,1.375497298,0.270518431,-0.950998605,-0.955366026,1.087285293,-0.364311683,-0.384328483,-0.198026305,-0.892697477,-0.729594443,-0.080153679,-0.074502733,-0.105902967,-1.116185653,0.001513056,0.651871111,-0.788511353,0.668991951,0.278986604,0.782525616,-0.653222793,-1.424726615,1.259113892,-1.265761125,1.354306504,0.274849213,-0.560918136,-0.372855763,1.202662228,-0.780648473,-0.968641574,0.2735207,-1.154443669,-0.671373079,-0.579422893,-0.455802921,0.049159153,2.297450545,1.381520268,-0.170615822,0.155407905,0.818793105,-0.1646807,-2.041474555,-0.453977348,-0.147852412,-0.476832651,-1.706224216,-0.509580524,1.034152335,4.908168721,2.172141801,0.50230579,-0.534473819,-0.762164093,5.93907738,1.574768027,0.847631911,-0.97001505,-0.859286181,-0.089627102,-1.302218676,0.199477879,-0.979355867,0.496489675,0.297130998,-0.756742364,-0.481343597,-0.544511096,-0.116905954,-0.373407898,2.116467509,-2.220302729,-0.791105873,-0.800590497,0.525973225,0.933766401,-0.46651728,0.202660938,1.27505048,-0.7064169,-1.047521924,-0.398724032,0.694815829,0.349459408,-0.980143598,0.47206425,-0.852569119,1.040451227,0.385540849,-0.54744997,-0.12772853,-0.147101917,-0.190744632,-0.015996689,-1.019311199,-0.866517119,-0.166315677,0.649078875,-1.267016522
7Networks_LH_SomMot_11,1.466712646,-0.093499901,-0.922681986,0.870488831,-0.997367904,-1.033733782,0.349843219,-0.799246704,-0.368669058,-0.31183515,-0.06183369,0.703342477,-0.976083129,0.619657151,-0.943526588,0.561611709,-0.554251484,0.844094256,-0.054247705,1.318673415,-0.576982227,-0.869551478,0.525584082,0.919161398,-0.824592422,-0.307286272,-0.202920202,1.321273456,-1.131982597,-0.584393326,0.042535491,-0.829974374,-0.752746442,0.20492054,-0.551604131,-0.571939989,-1.0536451,0.290048318,-0.022098407,-0.355090178,-0.164061659,-0.200856612,-0.711082009,0.198246182,-1.131925372,1.8407703,-1.266574071,0.33152805,0.216335642,0.108663836,0.103676447,0.67405061,-0.942687296,-0.559054665,-0.153494993,-0.439063928,-0.311083954,0.871217407,0.081810647,0.120260337,1.574114544,1.904790252,-1.013576437,0.71090003,1.755512912,0.835986196,-1.349000338,-0.413051175,0.746127428,-0.055695782,-1.648354789,-0.253506022,1.859683959,2.386764975,1.810393403,0.996227223,-0.377098706,-0.127112086,8.787920178,1.729476627,-0.214219536,-0.730883967,-1.189210006,0.267289648,-1.501848245,-0.466955807,-0.600176408,0.072312606,-0.283883895,-0.36228313,0.045493993,-0.001805564,-0.294649514,-0.471112103,0.703633209,-2.383507991,-0.904179246,-0.937165768,-0.634459441,-0.338003121,0.63519031,0.038386416,-0.198872282,-0.24719095,-0.925638857,-0.821858392,0.734039019,2.319286586,0.289958998,-0.008419051,-1.183827141,-0.394565592,-0.385024799,-0.028559135,0.308277909,-0.566146875,-0.087034791,-0.474150871,-0.390012466,0.354286301,-0.069641137,0.426779118,-0.432201687
7Networks_LH_SomMot_12,2.110514647,-0.911506954,-1.199232605,-0.300788291,-1.233322427,-0.308318235,-0.725586895,-0.703542027,-0.545025911,-0.475222785,-0.7910122,-0.44649346,-0.065637665,0.103427335,0.00267552,0.33249367,0.227388924,0.022541917,0.66335495,0.939030815,-0.021545165,-0.554117755,0.331391273,0.50958125,-0.330649074,0.07618439,-0.48319715,0.455510376,-1.058164479,-0.420818011,0.619912848,-0.38089841,0.167185728,-0.314685562,0.487559616,-0.556818338,-0.805927155,-0.777355704,-0.193180881,-1.035311453,-0.388656303,-0.209169091,-0.043917433,-0.350813177,-0.54335891,2.101111188,0.228259851,0.187331438,-0.238872519,-1.027432852,-0.251733237,0.771615549,-0.437459051,-0.513876869,-0.204264102,0.100834426,-0.787830692,1.643955738,-0.175241971,0.453751362,1.263654633,0.921404917,0.080084732,0.980147164,0.627505204,0.489906918,-1.360769878,-0.246794001,0.08184941,-0.351881368,-0.759417057,-0.559314312,2.58211328,3.355510225,1.401286709,2.601660526,-0.742085326,0.018336234,1.957874046,0.794481699,2.393208077,-0.73792966,-1.22696733,1.787599548,-0.500570286,0.952141697,-0.476125939,1.847075943,-0.527968435,-1.051060343,0.400732374,1.123569084,0.12586707,-0.954819012,0.910663144,-1.30521804,0.19655696,-1.212551735,-0.426087988,0.895320923,0.283160678,0.06037373,1.805510916,-0.502470374,-0.925019478,-0.583422052,1.409123347,5.900611134,-0.564394383,-0.424461642,-0.207964394,0.157774565,0.047986727,-0.351232299,0.264091147,0.01507363,-0.321294564,0.06319051,1.034828208,-0.187692574,0.579459479,0.321959499,0.012850079
7Networks_LH_SomMot_13,1.271462388,0.02123244,-0.709924411,-0.388873481,-0.382171344,-1.042261566,0.689866342,-1.194950261,-0.147156503,-0.523130342,-0.329293026,0.19740928,-0.534641821,-0.164822202,-0.220590497,-0.272370513,0.158344188,-0.101789261,-0.169254333,0.860677029,0.208912614,0.168423702,0.006459049,-0.394772249,-0.530834886,0.628635203,-0.665023713,0.957354983,-0.852036528,-0.132213173,0.39333999,0.076953411,0.317315608,-0.659489659,1.267702529,0.028478201,-0.815322751,-0.644828986,0.022378402,-0.92261109,-0.228242687,-0.033935676,-0.135881946,0.091404285,-0.534838329,1.077024555,-0.523612413,-0.245535499,0.033426809,-0.36436854,-0.312480156,0.310226367,-0.551615242,-0.474160333,-0.431699856,-0.833762338,-0.338638866,0.398406337,-0.148231979,-0.08935607,0.208148945,0.742734501,-0.390261046,0.522415578,0.484115742,-0.018328979,-1.136681841,-0.249740003,-0.128057911,-0.372939603,-1.051675429,0.435988837,2.588653655,2.321071236,0.901399388,1.943806915,0.285358015,0.823615986,2.447459245,-0.32425328,-0.090019718,-0.319894804,-1.013903017,1.512736618,0.06360053,-0.060850976,-0.581727024,0.103483268,-0.640635162,-0.413215227,-0.275581506,0.933186892,-0.098730665,-0.417575131,1.338697096,-0.749987844,-0.385096291,-0.910189336,-0.941257261,-0.439067575,0.27450794,-0.343584839,1.144971376,0.066197885,-0.493792035,-1.048546298,0.081507022,4.533988376,-0.029673237,-0.817173192,-0.228054307,-0.152315319,-0.220435791,-0.241846334,0.095735051,-0.288769926,0.771279641,-0.9110434,-0.34570347,-0.247052234,-0.389535731,-0.473783094,-0.284849001
7Networks_LH_SomMot_14,0.825899058,-0.030519923,-0.679396488,-0.860985198,-1.297304249,-1.169181546,0.030020085,-0.97459384,-0.747168472,-0.259568677,-0.578811838,-0.674778448,-0.412971535,0.395821723,-0.225762808,0.06056262,-0.319247035,-0.097097898,-0.299982755,0.95115104,-0.76875133,-0.78575853,-0.619412063,0.127863015,0.391715207,0.214632133,0.367323543,1.225451393,-0.861431379,-0.112446625,0.386108904,0.405672498,0.451576784,-0.606927004,-0.07930948,-0.131060214,-0.889846873,-0.001799437,-0.349895801,-1.164248236,-0.06892245,0.544634108,-0.687757414,-0.589783876,0.308892681,0.231335093,-0.095428046,0.808525524,-0.319716553,-0.707052291,-0.282717172,0.414397597,-0.916368287,-0.691469592,-0.307025459,-1.02735565,0.008611011,2.475232578,0.360814184,-0.355612507,0.698018779,0.523127926,0.124352655,0.311509224,-0.090938254,0.760016318,-1.514035249,-0.416843678,-0.470023717,-0.200709321,-1.037173446,-0.166698004,2.85795526,3.060786685,0.679292688,3.211660925,0.315594443,-0.102052427,1.304381351,-0.062646428,1.394277228,-0.400582231,-0.763833659,2.39434331,-0.284505511,0.765221775,-1.363442613,0.10498821,-0.301576618,-0.345115827,-0.405601884,1.062395695,0.364967717,-0.826423345,1.050816221,-0.875382876,0.113091988,-0.909499262,-0.713298569,0.348385206,0.030347871,-0.080803792,0.780905271,0.4555563,-1.162222689,-0.894564993,0.966426214,8.639726778,0.578023331,-0.222664676,-0.468384524,0.152824089,-0.45839432,-0.046738865,0.05432238,-0.848186753,0.321155269,-0.441042023,1.207725635,0.264387408,-0.630285181,-0.285812812,-0.934521021
7Networks_LH_SomMot_15,4.76681487,0.087762543,-0.908967955,-0.294462362,-0.702709002,-1.036157311,-0.957305598,-0.649764426,-0.66647387,-0.379688409,0.835803739,0.272418532,-0.723610207,0.527815398,0.512128315,-0.533920472,0.81166476,0.020406038,-0.047706493,2.427082697,-0.698852449,-0.905904368,1.364967249,-0.202369872,-0.662298365,-0.064053335,-0.056069793,0.29181415,-1.232028097,-0.214014238,1.191580931,0.330021367,-0.036949084,-0.765703416,0.256683443,-0.544248367,-0.795964529,0.183433386,-0.414428775,-0.291987358,0.001771712,0.240702328,-0.476197933,0.705499244,-0.202205573,2.015164089,-1.285755537,0.893300721,0.768737003,-0.435889905,-0.876407827,0.172535738,-1.079903904,-0.87989211,0.150507473,-1.070159826,-0.172725556,0.180174135,-0.769054169,0.090769488,-0.082565885,0.719310302,-0.315512223,0.391697237,1.289840104,0.333030813,-1.437442517,-0.527053901,1.790340868,-0.753953999,-1.60834629,-0.640750075,3.156701449,3.888560033,0.639768631,0.464708555,-0.8683243,-0.399538134,2.23291965,1.035169585,1.688524726,-1.044908714,-1.067616044,0.119669382,-0.944806856,-0.098718558,-0.124603326,0.907728564,-0.680087422,-0.488951855,-0.229446997,0.520904479,0.202267774,-0.61143988,1.062932741,-1.626366676,0.489824608,-0.692078069,-0.591045593,-0.19892912,-0.113064747,-0.345451703,2.370362492,0.335155721,-0.96324374,0.141730114,0.10721913,1.807788777,-0.803277022,-0.102541261,-0.639134218,0.044823413,0.048155956,-0.805355805,0.2939954,-0.443858117,-0.201284118,-1.219449892,0.350805319,-0.267630125,0.05887064,-0.021773333,-0.883125242
7Networks_LH_SomMot_16,2.431253644,-0.641812186,-0.928597644,-0.666482912,-1.730238486,-0.47644626,-0.572052622,0.074719921,-0.165126805,-0.608940619,-0.589164599,-0.365919357,-0.25775329,0.489570617,-0.343786584,0.019793043,-0.132427563,0.066323867,0.340100874,2.216451087,-1.002628349,-1.799096486,-0.866145766,0.059788243,-0.155070635,-0.850326974,-0.239678114,0.478098376,-1.285337745,-0.412196044,0.358785597,0.571575931,-0.324338692,-0.444448271,0.181497853,-1.054090793,-1.17636087,0.034872313,0.102432895,-1.645744228,0.560181141,0.593719096,0.504078362,-0.683293774,-0.489733743,1.491341644,-0.331357018,0.446895333,-0.170423384,-0.49883645,-0.66437758,0.625396367,-0.774040016,-0.384455994,-0.600061412,-0.143348409,-0.139837215,4.940051188,1.359572318,0.292981086,3.268836884,-0.32734973,-0.428360601,2.373596904,-0.338344578,2.008973194,-0.127127816,-0.840887758,-0.225185692,-0.357038652,-0.858787322,-0.321356819,2.837448897,4.105082038,0.160775478,2.78133078,0.007021376,-1.033993841,-0.412051027,0.396975411,1.502596436,-0.82591454,-0.958136517,4.663177731,-0.440224591,-0.01336086,-0.397051294,2.792088264,-0.665544635,-0.518513643,0.732360973,0.947804151,0.144444348,-0.620822729,1.522695197,-1.982545567,0.684381039,-1.651256401,-0.702819953,-0.070871451,0.302102498,0.177467264,0.755873149,-0.017712171,-0.381076227,-0.205323645,2.833972678,5.870722824,0.084648325,-0.712141076,-1.187945632,-0.231653708,0.828521494,0.476590323,-0.868551141,-0.19528315,-0.491622384,-0.48914799,1.481619133,-0.437523068,-0.319250117,0.317341789,1.05403977
7Networks_LH_SomMot_17,1.091652515,-0.404022007,-0.250388191,-0.189187019,-1.212100195,-0.709753117,-0.348226475,-1.148480006,0.425852351,-0.061587156,-0.145743196,-0.428537856,-0.500480668,0.563957737,0.16282798,-0.453950739,0.514321135,0.551486017,0.359053249,1.379037648,-0.486684843,-0.769051249,-0.015871992,-0.303364344,-0.255121458,-0.459012536,-0.364958195,0.149198519,-0.896169509,-0.479548912,0.31142471,0.240873625,-0.044569224,-0.842154132,-0.192305696,-0.807474639,-1.030677071,0.316626757,-0.509513858,-1.173401016,0.265569537,0.982278669,-0.073300296,-0.313831438,-0.383458441,1.229448111,-0.715466021,0.643560816,-0.163671225,-0.254873556,-0.421412248,0.186701144,-0.660184117,-0.741424245,-0.52535467,-1.40067464,0.076443713,1.961121056,0.059272225,0.003471931,1.127419526,1.012721946,0.256645055,0.875364122,0.490519012,0.76795126,-1.038959285,-1.046089148,0.518731416,-0.083192568,-1.067251087,-0.228195159,2.225913212,4.031648062,0.368898928,2.374982885,-0.113867301,-0.998787669,0.861501747,0.047609232,0.280902139,-0.856993679,-0.521172137,2.390965208,-0.423548793,-0.332927738,-0.552707463,0.611977113,-0.505851884,-0.490723279,0.282719083,0.429855917,0.407458762,-0.462170783,1.667128213,-1.618619093,1.217698608,-1.195990363,-0.833501611,-0.591946269,0.246752941,0.245674105,1.474203154,0.123689159,-0.186603248,-0.900340012,0.701789131,5.588931303,-0.596530162,0.04759627,-0.924605986,0.03670337,-0.195575913,0.395938985,-0.385954721,-0.755885162,-0.27858916,-0.51324256,1.450504499,-0.546032254,-0.138798259,0.003596772,-0.488776717
7Networks_LH_SomMot_18,1.247594014,-0.932485405,-0.29639792,0.552023051,-0.447259915,-0.116901241,-0.229814217,0.076738862,-0.06406997,0.389621062,-0.359097631,0.231078132,-0.474390816,-0.622129005,-0.286564445,-0.965804353,0.235865361,1.114524737,-0.034265502,3.884822486,-0.368365008,-0.162300464,-0.868002659,0.008732954,0.312272898,-0.240330299,0.011507278,0.817780429,-0.252740087,0.046802294,-0.584284374,0.397228145,-0.049905874,-0.156647999,-0.327107565,0.233312537,-0.964382239,0.189093359,0.222625249,-0.715578446,0.0621506,-0.262569708,0.925860844,0.531179691,0.343349221,1.950675361,-0.324110057,1.072087891,0.124200752,-0.168863752,0.179500184,-0.281075114,-0.277235855,-0.878432092,0.324548557,-0.987746985,0.07104503,-1.603005021,-0.512857229,1.030366171,-0.658740284,0.402703005,0.554644529,-0.297113899,0.433854645,-0.525130029,-0.573382412,-0.667942156,0.197533884,1.106116995,-0.179379862,0.432396017,2.414086702,5.175747091,0.170969385,-0.395125591,0.433653826,-0.495424161,0.382517807,-0.083214119,1.461011661,-0.385752003,-0.397985318,-0.635055943,-0.585563332,-0.09840664,-0.391141156,0.260541823,0.36585328,-0.643303783,1.464157633,0.237187195,-0.595913899,0.024770464,0.182487893,-0.512840216,-0.044966894,-0.204968399,-0.373000708,-0.193430316,-0.663259861,-0.546489785,1.519555255,0.137296945,-0.103576947,-0.196836669,-0.511038071,0.583907297,-0.344777484,0.032346542,-0.590516934,-0.190527614,1.421783204,0.296352766,0.06810171,-0.032848117,-0.268907938,0.125482095,-0.555672581,0.186071875,0.686302217,0.021135174,-0.106703837
7Networks_LH_SomMot_19,1.592017838,0.201753934,-0.627481359,0.283408801,-1.881161708,-0.513960139,0.187851827,0.574537408,0.41511602,0.493043295,0.276327463,-0.130755728,-1.295578819,-0.645637191,-0.00835134,-0.373129923,0.323001796,-0.278428136,-0.224369285,2.131594999,-0.202069673,-0.36439641,-0.653781231,0.696753174,-0.468942013,-0.322419311,0.889718789,-0.181255891,-1.133361089,-0.6143312,-0.374252609,0.282899105,0.125713792,-0.275048628,-0.285086513,-1.136007309,-1.053502779,-0.327762429,-0.482012209,-1.057293929,1.155166867,0.391952196,0.467596226,-0.00549086,-0.272611119,2.64583752,-0.187522058,0.72974622,-0.321558103,-0.227293771,-0.035013685,-0.256212343,0.050918451,-0.181003171,0.060566582,-0.695215357,-0.155656479,0.489827913,0.378259592,0.197970147,0.060791262,0.90996219,-0.021152877,0.420790841,0.287117029,-0.114252909,-1.138308176,-1.136369289,-0.120646276,0.608276985,-0.807615177,-0.130612119,2.873546409,6.623997489,0.589207017,0.856866398,-0.330234097,-0.601639687,0.432022582,-0.00597354,1.043964464,-0.58262627,-0.653766023,1.171598575,-0.005442629,0.272593976,-0.687824468,0.729123986,-0.423533262,-0.29396765,0.680033621,0.081592731,-0.091364541,0.511860451,2.077181169,-1.304522,-0.260102885,-1.2687182,0.042164739,-0.456298519,0.068468167,-0.485426263,2.102499248,-0.107587602,-1.053170438,0.532225126,-0.414899742,2.091065016,-0.262452699,0.028919984,-0.514636796,0.302469978,0.720729027,0.095692502,-0.292544327,-0.362731049,-0.287984478,-0.535184971,-0.284554507,-0.444716648,0.327668665,0.126126938,0.035270846
7Networks_LH_SomMot_20,1.609517051,0.24089098,-0.639693168,-0.046995541,-1.458329533,-0.846710052,-0.075733891,-0.831034473,-0.609652115,1.132283725,0.552288816,-0.037766948,-0.911057795,-0.432059263,-0.032663138,-0.277839521,0.522320247,-0.721865715,-0.120841123,2.211948053,0.654217919,0.147472291,-0.268943748,0.932651867,-0.193441158,-0.895268597,0.359299403,-0.343620239,-0.869128342,-0.356759631,-0.128429374,-0.470920077,-0.403469056,-0.055843724,-0.252433757,-0.259349861,-0.809700377,-0.333716434,-0.225955085,-0.625270263,0.149124829,0.994224372,0.0227554,0.061948761,-0.047637137,1.564135198,-0.649117341,0.256858326,-0.772930451,0.907431667,-0.248843236,-0.045522323,-0.132566142,-0.563761199,0.241306336,-0.686072863,-0.002769384,-0.710653949,-0.257829879,-0.21481284,-0.346093362,0.565325237,0.267662057,0.056938761,-0.194463923,-0.019898978,-1.823537112,-0.562866697,-0.065640511,0.442042127,-1.160943148,0.262977538,1.728852466,5.96846949,0.396129754,-0.206784944,-0.291010274,-0.568571374,1.035039705,0.268719243,0.59735805,-0.623366514,-0.883444808,-0.188376472,-0.420455489,0.152577655,-0.372351841,0.380031139,0.568146993,-0.453226221,0.49924756,0.158913404,-0.334908978,-0.116059965,1.557952736,-1.331137095,-0.653261517,-0.958660717,0.163147164,-0.521410686,-0.60376466,-0.270526678,0.341987065,-0.00247105,-0.71058894,-0.12240678,-0.816693742,1.232307526,-0.052262043,0.122534613,-0.576927692,1.214273374,0.029053459,-0.089946397,0.057234613,-0.193461737,-0.005733157,-1.020042998,-0.997046101,-0.44923982,0.363213817,0.635141539,-0.9271703
7Networks_LH_SomMot_21,2.191956687,-0.412390951,-0.79034721,-0.544806756,-1.380284341,-0.164035335,-0.19339313,-0.30145598,-0.349429631,0.622721613,0.525523288,-0.326224692,-0.357400668,-0.665487299,0.066194683,0.150959716,0.09290663,0.022006483,0.173618917,1.311773413,0.363451789,-0.313821728,0.573234755,0.395994288,-0.377005874,-0.187608925,-0.410026369,-0.008251077,-1.092225302,0.011785005,-0.398912344,0.317289881,-0.227413717,-0.358885699,-0.288451283,-0.273981818,-0.514509411,-0.521814343,0.220189307,-0.910372384,0.668570879,0.794695806,0.236858393,0.317668,0.205634427,1.700176235,-0.987582453,-0.245386279,-0.200039196,0.770388903,-0.395876284,0.330508765,-0.809861947,-0.451893626,0.399319315,0.182416481,0.164731675,-0.533798596,-0.669022771,-0.482671828,-0.698454211,0.945568664,-0.498025064,0.225214934,1.005802805,-0.069876055,-0.933965627,-0.338379812,0.117891174,0.946063812,-0.906964331,-0.459769686,1.109328272,4.601086041,0.293355272,-0.178227554,-0.116156494,-0.115983768,0.471885815,0.407484459,1.411230838,-0.33417902,-1.083032873,-0.664973071,-0.504122329,-0.790451843,-0.295867828,-0.357486502,-0.586509743,0.159875824,0.50497495,0.456642751,-0.291555579,-1.061845995,1.254730459,-1.333478315,0.048412312,-0.355081869,0.133271875,0.641624269,-0.87929609,-0.207917014,0.748916872,-0.144509189,0.311757575,0.249947823,-0.667274579,-0.641534612,-0.074758368,0.003918098,-0.57834288,0.061167724,-0.519595196,-0.320509343,-0.48800353,-0.432366267,-0.113338908,-0.776639548,-0.817962605,-0.246898054,-0.277140837,-0.265524657,-0.684041033
7Networks_LH_SomMot_22,2.857969005,-0.323592474,-0.772114416,-0.407962799,-2.157649275,-0.374206081,-0.061420379,-0.49938477,-0.705373822,1.12310939,-0.008431809,0.568137419,-1.439511016,-0.392089057,-0.724030209,-0.89185661,0.257122384,-0.81830467,-1.084682876,4.89885534,0.84812598,0.634316144,0.643017973,1.202823186,-0.402398448,-1.261522528,0.690313182,1.045866083,-1.710333106,-0.808514636,-0.4666699,-1.505697611,0.014944649,-0.039054403,0.408073901,-0.762253329,-1.347041646,-0.631431409,-0.285788811,-1.509929519,1.044491844,1.056131177,-0.750547367,-0.2308326,0.200927868,2.931320058,-0.999632322,0.813713568,0.227176272,1.678292199,-0.090197285,0.96608887,-0.9912839,-0.701011664,-0.033892161,-1.054532796,-0.098847985,-1.513930722,-0.512379001,-0.15273119,-0.922925862,0.463826206,-0.093667445,-0.923349133,0.493186554,0.111739379,-2.14950106,-0.421149993,-0.287305252,1.283703998,-1.014168409,-0.535084083,3.223139111,10.24745761,0.908107137,-0.359811387,-0.925443479,-0.674729513,1.485370438,0.370416536,1.381361549,-0.594623639,-1.466521148,-0.641378999,-1.016664417,-0.524111164,-0.661452579,0.342951961,0.112755067,-0.024508567,0.509895046,-0.319028788,-0.573904929,-0.150492442,1.705127468,-2.236191674,0.050142945,-1.383070863,0.336568489,-0.605791149,-0.687229199,-1.128155187,2.770053471,-0.285948398,-1.481063549,0.098653021,-0.572886319,-0.059254158,-0.592600819,-0.140904879,-0.719385867,0.233700752,0.395001386,-0.698258207,-0.066418143,0.066582319,0.59424828,-1.731850049,-1.178559043,0.413757033,-0.088303724,1.021072614,-1.035356075
7Networks_LH_SomMot_23,-0.661876796,-0.838600821,0.314520957,0.34646074,0.187370414,0.23243767,0.128333428,-0.176799573,0.187580681,1.498117063,-0.369377101,-0.344839307,-0.284104882,-0.740781997,-0.265024785,-0.006520932,1.337222261,-0.18373504,0.438867632,0.772480632,0.050000883,0.458334426,-0.67157641,-0.493462891,-0.353188839,0.854046855,-0.146054259,-0.268547611,0.672425469,-0.366960649,-0.0103188,0.007315295,0.112911394,0.302803164,0.328983481,0.708117203,-0.229329765,0.008431268,0.228466445,-0.178406533,-0.051532021,-0.05867148,0.248845695,-0.18620323,-0.28738466,1.881829118,-0.144640127,0.696032506,0.217751477,0.592135108,0.895133506,0.129430548,-0.433602017,-0.574229073,-0.466994335,-0.4999874,-0.597500695,-1.505146043,-0.320485156,0.375352083,-0.351342024,-0.052430629,0.4958417,-1.051017087,-0.28141864,0.385144381,-0.174275256,0.183980875,0.401313476,-0.386739265,-0.83928347,-0.278708448,0.896343099,0.626361721,0.954611456,-0.850622891,1.615967856,-0.194119263,2.255015976,0.278515239,-0.076350993,0.24201692,-0.14601447,0.189729602,-0.239111833,-0.268331647,-0.154074763,-0.720182652,-0.206069122,-0.736068437,-0.004997736,0.510908674,0.101925291,0.16046603,0.588862791,-0.240552318,-0.195980579,0.577074259,0.398393339,-0.529618111,-0.939773528,-0.067708014,-0.098288609,0.476996458,-0.69131407,-0.724821356,-0.266201687,-0.128897138,0.252377464,0.354145741,0.02189179,0.632864934,0.084145392,0.221519976,-0.37759422,-0.759019024,0.522535595,-0.246479566,-0.450800684,0.835780466,-0.272109797,0.44597384,-0.265819508
7Networks_LH_SomMot_24,0.362987984,-0.789532739,0.322202085,0.000836259,-0.862128704,0.213803628,0.061068015,0.872079609,-0.320468483,1.196155801,-0.265151368,0.024613415,-0.363957396,-0.722263854,-0.438400622,-0.622147966,0.386655597,0.429860152,0.769452479,3.459612188,0.156987427,0.376302007,-0.135957655,-0.25142954,-0.351740434,0.451697319,-0.055523032,-0.591929764,-0.44274096,-0.09489793,-0.218530158,-0.031690454,0.075872488,0.398698742,0.526731692,-0.361113467,-0.768892284,-0.047789117,-0.528098699,-0.023046818,-0.207796622,-0.2541528,0.710394134,1.835160562,-0.090390567,2.939529957,0.148268862,1.148139944,0.355767648,0.593668895,0.80794799,0.243517787,-0.149316127,-0.132919478,-0.20355769,-0.962622834,-0.414219545,-0.926449854,0.102867876,0.243194299,-0.397904584,-0.039224937,-0.211631741,-0.79766069,-0.05473427,-0.255453907,-0.478681218,-0.54413755,0.667020396,-0.237415741,-0.584239748,-0.545957889,1.920629323,5.023661948,-0.343241171,-0.649211034,-0.267053728,-0.369544518,1.264572145,-0.272637264,0.939050618,0.606121325,-0.912793056,-0.150218558,0.000129352,0.066208376,-0.259724896,-0.280689284,-0.238887719,0.187094274,-0.018502214,0.180464668,-0.565118962,-0.236130248,0.610619433,-0.688056412,0.10910854,-0.692833206,-0.542398337,-0.317501179,-0.414820047,0.333417346,0.783208811,-0.023581478,-0.487395065,-0.13973534,-0.649554327,0.02204679,-0.632004063,0.201378037,0.069674875,0.599144272,-0.182060259,0.328789596,-0.060577739,-0.592355361,-0.235540052,-0.21434042,-0.450714767,0.007238295,0.277263218,0.449966833,-0.929565261
7Networks_LH_SomMot_25,2.700149027,-0.362040661,-0.50247259,0.219356099,-1.705846503,-0.154032172,-0.783112859,-0.40758862,-0.576568035,0.618193709,-0.983097872,-0.155835109,-0.024343137,-0.256395833,-0.654380521,0.181817771,0.152716173,0.737392695,0.789637359,6.743515999,-0.6130173,-0.860815133,-0.449611981,-0.22439906,0.684705272,-0.965125936,-0.32345079,0.082952185,-1.673183538,-0.725888837,-0.293592056,-0.713035459,-1.513963581,-0.023556583,0.093485652,0.212982574,-1.056987948,-0.53221614,-0.424838253,-0.856790439,0.981135923,-0.29553071,-0.234890092,0.542228643,-0.026162389,6.133916179,-0.454872707,-0.526300192,0.054020728,0.883629718,1.2519122,0.711014191,-0.906587407,-0.598663537,0.257194851,-1.244612799,-0.727089779,-0.215066758,-0.773189034,1.122604013,0.081341605,0.03283982,-0.2055868,0.647975175,0.529029522,-0.567307457,-1.720244048,-1.057281041,2.14278655,0.420552618,-1.682987737,-0.421041419,4.64136133,11.08931801,-0.239565002,-0.490125049,0.06129102,-0.688347629,0.338968898,-0.400262392,3.322800436,-0.636072879,-1.1571731,-0.473752674,-0.914473602,-0.36668456,-1.968036537,2.136334548,-0.641033787,0.433889641,1.116524514,0.460471588,-0.78679796,0.008025354,2.773794555,-2.229451774,0.209946293,-1.770811221,0.045734442,-0.553851869,-0.462608768,-0.69838194,2.441380801,-0.698723186,-1.325305864,0.523599642,-0.423159591,1.491738714,-0.316933007,-0.340811896,-0.9972946,-0.596320306,1.380206173,-0.633462811,-0.671631826,1.083397361,-0.362694883,-1.187944487,-0.438497545,-0.87803247,0.050441657,-0.427259535,0.041334522
7Networks_LH_SomMot_26,2.692893529,-0.797490371,-0.653165672,-0.095153158,-1.78235021,-0.686598497,-0.571260566,-0.944826472,-0.651804238,-0.053068311,-0.108099839,-0.162997541,-0.947234132,-0.451103824,-0.179429214,0.331898105,-0.289825082,-0.15477609,0.463141805,3.546422955,-0.181298598,-0.092607448,0.621854557,0.336254126,-0.403400084,-0.633878473,0.379477447,0.544019581,-1.5457104,-0.833900699,-0.189303241,-0.875322445,-0.606044529,-0.13569969,0.111024158,-0.446712583,-0.715987448,-0.020452474,-0.61286694,-1.473671627,0.370133591,0.471200844,0.125250236,0.357431777,-0.231651898,2.447418839,-0.597956195,0.621879136,-0.173522649,0.927500251,-0.686938922,0.811866544,-0.725499116,-0.889978979,0.166969115,-0.712727871,-0.540742186,-1.2326677,-0.093286176,0.111404846,-0.594747835,0.267476941,-0.632863494,-0.196855939,0.485363981,0.14776438,-2.189865924,-0.125405961,-0.389602098,0.860921832,-1.070865989,-0.154417729,3.009896987,9.077676818,0.846856549,-0.18362607,0.067739941,-0.439078114,0.560553541,-0.429248377,1.28842013,-0.295234054,-0.924287118,-0.243740986,-0.005200597,-0.430465989,-1.356404391,0.415713515,0.215110636,-0.461806258,0.413689564,-0.272010978,-0.621507097,0.702055534,1.565673421,-1.528013505,-0.157368338,-0.873834227,-0.308425053,-0.12376833,-0.395784027,-0.361875727,1.409579066,-0.771123112,-0.851630386,-0.077936666,-0.943295287,-0.32004238,0.029992717,-0.115584734,-0.878719346,-0.185460779,0.331910477,0.002251332,0.114076138,-0.064081791,0.366683575,-1.191296593,-0.987100342,-0.510810262,-0.280907215,-0.669329327,-1.26393342
7Networks_LH_SomMot_27,5.050466602,0.38393664,-0.635585833,0.024328776,-1.411863156,-0.659404212,-0.532737961,0.035915409,-0.609420373,-0.060711579,-0.320998772,-0.555030603,-0.531121805,0.553024106,0.069434072,0.826413064,0.799487801,0.477042641,-0.330305202,1.689971921,-1.208654668,-1.009695577,0.048933369,0.426410849,0.064624641,0.249525966,-0.340663566,0.211667669,-1.336642677,-0.591214168,0.316417153,0.04015325,-0.013972706,-0.657569559,1.385981571,-0.836661133,-0.950296139,-0.703670922,0.375616406,-1.169502927,1.508361816,-0.334374362,2.134199638,0.757029981,-0.17221066,3.473800017,-0.435170423,0.25659521,-0.369401229,-0.193342337,-0.837502101,0.627410458,-0.594116125,0.147975251,1.175893751,-0.523699387,-0.355906076,-0.45502624,-0.561278676,0.146491084,-0.620998614,0.075332113,-1.064471129,0.268480951,2.083303563,-0.581903698,-0.773584803,-0.207647269,0.703780707,-0.107536945,-1.145601255,-0.51865951,1.122417744,4.99245592,2.329049041,-0.398853492,-0.734820609,0.8709015,0.907667066,0.649997176,1.680748822,-0.720834723,-0.770064175,-0.616861426,-0.066414438,-0.311213439,0.153350713,0.636734003,-0.483626414,0.041836441,0.696979686,0.299466819,-0.335355361,-0.145630586,0.875537666,-1.405136573,0.452456251,-0.238572813,-0.485704166,0.0746281,-0.463005041,-0.483057926,1.46002191,0.216984247,0.493671264,0.617763682,-0.960311804,-0.274289587,-0.720676808,-0.36792965,-1.460841758,-0.191198657,-0.854148554,-0.45433916,-0.696515023,0.036874718,-0.568046513,-1.512348063,-0.742794292,0.549327721,-0.055838433,-0.171905225,-0.148455704
7Networks_LH_SomMot_28,1.80866424,-0.88175023,-0.759510399,-0.778464227,-1.223617126,-0.574393156,-0.810682483,-0.544559455,-0.547404291,-0.211394566,-0.550843489,-0.466502122,-0.983122353,-0.369979729,-0.505087833,0.64059479,-0.580621186,0.21001593,0.732464864,3.774195731,-0.47861606,-0.532011565,0.472453999,-0.099077516,-0.26076032,-0.625897791,0.606382281,0.213690894,-1.529785685,-0.442655163,-0.040119956,-0.262111289,-0.330155992,0.009788152,-0.400753436,-0.243216351,-0.586761539,0.112646362,-0.298426199,-1.401337887,-0.248965429,-0.048034771,-0.26413455,0.19149653,0.043540909,2.198167021,-0.638637513,0.823082731,0.488640869,0.476846513,-0.678748455,1.131308938,-0.53015147,-0.694035952,0.386805643,-1.149379655,-0.035159616,-1.367603704,-0.213734119,-0.79087355,-0.975180172,0.310257175,-0.201738077,0.332799881,0.793670824,0.005271344,-2.24487185,-0.295571431,0.224228711,0.694039183,-1.032856074,-0.31950224,1.754984813,7.785991377,0.895715453,-0.120377255,-0.734205646,-0.619076608,2.556584151,-0.326544461,0.91720973,0.071544376,-0.884714534,-0.715778543,-0.51219485,-0.485412253,-1.260600092,0.294090708,-0.179074738,-0.399758613,0.765949695,-0.364806421,-0.675697006,-0.395939611,2.06903888,-1.779112315,0.120705049,-0.05268963,-0.384578142,-0.043564142,-0.234780015,-0.124627794,1.132071291,0.252944681,-0.093110679,-0.783144451,-0.272385837,-0.64661683,0.087312828,-0.391580538,-0.785999208,0.377739674,-0.12046243,-0.161520533,-0.09292191,-0.483214261,0.588911494,-0.280169039,-0.812077401,-0.030206669,-0.353469045,-0.416685725,-1.823867099
7Networks_LH_SomMot_29,2.513039505,-0.18251871,-1.003830532,-0.246859641,-0.901141888,-0.679120184,0.074276022,-0.226422064,-0.661944365,-0.184428492,0.731147839,-0.336055049,-0.528644296,0.403987711,-0.693312015,0.956872982,0.048313796,0.037634309,-0.696788337,3.453568608,-1.05941167,-0.853209845,0.701316929,-0.591873597,-0.533130766,-0.123359284,-0.4038596,0.385804216,-0.839923237,-0.34295317,-0.149933418,-0.073450003,-0.67752324,-0.278070032,-0.070262381,-0.374067986,-0.702028547,-0.585994651,-0.225556793,-0.724994663,0.846563528,-0.315545291,0.895496151,-0.1771526,-0.34809163,1.867754443,-0.080867772,1.250246087,-0.022118591,-0.075281359,-0.539555408,0.908837231,-0.612830806,-0.097473546,0.445944434,-1.249175191,0.333980231,-0.95070899,-0.314649116,-0.408517641,-0.64362511,0.198187354,-1.260293632,-0.337414245,0.90995273,-0.802200256,-1.790794397,-0.656994501,-0.00506791,0.986897633,-0.98260992,0.214553725,1.734464773,5.337984387,1.498185925,-0.080571629,-0.221351047,0.502319895,1.16953642,-0.454665911,1.304604752,-0.37603651,-0.544196418,-0.493617999,0.25701562,-0.475151193,-0.483419128,-0.320301741,-0.489117453,-0.049960137,0.107891206,-0.330438108,-1.394559026,-0.366558583,2.056640411,-0.962003578,-0.220161928,0.14042525,-0.578939492,-0.19336265,-0.445336349,-0.31413583,1.457483438,-0.107084476,0.549601138,-0.36217667,-0.640214025,-0.389453635,-0.452922094,0.394480987,-1.033268783,-0.495653872,-0.617286411,-0.68710136,-0.678508908,-0.237247836,-0.340096475,-1.302558814,-0.691704521,0.767703142,-0.193240591,0.157330454,-1.117310933
7Networks_LH_SomMot_30,4.933226796,-0.479803794,-0.263167788,0.516225128,-1.289566208,-0.243442075,-0.613290349,0.856711292,-0.567301188,-0.582485221,-0.256800494,-0.924507379,-0.691591314,-0.44204817,-0.184885811,-0.262107248,0.420509698,-0.191756575,-0.020146679,3.798441225,-0.558611279,-0.378051738,0.278732563,0.582312664,-0.564249661,0.389743377,-0.165391555,0.069543371,-1.679875717,-1.29064889,-0.09622899,0.615093919,-0.127532177,0.003387042,0.818705381,-0.446884657,-0.367635598,-0.338743913,0.517394808,-1.078795211,1.27081032,-0.279512585,1.329228118,0.877878593,-0.102998883,3.036466149,-0.224724971,0.032874071,-0.164993428,0.038614991,-0.483564811,-0.282047713,-0.465064576,-0.534275016,0.618728353,-0.73293566,-0.27801064,-0.930232519,-0.256850795,0.676336193,-0.158635464,-0.310137704,-0.140518162,1.053124315,0.343213811,-0.09206932,-0.70437229,0.559060395,0.533581428,1.475494841,-1.179551464,-0.121805853,2.337681777,7.530307848,0.398137135,-0.129028233,0.605238728,0.383142146,-0.590848443,0.107223277,3.617854945,-0.907881772,-1.064142674,-0.411432832,-0.099269005,-0.280940151,-0.579192351,-0.067728776,-0.145056561,0.254019474,0.973841838,-0.08608169,0.450921836,0.220742918,1.363324177,-1.844568098,0.311682896,-0.784062986,-0.561838831,0.116445557,-0.255940747,-0.522798905,1.835232856,0.229998069,-0.30296344,1.285339613,-0.585062969,-0.678054081,-0.137631036,-1.107444119,-0.857038292,-0.094640467,0.58862312,-0.433356896,-0.618980952,-0.237552864,-0.62653577,-1.000958181,-0.523239191,0.676332846,-0.426775143,-0.793812427,0.28458391
7Networks_LH_SomMot_31,0.985961677,-0.818047731,0.547117911,0.04229434,-1.23588658,-0.156300639,-0.225631139,-0.272309199,-0.457487574,1.275102672,-0.694368328,-0.377862531,-0.450649286,-0.857426559,-0.547425194,0.171307117,-0.405075199,0.562554833,0.719358266,1.055219719,0.434880481,1.020206515,-0.256498779,-0.75692177,0.010346498,0.765479682,-0.306885862,-0.557929878,-0.71126462,0.174654477,-0.323489847,-0.043321172,-0.342892425,0.152519617,-0.568086317,-0.600128412,-0.061782435,0.650673132,-0.717926899,-0.831868189,-0.284601794,-0.586626511,0.031068946,-0.469313274,-0.007943601,0.350940109,-0.846169844,1.172065436,1.573046461,0.336801224,0.2656372,0.682822731,-0.042019157,-0.628762152,-0.047294667,-1.027884151,0.245718711,-0.570863728,0.059502966,-0.347466306,-0.64656039,0.213408355,-0.223486879,-0.33268632,0.511401054,-0.564033453,-1.706156335,-0.349390311,-0.413579362,-0.469995998,-0.614126593,-0.375526768,1.511293538,3.927477989,0.457433471,1.123340306,0.758104804,-0.502744871,2.398590394,-0.243677065,0.134218394,-0.433360427,-0.52621707,-0.435893176,-0.593826461,-0.567894702,-1.104290447,-0.434505112,0.031324231,0.010548051,-0.157000521,0.253747257,-0.228167841,-0.759664126,2.810005073,-0.076706288,-0.14695382,-0.327220826,0.071015061,0.06099083,-0.398044115,-0.710700253,0.316024828,-0.472905317,0.019226667,-1.01976974,0.0763264,0.905887201,-0.33981185,0.0080669,-0.373124395,0.018094285,0.042823432,0.400323664,0.785973404,-0.392433421,0.177609844,-0.404116423,-0.243070697,-0.416593167,-0.321744238,-0.251526217,-1.056417088
7Networks_LH_SomMot_32,0.460131876,-0.004775554,-0.358813312,0.596060702,-0.860475503,0.271016404,0.583731511,-0.457714823,0.004183811,2.178892893,0.515423503,-0.719103532,-0.961909444,-0.087328441,0.197405195,0.65409162,-0.03425145,0.310010514,-0.099984999,1.689704396,-0.3937899,-0.304394678,-0.156452683,-0.697752855,-0.318627346,-0.557422166,-0.026417715,-0.299559881,-0.335141984,-0.110426385,-0.070634861,-0.511173479,0.347916844,0.586168315,0.420883109,-0.608131492,-0.592968371,-0.591276355,-0.539565489,-0.4104585,-0.498153235,-0.749860727,0.053371352,0.195274929,-0.294915924,2.058932152,-0.366350618,0.588715128,0.325861941,0.520698447,0.57427945,-0.292035442,0.145244454,-0.656811378,-0.052628232,-0.461446667,0.252226687,-1.239956171,-0.244871347,0.515639005,-0.564677078,-0.099166727,-0.087461343,-0.359180628,-0.666583213,-0.430380951,-0.544623867,-0.252935162,0.811801673,-0.262273275,-0.776629795,-0.284688409,1.100597275,3.446745877,-0.195580076,-0.61053167,0.434876719,-0.58976261,1.910159906,0.521122535,1.530557129,-0.281945218,-0.48036112,-0.55668401,-0.420042229,-0.707327873,-1.196364565,-0.27346654,0.839709288,0.028334147,0.258541168,-0.033995373,-0.380346092,-0.085787358,3.167877324,-0.594772573,-0.564741057,0.427799878,-0.017636593,-0.427319232,-0.547568221,-0.331083307,0.966216244,0.542581696,-0.110660516,-0.201189246,-0.236850104,-0.124585845,-0.992625605,1.123120848,-0.371969749,-0.26497136,-0.238762232,1.607333745,-0.318076172,-0.650309614,-0.1753206,-0.515251926,-0.512099769,0.041758604,0.819852487,-0.225243662,-0.52423069
7Networks_LH_SomMot_33,1.280311994,-0.143215411,0.313987772,-0.083316471,-0.267551725,0.219650977,0.071065178,-0.224692129,-0.513692656,0.592760762,-0.118561669,-0.006128747,-0.672184136,-0.449075325,-0.437414951,0.438830951,-0.518757766,-0.386648655,0.913547988,1.604479655,-0.195525671,0.039067692,0.341506065,-0.364233064,-0.669011805,0.178796376,-0.214390272,-0.467139558,-0.268860269,-0.028172195,0.119907269,-0.514052636,-0.501355717,-0.231254825,0.650582886,-0.339629201,-0.739381595,-0.082160095,-0.493999944,-0.696944806,-0.563041244,-0.847159594,0.076872491,0.032438079,-0.115424538,3.187211928,-0.063990138,0.061298361,0.625572256,0.132381263,0.209989885,0.365150949,-0.313352332,-0.17765016,-0.241746941,-0.924857402,-0.962358159,-0.534850679,-0.33224498,0.013133257,-0.293330509,0.257578464,-0.005296991,-0.338027931,-0.839548587,0.618892832,-1.467425756,-0.485379789,0.505839446,-0.077875695,-0.246944428,-0.653156853,1.148506954,4.726289904,-0.136786324,-0.587015922,0.171710052,-0.723486411,1.797602818,0.100175073,1.761176389,-0.48587281,-0.811121933,-0.156972706,-0.692663601,0.018055557,-1.139128042,-0.452784462,-0.552884944,0.331188408,-0.018772463,0.83379155,-0.436170132,-0.282757783,0.930591727,-1.012655487,-0.726240021,-0.049747418,-0.519351816,-0.834612597,-0.52780137,-0.322359998,1.266004456,-0.180666023,-0.250371401,-0.670113196,-0.77774919,-0.157416649,-0.309782689,0.508380987,-0.449436158,0.042920893,-0.424375668,0.165116968,-0.264989927,-0.633861516,-0.169431566,-0.285555826,0.296479035,-0.178120261,0.248046222,-0.65468759,-1.395194379
7Networks_LH_SomMot_34,2.513582382,-0.3519534,0.59333943,0.251555461,0.395301279,0.727112991,0.693924109,-0.485730706,-0.332460222,0.415034448,-0.417276023,-0.532441488,-0.412853688,-0.364176675,-0.501528524,-0.005354393,0.0311229,0.293097405,0.175505267,3.088897936,-0.557193359,-0.603420092,-0.55996635,-0.685531727,-0.307042644,1.313614166,-0.495892434,-0.114657681,-1.140154704,-0.11535987,-0.317156045,0.485832399,0.180978268,0.031039993,0.10145193,-0.167740928,-0.715982937,-0.639615292,-0.414243861,0.030976263,0.17926347,-0.245315311,0.143336365,0.617552356,0.019319292,2.107240144,-0.10598184,0.480600808,-0.092162076,-0.365730578,0.833933619,0.100263317,-0.7109516,-0.705618364,0.035105754,-0.216742313,-0.468368762,-0.59962734,-0.239492463,1.170215896,0.033586323,-0.395437716,-0.359730032,-0.138201054,-0.515771143,-0.067600659,-1.000632108,-0.123832157,0.672411608,0.259146901,-0.117865317,-0.309509643,1.612808748,2.81678164,0.185437022,0.272305265,-0.298372117,-0.579854801,0.802060359,0.094809393,1.024235752,-0.869439493,-0.63274196,-0.753377763,-0.077798468,1.180565668,-0.784337975,-0.04967814,0.512141837,-0.287547525,-0.063155095,-0.112375116,-0.415186367,-0.1230334,1.800252685,-0.714089008,-0.565327962,-0.352592271,-0.871493995,-0.045706467,-0.351114493,-0.537255872,0.544266704,0.575302947,0.80379452,-0.100250317,-0.40743809,0.122061244,-0.390272254,-0.654130565,0.105838384,-0.396988717,0.198084189,0.316440453,-0.750794107,-0.182367143,-0.327341223,-0.107532362,-0.678558477,-0.365199393,-0.722566487,-0.550443945,-0.992189802
7Networks_LH_SomMot_35,0.585622737,0.454946827,-0.213835942,-0.015185033,-0.301955694,0.282481973,-0.101690839,-0.657703574,-0.484503647,0.847615614,-0.634089577,-0.514246479,-0.144344461,-0.800412459,-0.322279942,0.531140573,-0.71329463,0.507133892,-0.168523545,0.780342401,-0.274521825,0.141870077,-0.447337247,-0.418145419,-0.074605104,0.187614142,-0.000857257,-0.247920618,-0.487482578,0.270474398,-0.019280028,0.435783795,0.371112553,-0.40446566,-0.449848191,-0.625626374,-0.074456468,0.023270088,-0.604450742,-0.432493396,-0.40174897,-0.437593701,-0.147843122,-0.035348537,0.425994467,0.735619257,-0.745452945,1.155470389,0.755519238,0.110505806,-0.068261505,0.042677407,-0.534417211,-0.551187115,-0.539487237,-1.096070897,-0.218198527,-0.67981816,-0.16231109,0.24287873,-0.704002652,0.833370735,-0.108214815,-0.022276775,0.288325125,-0.575770458,-1.084734898,-0.533381957,-0.007131094,0.376858772,-0.776081125,-0.171812699,0.550464488,2.582872061,0.382572463,1.651877959,0.165139852,-0.250925488,2.076876937,-0.378555489,0.102947891,-0.823459673,-0.357970767,-0.083996225,-0.585441372,-0.419567885,-0.779876698,-0.297272668,-0.139018619,0.034464401,0.592938415,0.588468756,-0.054024943,0.215632724,1.371291763,-0.885033342,0.232285819,-0.142014648,-0.431135852,-0.576824906,-0.06084841,-0.606042621,0.246133023,-0.218573041,0.150781193,-0.966714604,-0.10347543,0.207465702,-0.798783751,0.66670855,-0.026968279,0.135612121,-0.475010878,0.194427068,-0.312318493,-0.082951127,-0.101962108,-0.391414828,-0.6030959,-0.402520641,0.304851877,-0.110449856,-0.986673477
7Networks_LH_SomMot_36,0.714312603,0.37588532,-0.53053285,0.149439008,-0.032831921,0.342126088,0.04725124,-0.047155398,-0.649505672,1.142813592,-0.374521113,-0.047953722,-0.457837206,-0.366810897,0.049020405,0.576942881,-0.101735073,0.593277462,-0.602311077,1.487512898,-0.211942883,-0.041854538,0.189390149,-0.340485907,-0.292649119,0.272490651,-0.246879363,-0.262612835,-0.035981585,0.360816585,-0.153168629,0.08427274,-0.259575662,0.422173899,-0.415630857,-0.650651311,-0.659468477,-0.064948957,0.05069253,-0.06030527,0.086505303,0.044481385,1.723090758,0.175051656,-0.07542614,1.751009273,-0.298327181,1.825585308,-0.093520208,0.100262853,-0.116037469,0.142860034,0.223350463,-0.636538524,0.294452949,-0.953557054,-0.310076477,-0.60021044,-0.650597516,0.527179667,-0.342099757,0.123264204,-0.036659423,-0.363052962,-0.016580173,-0.626000207,-1.032348105,-0.548445867,0.199262061,1.118900376,-0.509008215,0.258588582,1.045740439,3.082820119,0.925713608,0.11315273,0.194302858,-0.36835712,1.639879823,-0.316510558,0.216349535,-0.872985885,-0.583299173,0.00266748,0.516419174,-0.3358307,-1.086530134,-0.336551553,-0.473899157,-0.070329185,0.544706188,0.813638904,-0.760017783,-0.000950594,1.610976475,-0.562118969,0.170238835,0.544663021,0.321519816,-0.772634673,-0.063951624,-0.472788615,0.430627519,0.300624615,-0.009179387,-0.391943213,-0.209594203,0.033502529,-0.906814388,0.516814467,-0.56769084,-0.212304457,-0.472338239,0.074778202,0.093164008,0.257320007,0.052243288,-0.922346571,-0.625654528,-0.21909442,-0.294736391,-0.105896179,-1.029288658
7Networks_LH_SomMot_37,0.633233908,0.394670804,0.950341267,1.004923794,-0.299761892,0.15888228,0.578380192,-0.517431216,-0.661775758,1.635935271,0.160733537,-0.60359176,-0.862602754,-0.802543889,0.313353433,0.148663852,0.296657483,0.052648402,0.169745247,0.533160157,-0.194413383,0.003589086,-0.678974397,-0.634878419,-0.629058283,0.195325791,-0.435039118,-0.489732006,0.158868947,1.055631522,-0.752402095,0.090286252,0.44733376,-0.58071669,0.087229676,-0.570959461,-0.569855941,-0.369089403,-0.768239995,-0.692370531,-0.815504215,-0.806437087,-0.539694288,-0.457510617,-0.328537824,1.971641172,-0.338074564,0.8467136,0.899247536,0.229618149,1.232334844,0.396638116,0.071150318,-0.414272935,-0.273571232,-0.436466149,-0.469452256,-0.29894355,0.58048479,-0.173257901,-0.398587479,1.484304327,-0.022273144,-0.52574017,-0.915247038,0.813722295,-1.452810273,-0.26101924,0.195777213,-0.109912419,-0.178127289,0.11165341,0.946526045,2.373666594,0.653009779,0.083866992,0.924593902,0.013039921,0.860790484,-0.467249364,0.198148693,-0.971690607,-0.408033242,-0.395040778,-0.714500593,-0.451291241,-1.094401392,-0.270075724,-0.589242396,-0.057738312,-0.342900648,1.103924239,-0.356945792,0.908016448,1.403400874,-0.474123339,-0.292685712,-0.445703938,-0.511776987,-0.499828076,-0.007073146,-0.621523454,0.840144238,0.064737912,-0.200602018,-0.796619298,-0.711466989,-0.552444419,-0.439411253,0.640729437,0.493825288,0.274946195,-0.529179695,0.674093721,-0.238527601,-0.47013224,-0.698050496,-0.954726107,-0.360348932,0.14356866,0.104974959,-0.412142033,-1.246047522
7Networks_LH_DorsAttn_Post_1,1.383768361,1.544981501,-0.813968813,-0.906785665,-0.662946004,1.045367156,0.042540924,-0.906961481,-0.136844707,-0.50994008,-0.821733162,0.686970872,-0.660039283,0.044926879,0.371258148,0.518923647,0.434447771,0.764759718,-0.109265432,-0.548663069,0.120033559,-1.129972894,-0.427321171,-0.198258231,-0.124108438,0.169924347,-0.030075693,-0.363172852,0.787078614,0.24401806,-0.014103317,1.516197402,0.568869673,-0.341749514,2.864634607,0.836194128,2.363153577,0.916076579,1.181811385,0.96916727,0.438894726,-1.013157714,0.784217053,-0.656147101,-1.028146546,-0.374801728,-0.30458234,-0.679581806,-0.075682895,-1.311412706,-0.226236254,-0.212866557,-0.570954864,-0.540839058,-0.307844015,0.35038381,0.246830627,2.315464116,1.6584364,-0.037287836,-0.015673327,0.376705983,0.575681597,-0.026786889,0.016646957,2.600511386,0.314615132,-0.138475393,0.072220082,-1.100851465,-0.950444954,-0.063694926,-0.311153809,-1.294978678,-0.096765426,1.537868375,-0.12869268,2.115664871,-1.184423965,1.550382745,-0.496384487,0.548047051,-1.135799909,5.416197189,-0.469685296,0.192550299,3.996476787,-0.157739024,0.442697167,-1.187481755,-0.417029254,0.440981441,0.520995077,-0.249599143,-0.578161572,-1.516635334,-0.312498019,-0.468985808,0.4763179,-0.31329652,0.481073395,-0.390940637,0.619824026,0.083888942,0.357049535,-0.438122563,0.313717846,-0.034012308,-0.095781633,-0.331971869,-0.665332894,-0.101467989,-0.058137042,0.462971724,-0.368668366,-0.247489996,-0.87025445,0.853355152,-0.153441864,-0.628342115,0.63550385,4.206465165,-0.455260222
7Networks_LH_DorsAttn_Post_2,0.655702984,0.099127118,-1.140578598,-0.925781703,-1.153091006,0.012553029,0.249666648,-0.458621353,0.107793151,-0.445412242,-0.459887811,0.825278484,-0.354495344,0.508704625,0.729219715,0.177433645,0.54469839,0.154646341,0.992114755,-0.592028112,1.261763398,-1.282848309,-0.361016005,0.573127042,1.032985897,0.279572186,0.761862923,0.284885414,-0.500183859,-0.936885331,0.097098739,2.773660682,1.403111755,-0.120644173,2.430921056,-0.666757963,0.916297113,0.44143191,1.927864782,-0.074743762,0.547869268,0.067784228,-0.118615946,-0.009247474,-1.21577075,-0.040586022,-0.863566521,-0.395634475,-0.796784717,-0.9986815,-0.870848518,0.043595523,-0.968249056,-0.683864213,0.625296951,2.809110449,0.778048799,4.263295416,0.637088541,0.4414735,-0.461305767,-0.004847505,-1.152948839,-0.224057114,1.608965062,3.178817052,1.916424262,0.270938626,0.45961837,-0.621874962,-1.274966479,-0.658549936,-0.741085993,-1.775419229,0.080880278,3.072698931,-0.171659702,1.337789419,-1.438663668,0.205058981,-0.196124601,1.839821158,-1.162009969,8.487415015,-0.159355406,0.120266892,4.019534064,0.334024766,0.092450962,-0.658698831,0.249663716,0.434380413,2.965864475,-0.013305323,-0.787760143,-2.037864543,0.24546636,-0.660718887,0.187916094,0.065760023,1.385477874,0.214716232,0.489961239,-0.766542778,0.05651944,-0.415255593,-0.915722843,-0.460568638,-0.394892145,-0.303637359,-1.570163383,-0.724948782,0.722181775,0.452451767,-0.851167815,0.84187393,-0.727703164,0.234182053,0.695184756,0.397488176,0.506918606,3.824032771,0.26920918
7Networks_LH_DorsAttn_Post_3,3.316264267,-0.245843195,-0.960163716,-0.744120378,-0.995088113,0.805953991,-0.672415436,0.05618515,-0.42384121,-0.016527573,0.602025314,-0.223253567,-0.262193017,0.476660981,0.29960878,-0.04109076,-0.244064197,-0.351242983,0.11074103,-0.065410718,-0.92491334,-1.65957473,-0.35868971,-0.327737322,-0.413724171,-0.754497603,0.095219382,-0.191125149,-0.026001877,-0.079585343,0.715426488,1.062378548,0.204103742,-0.204194593,0.417132071,-0.353903873,-0.231339869,-0.240268875,0.299808569,-0.265302847,0.102540133,0.250191328,0.92055621,0.671400628,-0.712632184,1.659201756,-0.506914594,-0.284384594,0.171453225,-1.081702556,0.046476958,1.12361732,-0.382596477,-0.291641862,0.040557341,1.228020013,1.442808166,2.000130627,0.173593576,-0.597172595,0.192537687,-0.007698353,-0.018011488,-0.132136096,1.762352667,2.726982313,0.00333109,-0.214953737,1.926022748,-0.440620867,-1.367327122,-0.665581016,-0.580336786,0.36485411,1.950161163,2.552374299,0.292830682,1.587768487,-0.021133205,2.713210416,1.589205121,-0.170634607,-1.133758034,2.471541783,0.048880429,0.164800457,2.064358302,0.506809594,-0.267798566,-0.432827124,-0.069615847,0.31948217,1.536643539,-0.791121233,-0.24635352,-2.112077376,-0.102066676,0.133890755,0.293534121,-0.193214233,0.903150185,0.106088818,0.920976836,-0.442805021,1.417319074,-0.030483028,-0.263590134,0.426306123,-0.349548424,-0.10465441,-0.672542835,-0.386633738,0.366240514,0.504391525,-0.797798761,-0.647531164,-0.414711908,0.896488638,-0.322921964,0.646265685,1.394527633,1.354211427,-0.394813973
7Networks_LH_DorsAttn_Post_4,2.082251808,-0.392510527,-0.490406518,-0.113054201,-0.978995639,0.896656974,-0.226547187,-0.516011836,1.71918672,-0.233708635,0.200032438,0.141176404,-1.35736633,-0.219653443,0.648310881,-0.307749687,-0.523682443,0.052680398,0.182977595,-0.070318651,-0.599247779,-0.808842536,-0.383597582,-0.346722551,-0.085968466,-0.542761431,-0.052330917,0.1437024,0.461489037,0.272474312,2.030350563,0.065190989,0.659266372,0.163177945,0.741769462,-0.188577202,-0.278073057,-0.264253772,0.946672157,0.079637217,-0.070162358,-0.501322935,1.730140485,-0.543752449,-1.004697282,0.352863726,-0.354269566,0.356195777,0.273412683,-0.598118272,0.02685417,0.60517242,-0.29847911,0.941071458,-0.316925232,0.355283293,0.652555704,1.771998567,0.667763491,-0.913378916,0.16428871,0.206478414,-0.37091768,0.277496626,0.254470656,1.353154892,0.36673089,1.027148497,0.993091203,-0.876772078,-0.580128357,-0.380681654,-0.699966116,-0.021104276,1.388276649,1.036859823,0.356071991,0.002417423,-0.466141818,1.955372867,0.220615778,-0.365855757,-0.146595208,0.750880946,-0.349570445,0.458215283,0.563341965,-0.029335921,-0.639989558,-0.670973226,-0.095640846,-0.063297966,1.841838771,0.12288318,-0.340860718,-0.969668052,-0.752736606,-0.73326312,0.259358585,-0.548162498,2.388220891,0.239348654,0.746637515,-0.635968171,2.049526124,-0.338658795,-0.407237438,0.02319922,0.110958658,0.412301029,-0.919665829,-0.474184449,-0.117443466,0.582229701,-0.087002874,-0.316535427,0.337245847,0.986047704,-0.364236003,-0.353036077,1.075507963,-0.043021355,-0.619730076
7Networks_LH_DorsAttn_Post_5,0.617968378,-0.402819191,-0.739666861,-0.473860354,-0.862876751,-1.129554536,-1.024915164,1.352723519,0.082705356,-0.473964175,-0.129550137,-0.322579296,0.366873992,-0.997398468,-0.132854909,0.157402732,0.023741052,-0.632310856,-0.686277267,0.12800762,1.172443198,0.869318582,0.586061843,0.155149725,0.362598684,-0.691530332,0.495946098,0.046410352,-1.607794065,-0.796047508,-1.268700566,1.92102329,0.334429309,0.198203218,1.302111821,0.088869561,-0.925179416,-0.850979166,0.762882603,-1.353700032,0.729359085,0.134092972,0.772445582,1.221224584,-0.616980971,2.346786879,-0.444478481,0.428008255,0.060560439,-1.122205041,-0.386941951,-0.235381662,-0.339662628,-0.217577119,2.043461993,1.363660581,0.029401234,0.238022416,-0.468624711,1.000914853,-0.754620087,-0.479741067,-1.31602081,2.556470837,3.368728715,-0.203731073,2.804745815,0.00396339,2.715935086,1.067692278,-0.804248295,-0.894070964,-0.342182078,-0.639365506,0.18958575,1.00153202,1.51859144,-0.028048652,-0.98634035,0.451564195,0.577411055,-0.375073873,-1.014435142,2.531405651,1.056109641,0.275175358,-0.249831517,0.694500904,0.511057209,-0.111921898,0.399320399,0.029119087,1.763293469,-0.611115382,-0.817727393,-1.308809199,1.558022004,-0.876021834,0.17187026,1.2691417,0.620363113,-0.497321399,0.506560641,-1.55538952,-0.955588926,1.897737223,-0.723101339,-0.421294632,0.02843214,-0.877201749,-1.859514863,-0.658346546,1.154793581,0.173109855,1.179683318,0.505445332,-0.256513803,-0.61245141,0.44365073,1.299436516,1.143431048,0.263179528,3.566630762
7Networks_LH_DorsAttn_Post_6,4.684576742,0.333830162,-0.523577888,-0.359980438,-0.975777867,-0.417401838,-0.958247126,0.207960321,-0.498712502,-0.022464954,0.67420357,-0.089410325,-0.218711836,0.199334153,-0.21336515,-0.029955773,0.359385629,-0.160745217,-0.144556213,1.757124476,-0.332420787,-0.496044714,0.193661275,0.439450854,-0.501564814,-0.515665228,-0.661462029,0.805219908,-1.002232854,-0.093305791,1.021055219,0.288242006,-0.897960559,0.038523783,-0.064362007,-0.334061839,-0.919539194,0.159309353,0.223850627,-0.593526647,-0.628329859,0.418118595,0.286318317,1.314273015,-0.669847107,2.611801253,-1.083716869,-0.072668869,0.376067983,-1.044730861,-0.306189582,0.951562656,-0.80528479,0.146763142,0.21070708,0.185594429,0.445495817,0.732812344,-0.152293819,-0.082264829,-0.282602182,0.916303126,-0.955888339,0.381140706,1.967295477,1.052812082,-0.479676113,-0.303378226,1.670251842,0.420302211,-0.998989323,-0.780926467,1.4624243,2.129992718,0.166588753,0.572042305,0.09303754,-0.608318359,1.493550615,0.83940756,1.685761682,-1.280802664,-1.127474146,0.85935666,-0.493657301,-0.216235638,-0.435771929,0.966742945,-0.265064086,-0.010768488,-0.283315561,0.704857171,0.340296342,-0.490786435,0.688736401,-1.926895765,-0.289086374,-0.407807457,0.085847308,0.233380767,-0.105596562,0.760534853,1.680765167,-0.886341134,-0.365559582,0.635584996,-0.58004063,-0.557335625,-0.002850378,-0.254125604,-1.148307057,-0.504776953,-0.415963305,0.364165839,-0.15794613,0.334245502,-0.325583739,-0.940104064,-0.610279909,0.478630446,0.093593864,-0.23857371,0.39471219
7Networks_LH_DorsAttn_Post_7,0.935098265,0.692762898,-1.427890257,-0.808737396,-2.060188267,-0.525413707,-0.530979667,2.275624432,-0.64753356,-0.276820537,-0.95827794,1.133325622,1.151597961,-0.880029979,0.499521356,0.352822263,0.094139648,0.002158234,-0.115087353,1.350869068,0.216039043,-0.007594668,1.167475241,0.563281002,0.474718105,-0.762308391,1.289303695,0.519639161,-2.804576337,-0.932864547,-1.122754931,2.009851027,1.077101086,-0.441292082,-0.013083854,-0.31358235,-0.73051361,-1.178575641,2.006329251,-1.767983203,1.922373015,0.405158773,0.582141749,1.290755577,-0.893117519,3.004654774,-1.069542826,0.616820527,-0.484214567,-0.090323936,-0.132315698,-0.360720116,-0.22933091,0.426167834,2.877525202,2.477284145,0.285465726,1.128862003,0.103467829,0.5155718,-1.539791579,-0.574639273,-1.680731607,2.96624218,1.501663147,0.011285042,3.718481054,1.069147479,1.525289669,0.461281767,-1.653019176,-1.446145475,0.074041102,0.502852355,1.005263889,1.539469952,0.612166171,-0.140756841,-2.157736892,-0.870874889,1.924705863,-0.165519633,-1.367460909,3.971821464,0.739189226,0.158254788,0.030649527,1.270847588,0.013417659,0.28336545,0.275451068,1.608752996,2.309998875,-0.803557939,-0.609769856,-1.92703292,3.250426656,-0.616569746,1.703704057,2.08929309,-0.137579171,0.260609465,1.00465544,-0.737207166,-1.724286576,2.254631828,-0.529197173,0.618701907,0.057443247,-1.004674046,-1.775152521,-0.013312303,2.043992159,0.43859058,0.38138827,0.942466047,-1.078182189,-1.697120222,0.484972024,1.97393457,0.726769927,1.275302811,5.002730918
7Networks_LH_DorsAttn_Post_8,3.852960018,0.490767546,-0.292610611,-1.002052525,-1.74899244,-0.491209426,-0.584950121,0.531870412,-0.74609535,0.522719419,0.255982897,0.010084648,-0.239244537,0.339035212,-0.041544727,0.370449076,0.526391363,0.120345834,-0.384890542,2.262386892,0.102735249,-0.83923987,0.661818028,1.443898139,0.334356058,-0.758789502,0.026102057,0.488089398,-1.560234679,-0.061524529,-0.624924944,0.032047473,-0.225243714,0.188250097,0.052094425,-0.981515763,-0.66331025,-0.951884824,0.698828214,-1.607063499,-0.119564222,0.847540913,0.639821317,0.346148058,-0.326525044,2.852694496,-1.398353464,-0.774755122,-0.041551948,-0.611845638,-0.480621,1.075163012,-0.417664538,0.046971974,1.189048082,-0.178413971,0.799067247,0.08539819,-0.621229446,0.65366438,-1.147202341,0.982461438,-1.209180999,0.00358637,1.205334578,0.308934241,-0.53186225,-0.788379109,1.235230922,0.819743609,-1.568446766,-0.813215018,2.242981845,3.714321604,0.551356982,0.345074063,0.068383523,-0.832945228,-0.122979906,0.508742752,2.118575021,-0.781669713,-1.21132655,0.354324224,0.088845235,0.201687811,0.249356847,0.654333622,-0.807969545,-0.528016488,0.893138434,0.560752854,0.231310571,-0.908659758,1.161827786,-2.309423369,0.304912483,-0.635938085,0.67050869,0.098270305,0.155253117,-0.357280507,2.276242828,-0.47938639,-0.800737428,0.616280583,-0.329237252,-0.408936913,-0.304162405,-0.278005869,-1.102120093,-0.373035318,-0.541276526,0.075656698,-0.879970125,0.363124366,-0.407283829,-0.708352253,0.161533228,0.08096794,0.465806831,-0.316006716,0.48006343
7Networks_LH_DorsAttn_Post_9,1.936339393,0.836210388,-1.099337714,-0.676729457,-1.885490722,-0.593818924,-1.038370467,2.820331573,-0.932876253,0.131059159,0.005113068,0.914313365,1.442691569,-0.479727263,0.485254928,0.310233374,-0.062621093,-1.014109355,0.987775199,0.939661252,0.749575113,0.153153231,0.168693546,1.431315579,0.136948175,-1.262041233,0.000443884,1.194560797,-2.370474848,-1.172810625,-0.998711883,0.995934933,0.142313817,0.831820778,0.300332577,-1.377726277,-0.967420826,-1.142586174,1.609962636,-2.388511167,1.032497766,-0.347643929,1.427243819,0.834029343,-0.81815535,2.326653733,-1.043395726,-0.645985205,-0.362635167,-0.879144314,-1.767365809,0.077150877,0.281439999,-0.625726948,3.492333346,1.606432917,0.045946498,1.446876191,-0.122203704,1.324274889,-0.313513102,-0.11485335,-1.868276942,3.003437564,1.73875388,0.558291193,4.042325204,1.93368961,1.457750411,0.625021569,-1.394651417,-1.609230287,0.360283107,0.5254402,0.709999425,-0.847133891,0.160470956,0.093570621,-1.520181281,-0.332878499,2.045418828,-1.12093868,-0.94480984,2.235412737,0.499677942,0.834913794,0.424208392,2.009789704,0.172464143,-0.364220026,0.965132424,0.294824845,2.023755296,-0.55141663,-0.583472705,-2.066719578,1.109210822,-1.015287675,0.093463278,1.611184311,-0.140845193,0.69215651,1.126451541,-0.703729107,-0.621674243,2.011045715,-0.301061136,-0.642906536,0.465068948,-0.657475799,-1.789378411,0.934304515,1.296298699,0.24957767,1.112884859,0.82992084,0.006524726,-1.084655734,-0.083819735,1.246352778,-0.521822101,0.559616169,5.862415939
7Networks_LH_DorsAttn_Post_10,1.782765666,0.918094113,-1.372254906,-1.000365273,-2.234521479,-1.352848281,0.115696481,3.962910057,-1.300688086,-0.858798121,-0.065333351,1.453909155,1.021056027,-0.346401015,1.110124531,1.105051198,-0.491753343,-0.667620968,0.400610967,1.564918776,1.830652448,0.842596418,0.914352001,0.352566701,-0.487925271,-0.922510536,0.882108305,0.383304439,-2.987742181,-2.023718491,-1.368873249,2.076104812,0.744816892,0.48257724,0.661909154,-0.995549193,-1.155840785,-0.922289712,0.275114132,-2.450980364,1.516816712,0.526922254,0.498531861,0.275011539,-0.63950778,1.963271898,-1.090720036,-0.596229629,-0.131970743,-0.589244029,-0.7006763,0.537622785,0.064208955,0.146129396,2.452374982,1.996002192,0.560875379,1.406342523,-0.151254152,-0.027006642,-1.647885035,-0.789151046,-1.544830693,2.385575538,1.174198384,-0.081331399,3.620508753,1.514474083,1.290176526,0.61163172,-1.404759853,-1.241667171,0.817819605,0.202806925,0.774121978,1.208797418,0.801149131,0.105836349,-2.160834708,-0.95534514,2.094423448,-0.552291399,-1.600190156,4.753246565,-0.134252967,0.102649793,1.147191494,1.963348159,-0.155957227,0.03027926,0.817746175,1.905124465,2.800854527,-1.35764973,0.372102447,-2.311563488,1.278657068,-1.215251406,1.532655675,2.253288051,-0.053912727,-0.483723276,0.413111299,-0.494159346,-1.623648724,2.390997041,-0.57461883,-0.235366764,0.069370819,-0.075181115,-1.967038997,-0.25197343,1.271096977,-0.851541894,0.152672739,1.09404952,-1.128125775,-1.459214846,0.402506125,1.674129664,0.035847707,1.48710978,4.829537187
7Networks_LH_DorsAttn_Post_11,6.083848999,0.187788539,-1.177112703,-0.571259329,-2.332215846,-1.209084486,-0.866669853,0.272882414,-0.973121327,-0.004167766,0.887555706,0.265930443,-0.478051778,-0.054887117,0.233759687,0.463893835,0.054547758,-0.265186425,-0.381915664,2.607399983,-0.32269329,-0.549806736,0.917106875,1.915639197,-0.636011693,0.068286712,0.637884991,0.661235842,-2.683050533,-1.212897084,0.278597139,0.54657328,-0.869298328,0.200056496,0.71441106,-0.704091962,-0.969164954,-0.993916817,0.327103449,-1.83725995,1.101526865,0.005870161,-0.156696959,0.850944028,-0.444398647,4.012868962,-1.120466445,-0.948446404,0.11196059,-0.297141429,-0.726204745,0.014194733,-0.507580883,-0.361696379,1.848655925,-0.50261914,0.227197779,-0.170516022,-0.803314351,0.663374272,-0.78076903,1.004373371,-1.307851868,0.563855297,1.467065484,-0.062024525,-0.093796957,-0.973795592,1.483762023,0.847019674,-1.473931428,-0.86084089,2.002695761,5.207795447,1.294303626,0.765988507,0.230342717,0.34494387,-0.015843939,0.945447473,2.187861583,-1.207668753,-1.102490418,0.917784659,-0.055799487,0.077936209,0.163897006,2.394438281,-0.688479401,0.167795964,1.243051087,0.181735588,-0.469520395,-0.579323565,0.573388734,-2.716131052,0.527002886,-0.6634206,-0.584211421,-0.001400683,-0.772885776,-0.511954246,1.97509596,-0.570778974,0.041659772,0.646529206,-0.776798126,-0.588327779,-0.308636798,-0.490846759,-1.451564926,-0.350604011,-0.030510502,-0.149317872,-0.359338593,0.588259851,-0.160120055,-1.508688038,-0.354777126,0.675442147,-0.005450072,0.055931189,1.259600684
7Networks_LH_DorsAttn_Post_12,3.842233018,0.765145231,-1.107835634,-0.77373257,-2.04240329,-0.685545085,-1.090415491,2.51597182,-1.396537431,-0.358529868,-0.44242563,0.353974117,-0.182318665,-0.417120275,0.05156554,0.369827577,0.287046186,-1.026087802,0.021321481,1.60179996,-0.05414793,-0.642181393,1.282746395,0.49549847,-1.147257845,-0.429155541,0.284819998,0.916177235,-3.090099361,-1.384502572,0.170232773,0.605324629,0.081227771,0.668276682,1.39810601,-1.103251906,-1.26101394,-0.764034248,-0.199885888,-1.806604103,1.989132585,0.453136948,1.383782125,1.277971296,-0.453253283,3.401281674,-0.567790545,-0.762978898,-0.065051827,-0.740596979,-1.332167171,0.594317919,0.047986156,0.033290128,2.317997403,0.095075958,-0.551608856,0.63666768,-0.064063211,0.330872048,-0.682965877,-0.035827937,-1.234626389,1.695987045,2.393218458,-0.486643539,1.185463022,0.348291887,1.346903342,1.271066498,-1.000401584,-1.214312829,1.432473419,3.543783853,0.883092683,0.760013663,0.034835475,-0.003759884,-0.84936275,-0.165680123,3.431939429,-1.236339082,-0.61627458,0.840997113,-0.099936813,-0.026011862,0.580096706,2.069843869,-0.548234646,-0.323338318,0.924551823,0.045428486,1.034407519,-0.749564728,0.926243081,-1.7767162,1.667068782,-1.199547169,0.497654073,0.567137251,-0.427056085,0.473101557,0.375212324,-0.70888132,-0.123129479,3.495749398,-0.937021056,-0.228950169,0.070158829,-0.629099257,-1.92753025,-0.31744953,0.376736158,-0.038172082,-0.583086454,0.607822339,-0.680180288,-2.01291323,-0.522350189,1.881135483,-0.211786596,0.034145778,2.608202806
7Networks_LH_DorsAttn_Post_13,2.73761527,-0.769366253,-0.803018157,-0.208695702,-1.650422266,-1.108053124,-1.264447539,2.479141286,0.148309965,-0.528110964,-0.098496983,-0.004150299,0.322848125,-0.204675281,0.850544846,-0.605514362,1.346022282,-0.048465436,-0.434818201,0.613735272,0.184352489,0.174355562,0.210236856,0.491059272,0.390353185,-0.87186568,0.569557927,0.401084826,-1.741739315,-0.499564623,-0.512842457,0.385108769,0.189128266,0.200135728,1.375279942,-0.97559914,-0.875718433,-0.82426213,1.023463875,-1.52539623,2.105991608,-0.811160241,1.823966295,1.671376377,-0.430291325,2.346598502,-0.393176398,-0.634756501,-0.660303032,-1.277520459,-0.275315524,0.058379333,0.075743222,0.063700117,1.585580042,-0.106997472,0.679931871,-1.068354868,-0.407567867,0.109820783,-0.838546169,0.170734453,-1.22982281,2.06459962,0.948589691,-0.186731865,3.212723241,1.220946349,0.637774705,1.292115313,-0.881725294,-0.860632322,0.183948178,1.668663959,0.834011171,-0.108329496,2.48348215,-0.373643661,-1.439456822,-0.054389543,2.853119713,-0.977162318,-0.968508074,0.444918958,-0.559187896,-0.043055467,-0.263377636,1.773359938,-0.317166549,-0.616332719,0.611789014,1.206258585,1.58491539,-0.057572649,-0.434782669,-0.803794664,2.95439957,-0.322802762,1.301937474,1.764195279,-0.601466438,-0.250560621,1.127796427,0.039174143,-0.163433357,2.193705184,-0.484100727,-0.275296233,1.235074976,-0.544373562,-1.319151161,-0.168352561,1.423526289,0.199177813,0.172114217,0.803896967,-0.504677993,-1.197506955,-0.046960098,1.586904819,0.060348758,-0.7096915,3.796727464
7Networks_LH_DorsAttn_Post_14,4.228939746,0.002367939,0.064455904,-0.737953592,-1.408456046,-1.079138429,-0.997958902,1.981727711,-0.433570315,-0.651309995,-0.216444645,0.064830095,-0.691274401,-0.151588447,1.411623511,-0.053909673,0.106251318,-0.185626795,-0.215802497,1.783659635,-0.855802862,-0.806869877,0.522936453,0.083261453,-0.274823634,-0.799041679,1.266939845,-0.192950031,-2.042577426,-1.284391477,-0.156301932,0.443806805,-0.234375961,0.524034361,0.690307833,-1.075560745,-1.03288537,-0.543022218,-0.159422862,-1.345875973,2.843108336,0.934174532,2.623013499,2.063278778,-0.755626218,3.400844085,-0.803983834,-0.202297271,-0.833555682,-1.202508528,-1.000446364,0.543909584,0.6147543,0.532276526,1.375968651,0.13803665,0.963249711,-0.97698262,-0.461983544,0.087584721,-0.845127543,-0.177582302,-0.649559222,0.743817326,1.851336873,-0.446331716,0.393812467,-0.298170553,1.081602645,0.484988796,-1.185114382,-0.532712717,1.599199907,3.808650798,0.562648443,0.367173977,-0.025340166,0.30897152,-1.434746705,-0.140398474,2.253477223,-0.874163626,-1.066125461,0.475695996,-0.172162162,-0.211202875,-0.985217267,2.958810134,-0.288986782,-1.217744393,0.105483074,0.515044527,0.231344033,-0.373119821,-0.069495719,-1.50959398,1.035486657,-0.948548268,2.00448855,1.67023784,-0.856489311,-0.671998254,0.34406424,-0.039194663,-0.685474252,1.762859869,-1.149983737,-0.270643376,0.388806357,-0.491270027,-1.474815674,-0.724159426,0.254239871,0.043793894,-0.082409761,-0.070960426,-0.553805028,-1.629608677,-0.081427152,2.227141995,0.413047619,-0.371755568,1.337988123
7Networks_LH_DorsAttn_Post_15,1.535417008,-0.579269511,-0.708434801,-0.158913286,-0.952985258,0.384145639,-0.367561342,1.499021313,-0.482968741,0.09098509,-0.192720721,-0.609237585,0.382672239,0.290379003,0.771056588,0.170643551,-0.530631185,0.132076741,0.053703548,0.336712905,0.867049948,1.07560541,0.392153374,0.043023804,0.121055083,-0.621957877,-0.266520265,1.182540701,-0.081493147,0.513469424,0.465543679,0.970823435,0.262803062,0.692196065,1.649557848,-0.734302488,-0.624385925,-0.687951533,-0.266916113,-0.46107926,0.269323498,0.253167783,1.147850443,1.024367076,-0.541460521,2.679849725,-0.004360965,0.521364845,-0.066108452,0.234839698,-0.298361985,0.222370215,-0.174092377,-0.203950657,0.200903084,0.143209469,-1.343952002,-1.057496109,-0.214265623,0.049737161,-0.150285279,0.85578109,-0.944944582,-0.277877306,0.023046018,-0.646613497,0.643778025,-0.171993906,0.809080698,0.465427772,-0.836645229,-0.985994758,0.528672081,0.901278131,0.687513346,-0.832700591,3.146188236,-0.679382025,-0.654742272,-0.108606455,2.530071067,-0.026923308,-0.870884963,-1.039209235,-0.242179423,-0.262742176,-0.882168221,-0.726106624,-0.249523652,0.348473968,0.217001331,0.741297138,0.023472409,0.085098929,-0.264164307,-0.475889821,0.297496482,0.154173442,0.56236501,1.525372494,-0.626977046,-0.459579358,0.748326107,-0.282805921,-0.104981672,1.594714642,-0.398488861,-0.572295827,0.758829958,0.076299663,-0.355814958,-0.338791906,1.142655832,-0.096532926,-0.094499771,0.771048244,0.084989715,-0.389072598,-0.413376384,1.251352111,-0.142625187,0.168655311,0.321151266
7Networks_LH_DorsAttn_Post_16,3.957806678,-0.28660805,0.178798484,0.341670649,-1.263166634,-0.429603947,-0.887685787,1.605854923,-0.295567163,0.106858696,-0.144379503,-0.316855776,-0.07387483,0.167697604,-0.040919894,-0.234534188,0.519182899,0.526802775,-0.82644836,1.803927425,-0.181789488,-0.120940977,-0.172259124,-0.103616233,0.080392282,0.217664169,-0.47528906,1.056320734,-1.18813982,-0.413398067,0.031786447,0.977555196,-0.890051673,0.187204227,1.988923766,-0.255051862,-0.70837638,0.025143918,0.506359418,-0.357133846,2.712731885,0.226068365,2.283166375,1.897698356,-0.787960723,3.972385013,-0.58547754,-0.350587244,-0.436626822,-0.254001802,-0.89591719,0.124392008,-0.025272378,0.467284646,0.755715252,-0.641970541,-0.017504363,-1.335774548,-0.755622913,0.524891266,-0.783399917,-0.463736524,-0.30714611,0.992000365,0.586876917,-0.546887426,-0.240942519,-0.504878043,1.383710543,0.634585169,-1.177304887,-0.005176583,1.354155049,2.568996174,1.417943545,-0.017170134,1.010221918,-0.35009538,-0.485343076,0.898768726,1.473913034,-0.953565688,-0.547087845,-0.884421541,-0.241909672,-0.390871526,-0.723252856,0.179886035,-0.504395574,-0.365261376,0.120174773,0.132534148,0.275071081,0.076198559,0.399445366,-1.250278711,0.731126326,-0.684028484,0.575904391,1.279676199,-0.928212223,-0.767652345,0.736798066,0.724215885,-0.567981002,1.366647329,-0.422331823,-0.796538279,0.666433546,-0.926812353,-0.771955185,-0.313456921,0.108859145,-0.060749554,-0.66768969,0.308944642,-0.736555016,-0.791839256,-0.670081408,1.936454384,1.035849424,-0.023843759,0.525388169
7Networks_LH_DorsAttn_Post_17,1.083763988,-0.063263364,0.007601977,0.199504775,-0.808471039,0.36263602,0.488646069,0.375674035,0.239848276,0.169432379,-0.338332809,0.179009223,0.385761293,-0.49146025,0.406316239,0.349878644,-0.045026056,0.954917999,-0.576963499,1.288137338,0.621424786,1.017363109,-0.136852314,-0.35454378,-0.079979533,-0.662994155,-0.755480831,0.335953444,-0.651857147,0.300296915,0.316668615,0.216061616,-0.340635272,-0.208328753,0.181595405,-0.229733422,-0.643217953,0.059622381,0.150531486,-0.499555262,0.057398265,-0.51784858,0.395242799,0.780387446,-0.738166384,2.641775747,-0.205808525,0.426529138,-0.307836272,0.009116425,-0.345246309,0.157440442,-0.049012892,-0.617760854,0.510317649,-0.684191819,-0.365546444,-0.94844122,-0.517119026,0.306684156,-0.528493974,0.040299072,0.740184205,0.247750359,0.187212414,0.239117467,-0.891461608,-0.096413196,1.495973705,0.372506264,-0.457649004,0.198041193,0.29033864,2.574265458,0.886743047,0.056488951,0.546618919,-0.644817471,1.180356954,-0.195693958,1.725954951,-0.717942633,-0.606610104,-0.673605665,0.058418778,-0.355446683,-1.031429785,-0.622421402,-0.299066691,0.342112901,-0.016678653,-0.222359736,-0.13128644,0.183344518,0.559173337,-0.080978235,-0.053741399,0.342385312,1.112968526,0.624396581,-0.598719354,-0.61683404,1.231478254,0.46714987,-0.117546559,-0.374421427,-0.240157967,-0.670377348,-0.399391852,0.066062439,-0.842265603,-0.274175563,0.025579731,0.103549494,0.840396998,-0.473584168,-0.763295747,-0.493036439,-0.489416207,0.022201019,1.22989809,-0.152123724,-1.025934994
7Networks_LH_DorsAttn_FEF_1,3.041760804,-0.49162436,-1.192693799,-0.668551374,-1.681495205,-0.68477536,0.039792957,1.504291431,0.073893564,-0.029503396,-0.179268667,-0.59562867,-0.154357043,-0.489069125,0.272238053,0.174868105,0.00707594,-0.185137766,0.089319497,1.038233309,-0.256064466,-1.087187883,0.178343807,0.514570347,-0.542669169,-0.679353966,-0.591149929,0.505608351,-1.526634139,-0.520255437,-0.574338387,0.462647428,-0.863831065,0.638489296,-0.401846991,-0.748106382,-1.111507786,-1.16451425,0.291014267,-1.625825715,1.302873113,-0.349099056,1.763077943,-0.085429374,-0.740207625,3.267476355,-0.836157522,0.013181072,0.503176678,-0.576396953,-0.295509802,0.662368953,-0.628821636,0.193516868,0.742112215,-0.118057244,-0.667726164,3.838344135,2.3971084,-1.056620536,1.590331712,-1.043134652,-0.859559664,2.487573783,0.909042824,0.550244815,0.808415887,-0.12495958,1.935424803,0.69568472,-1.249584471,-0.122237657,1.137499709,4.80304456,0.584417974,1.098879508,0.210009903,-0.441560526,-1.254239339,0.145676376,1.170221279,-0.44067196,-0.942349937,1.660998159,0.644192892,-0.600274492,-0.927553809,1.276419049,-0.761694864,-0.091179921,0.701005356,0.525626861,0.755779948,-0.597734057,0.037524322,-1.839228483,0.102534745,-1.540017341,0.707279684,0.536393843,0.886423547,1.972906905,0.975448414,-0.356518843,0.053186531,2.734476495,1.092793858,1.169043511,0.220649409,-0.485424111,-1.250452739,-0.112490404,1.184056486,0.738654257,-0.84888051,0.404997665,-1.164402853,-0.710219674,0.966288866,0.79598928,-0.061087363,-0.704559627,2.493665697
7Networks_LH_DorsAttn_FEF_2,5.009641115,-0.156438587,-0.757081124,-0.15585715,-1.722926955,-1.273886989,-0.865421907,3.237908692,-0.989368028,0.12328753,0.337029238,-0.775189094,1.03744371,-0.381945007,0.6047515,-0.38983303,-0.010226695,-0.863794219,-0.059698247,2.168145781,0.735295874,0.080535347,-0.428192662,-0.146288021,-0.085489279,-1.043507461,1.381618992,0.832791362,-2.169128953,-1.122210587,-0.569629111,0.832957607,-0.622666755,0.447192911,1.205822788,-1.059966843,-1.015826339,-0.683859743,1.033166395,-1.937403342,1.617384538,-0.268783464,2.27219322,1.461698484,-0.83813366,3.42625989,-0.482728363,-0.155228193,-0.17711766,0.678245358,-0.534711514,-0.671634552,0.520952785,-0.439103751,2.207165191,-0.107839796,0.17770034,-0.407347911,-0.47769814,1.464128794,-0.771381349,-0.734328037,-1.091276359,2.564105057,1.298409211,-0.432652912,2.978503539,-0.669572791,1.009230587,1.487668104,-1.81826945,-0.889592008,1.402672594,3.230795329,-0.009231436,-0.368119867,2.460327567,0.209794234,-1.663634878,-0.615022547,4.439157836,-1.375997208,-0.855311053,0.293510239,0.70368127,-0.021651938,-0.501139699,1.784144165,-0.457938628,0.612347095,1.629156987,0.766292466,0.805753575,-0.473813978,0.952603761,-1.890948333,2.326967086,-0.990924071,0.751320806,1.440314116,-0.058240953,-0.561420304,2.189430393,-0.560321845,-0.400191017,2.996261964,-0.338597712,-0.458540862,1.027641512,-0.415730292,-1.475011315,-0.006179888,1.511697361,0.272177738,-0.187778056,1.452342592,-0.53231873,-1.646367696,0.470927226,1.659146422,0.089167549,-1.104009386,5.301989706
7Networks_LH_DorsAttn_FEF_3,5.064512983,-0.056165128,-1.273261062,-0.349339933,-2.000344129,-0.742255171,-0.950892037,3.097910642,-0.522166339,-0.13116518,-0.7281377,-0.287640993,0.847999334,-0.285954299,1.090494242,0.023969513,0.555617155,-0.368203886,0.183629102,3.552379245,0.233927757,-0.21102753,0.023829349,0.55095658,-0.358940597,-1.010516695,0.648731853,1.155647314,-2.5169433,-1.499827985,-0.017176973,-0.029075969,-0.888302246,-0.2252171,1.100875719,-1.288969775,-1.205208684,-0.883534548,0.207366018,-1.465955055,1.457048456,0.130044288,2.709021721,1.508228231,-0.831680416,3.904658305,-0.870824311,-0.006622162,-0.345350531,-0.057484872,-1.088948408,0.179868927,-0.419456897,-0.496451107,2.689758273,-0.287255179,-0.37579016,-1.036462278,0.232751851,1.222248439,-0.886177093,0.036505862,-0.707171722,2.128514919,1.390835273,-0.336356929,0.395363573,-0.989597619,1.167773107,0.51497401,-1.432806133,-0.763092695,2.107981951,6.076220371,0.361032429,-0.20616582,1.100705035,-0.607319756,-0.688936865,-0.35985361,3.053209307,-0.841650781,-1.309639939,-0.448018652,0.119666295,-1.086645846,-1.273889587,1.956644808,-0.352707314,-0.063290612,1.7987465,0.603449031,-0.619990964,-0.493045261,0.747606681,-1.929143782,0.696921115,-1.058632491,0.981785358,1.959253577,-0.459000642,-0.559713456,1.077798168,-0.455848035,-0.176108223,4.094408403,-0.304348138,-0.334351191,0.108852206,-0.511274661,-1.597065696,0.200313872,0.887669759,0.184310969,-0.587710382,1.461536679,-0.863067296,-2.017606357,0.05059584,0.130673391,0.021327341,-1.155131683,2.295079158
7Networks_LH_DorsAttn_FEF_4,3.631427852,-0.624350417,-0.455206856,0.336206367,-0.759932566,-0.811406694,-0.625193668,0.691218294,-0.378109925,-0.14620313,-0.093779762,-0.416655196,0.067159841,-0.265774619,-0.10750093,-0.300226402,0.673901824,0.261165601,-0.078921528,1.125619116,0.673175965,0.370924929,-0.157395158,0.053209289,-0.082755729,-0.790933038,0.300987055,0.238702116,-0.694355494,-0.395106472,-0.40949777,-0.183080632,-0.223551411,0.868784792,0.406092822,-0.224052355,-0.664036016,-0.839757477,0.647402044,-0.199467759,0.63218803,0.19811715,0.36606587,1.415998136,-0.235755395,3.295871754,-0.753786044,0.29593465,-0.385484033,0.65070098,-0.374019589,-0.864135214,0.031833808,0.698926499,1.262796824,0.182000345,0.798303084,0.247707446,-0.090104836,0.343146677,0.225895673,0.024773701,-0.211567876,1.336211145,0.689934018,-0.081709589,0.973259589,0.398762664,1.06409566,0.445700195,-0.87912958,-0.213239077,0.49885766,2.305268124,-0.420642225,0.570597198,1.600435353,-0.633514893,0.02562714,-0.507017835,2.454552741,-0.68710306,-0.36021573,-0.032990455,1.346806162,-0.157736265,-0.750011743,1.172797127,-0.001904649,0.056206943,0.37077488,-0.204637014,0.613092803,0.190548791,0.357192457,-1.152404609,1.29665713,-0.646451805,-0.242579115,0.034220471,1.011882094,-0.353235763,0.539546504,0.034971133,-0.054493378,0.561959983,-0.460441914,-0.580938988,1.30139037,-0.7015521,-0.596688193,-0.027992146,1.364509414,0.581673914,0.236041656,0.641273857,-0.058846017,-0.719799477,-0.807221542,0.631350149,-0.242157083,-0.794250623,1.792692187
7Networks_LH_DorsAttn_PrCv_1,3.454191871,-0.563072449,-1.027594977,-0.951530881,-2.357744745,-1.034629033,-0.490052991,0.079120046,-0.10429192,-0.700533967,-1.09474827,0.102009251,1.277547721,-0.262625854,0.989418379,0.385319775,-0.363610449,-0.693836545,0.603772039,0.527481482,1.27725138,-0.460510703,0.190087539,0.304384137,0.622475656,-0.038759214,0.253480868,0.350578614,-2.44287669,-1.504424075,0.317519755,1.363045929,-0.513103668,-0.229151523,0.810725177,-1.151080476,-1.420754673,-1.055511129,0.968956015,-2.470674815,-0.282491971,0.529265187,-0.808424775,0.508841176,-1.476534965,2.371955655,-0.325708064,0.223058684,0.14797883,-1.355130019,-1.273349587,0.188136636,-0.885258443,-0.785912395,1.737946026,1.60334581,0.380369009,5.122849382,1.049305074,0.750332685,0.365678091,-0.071634281,-1.773726594,2.541854819,1.806180328,1.974961636,2.46949574,-0.305855456,1.267060545,1.056629101,-1.147972915,-0.750639766,0.702268395,0.577505635,0.402231541,3.03158107,-0.201934448,-0.091769523,-1.069333445,-0.065880326,2.25494244,0.249436652,-0.994628858,5.110727337,0.030753085,0.56691608,0.676723667,3.341569129,-0.160727109,-1.047318822,0.181004823,0.391025649,2.055074096,-1.466206047,0.441372999,-2.329038465,1.06396344,-1.148203806,0.616180949,0.499121048,0.652144921,1.058381552,0.947126294,-1.514693222,-1.194671759,0.261263414,0.29927766,1.931620556,0.032390691,-0.886913751,-1.390801827,-0.085918901,2.155544633,0.806874401,-0.1188788,1.065270052,-1.13266665,-1.490482229,2.224682312,-0.259497228,0.566158645,2.314421273,4.272796195
7Networks_LH_DorsAttn_PrCv_2,3.983341784,-0.36693904,-1.301047701,-1.012286841,-2.441538058,-0.508487255,-0.889557714,0.989422569,-0.621622841,-0.573240632,-0.65240323,0.724671066,0.484757167,-0.156181625,0.318848067,0.228790973,-0.762462501,-0.161693459,-0.262237955,2.239313354,0.238516383,-0.869020676,-1.041010785,0.220664992,0.195728185,-1.241536114,0.259464716,0.445488334,-2.221143345,-1.472347033,0.191413192,0.799438419,-0.887291993,0.312520318,0.716895279,-0.783066493,-1.099560759,-0.756518137,0.583659635,-1.739496222,1.205240081,0.524795887,0.571406376,1.225656364,-0.392887417,3.323769211,-1.21417059,0.070660731,1.07266567,-0.816774317,-1.533304746,1.042814464,-0.052026492,-0.444695096,0.405954874,1.349553149,0.502259208,4.611883317,1.306852706,1.773086437,0.980190824,-0.313194189,-2.001644519,2.696874181,0.362662397,0.97764389,2.157956623,-0.483167344,0.529290254,0.223574718,-1.724288263,-0.608449084,1.609835013,2.84906041,0.205996707,1.733532432,0.496202275,-0.509346381,-1.476140954,0.082067004,3.266459579,-0.714616389,-0.901779847,4.335822335,0.557721638,1.126601768,0.24671234,3.612218667,0.35921829,-0.464843775,1.970922076,0.097883918,1.145271111,-0.890057633,-0.154090799,-2.944349601,2.20903342,-1.717464918,0.907671451,0.284633394,0.723895306,0.464573105,1.742618194,-0.444677983,-0.389344091,1.038331418,0.479972745,1.66243906,0.133083237,-0.93792607,-1.870951824,0.003610126,1.879160461,0.583791089,-0.920130101,1.387930891,-0.840370256,-1.560233753,0.543160266,-0.101854767,0.068977639,0.220015111,4.241738397
7Networks_LH_SalVentAttn_ParOper_1,2.217126414,-0.099284099,-1.315981392,-0.049897857,-0.709287338,0.011153416,-0.255250033,-0.024264032,-0.548546658,0.959100028,0.958620836,0.431692325,-1.328970699,0.309042831,0.273415082,0.308689653,0.023994913,-0.289889763,0.190221546,2.14540252,-0.967771689,-0.801356239,0.936902048,0.971934669,-0.581376596,-0.993666837,-0.231407612,0.536859704,-1.142097354,-0.484586788,0.433519421,-0.559205653,-0.556596745,0.343797434,-0.010361787,-0.225101421,-0.918871612,-0.005982731,0.130849757,0.28994647,0.284231093,0.137413167,0.151083245,0.17830978,-1.045801758,2.547091958,-1.055215995,0.851660404,-0.138092827,-0.659987139,-0.386177953,1.45307402,-0.747662591,-0.827870024,-0.444980267,-0.129148823,-0.158629448,0.258976604,-0.332551202,0.18300956,1.327470301,0.765178492,-0.71912723,-0.211885862,0.897880206,-0.535523363,-1.46979042,-0.250200675,0.36253745,0.104908913,-1.416840014,-0.633262158,0.958552998,3.826865786,2.515161964,0.608692725,0.10388602,-0.498808886,4.821358496,1.603797268,1.366062327,-0.713027778,-0.815883929,-0.013050087,-0.788314775,0.446317874,-0.247278413,1.322981278,-0.291646647,-0.535874659,-0.555538881,0.578704188,-0.456469322,-0.510365587,0.511911152,-1.846193858,-0.199149148,-0.593265837,-0.848365963,0.119883103,0.240947045,-0.161234382,0.958893192,-0.640989359,-0.593015687,0.893600887,0.500848806,1.793254964,-0.104119423,0.71773002,-1.327748614,0.188493523,0.005044823,-0.287112661,-0.133945152,-0.092538552,-0.250176695,-0.587336697,-0.372866622,-0.077656603,0.060640414,0.183456725,-1.160380348
7Networks_LH_SalVentAttn_ParOper_2,2.134368729,-0.394892977,-1.221770656,-0.926994553,-0.911118746,0.239047547,-0.365377417,1.036238458,-0.103315779,-0.097630718,0.832807024,-0.388857681,0.140342019,0.399552424,1.156087139,-0.369995457,0.324193236,-0.436290232,0.408824522,-0.089937478,-0.292192879,-0.439850888,0.492643232,-0.010018873,0.242010034,-0.462829863,0.690035775,-0.440254179,-2.14E-05,0.55924303,1.122633342,-0.169682566,-0.329252008,0.734666902,-0.174769155,-0.353038321,-0.640741126,-0.497668462,-1.003780926,-0.233475108,-0.521187726,1.025391439,0.083899738,0.533185957,0.259282898,1.284426337,-0.123315639,-0.54980294,-0.276724056,1.272248755,-0.309354206,0.802341893,0.525682681,0.240253072,0.466342667,0.574555124,1.123515256,2.096058491,-0.109548038,-0.454267466,2.052588885,0.887495199,-0.303998295,-0.385874772,0.083500267,0.440241994,-0.987902373,-0.35217265,0.384865014,0.803593063,-1.336412992,-0.711544261,1.167653455,0.243234462,0.016661039,0.73334171,0.275108838,-0.479731056,-0.179601792,-0.014599157,0.283798237,-0.652017582,-0.730989478,1.787574982,0.094249044,0.476958428,-0.300173813,1.03482794,-0.641893096,2.315971096,0.945454173,-0.174253603,0.443715702,-0.832259863,-0.165333329,-1.334326214,-0.793603073,0.224256447,-0.54280709,0.21652408,0.476095628,0.065876312,0.198909348,-0.256909961,0.54241632,0.568207178,0.113227,1.255245452,0.421757736,0.616829306,-0.629819445,-0.162967653,-0.610749462,0.013007611,-0.000881566,-0.379669754,-0.61285914,0.121307894,-0.183490542,0.431769109,-0.001494061,-0.23489183,-0.89446876
7Networks_LH_SalVentAttn_ParOper_3,4.344740712,-0.427330781,-0.657088892,0.170392109,-0.588270925,-0.049050037,-0.285620646,-0.88492701,-0.506050155,-0.236398325,0.806898433,0.166451883,-0.696016303,0.448186036,-0.185891939,-0.510400715,0.265772424,-0.792826125,-0.446070144,2.344039463,-1.255292658,-0.976269314,1.114906996,0.049143598,-0.379034791,-0.459770442,0.203588307,0.737761937,0.019619377,1.264512054,3.780403735,0.085365879,-0.411678849,0.219039658,0.716044611,-0.022593495,-0.916408945,0.23532122,-0.506756894,0.756353155,-0.454689637,-0.311053017,-0.730925695,1.137365763,-0.381856816,1.591242644,-1.138267065,1.143093351,1.094191734,-0.245346677,-0.178291388,0.478713917,-1.118769423,0.388696689,-0.139543861,-0.924675188,-0.515672057,0.233045909,0.400681449,-0.531715342,-0.003730776,1.078785579,-0.975672979,-0.258247408,1.67322846,0.250357017,-1.39653787,-0.265323197,0.515966089,0.060432908,-1.364936377,-0.534866986,2.28175771,2.437806498,0.866124827,0.555595429,-0.263301577,0.016370411,5.809297315,1.120466202,0.732381526,-0.729385966,-1.092164775,0.123690101,-0.654540751,-0.476007975,-0.075109044,-0.128584253,-0.220033217,-0.476184047,-0.019288504,0.262322404,-0.447466912,-0.83984955,0.308476945,-1.649125795,0.084927487,-0.774904711,-0.461436332,-0.181693774,-0.679968766,-0.361962793,0.325491632,-0.668816648,-0.666929315,-0.445701094,-0.216628486,1.007612539,0.178437216,0.079264035,-1.007546367,-0.049826659,0.490199433,-0.456463563,0.347095078,-0.360832021,-0.427003071,-0.737420905,-0.029875132,0.289100562,0.337561079,0.598046908,-0.801449936
7Networks_LH_SalVentAttn_ParOper_4,2.839207077,-0.576803646,-0.775394264,0.051337135,-0.513401247,1.05895429,-0.271737878,0.907206681,-0.22380938,0.06498326,-0.061658796,-0.212328509,0.25171186,0.395924305,0.296458092,-0.14244059,0.726700985,-0.770425127,0.341249807,1.080020038,-0.921363175,-0.402607712,0.894055759,-0.042000571,-0.369932677,-0.435249937,0.301408239,0.487085098,-0.211384644,0.018747496,0.397808078,0.02771212,-0.188039772,0.074995399,-0.027280935,0.468535731,-0.407258169,0.309433286,-1.013917183,0.48976127,0.569125675,0.034181414,0.035150356,1.449436504,-0.158954835,2.41001981,-0.598325599,-0.282303398,0.13756425,0.65382677,-0.09878057,0.939605316,-0.923774147,-0.248091956,0.220771063,0.179441297,0.101621945,1.274078306,0.37866895,-0.397761856,-0.330942573,0.135432777,-0.635719246,-1.078636066,1.018892299,0.676310273,-1.234464261,-0.119434743,0.851277378,1.112899451,-0.866418218,-0.062658583,0.315040976,1.737167623,0.755369796,0.818718854,0.077919901,-0.24659967,3.150396422,0.605526213,0.430979229,-1.15004675,-0.602332626,-0.145267779,-0.672097319,-0.13581297,-0.014694256,0.245743763,0.188615406,1.834975224,0.58313679,0.674637091,-0.460925599,-0.279152716,0.265881373,-1.176999849,0.367909907,0.304544044,-0.679297115,-0.251823322,-0.685716636,0.059212359,0.302612889,0.556030773,0.215896864,0.400304695,-0.215268854,0.369482706,-0.395112411,0.154991482,-1.03449457,0.146631742,-0.44264417,-0.021557376,-0.169918524,0.202051764,-0.511852059,0.190885232,-0.713390078,-0.276154294,0.004579917,0.424756797,-1.176685006
7Networks_LH_SalVentAttn_TempOcc_1,2.169125769,-0.333619765,-1.173100471,-1.021450313,-1.212302133,-0.026995393,-0.388153959,-0.422802674,0.180841959,-0.252642417,0.670753233,0.327034854,-0.823802442,1.003264806,0.411218,0.478085905,-0.282310273,-0.166783889,0.346519905,-0.829086369,-0.378878234,-0.942732562,-0.067819276,-0.425101115,-0.24209388,-0.497105218,-0.930068679,-0.257232232,0.488209656,0.059971389,1.942162638,0.033482159,0.043315198,-0.123189238,0.200146015,-0.374867935,0.098369804,0.623747015,-0.037736358,-0.629616393,0.385364539,0.102891887,1.620180648,-0.238437686,-0.794469367,0.065338365,-1.098510329,-0.483896117,0.91383187,-0.697046132,-0.938818833,1.461276501,-0.661225169,0.502530289,-0.510576803,1.076016757,2.028581053,5.306747537,2.133784469,-1.421939392,1.820510235,0.374365659,-0.817364381,0.430546845,-0.338364369,3.609885109,-0.040214743,-0.134958276,0.392814754,-0.702857945,-0.830275251,0.227320524,-0.568977635,-0.234605207,0.368625101,0.270638433,0.000273022,0.285287105,-0.765242454,2.50151894,0.447068831,0.398314322,-0.091669669,3.68442025,0.12223494,0.892317113,1.735055264,0.601000486,-0.910609092,-0.769809788,-0.568591563,0.284254432,1.223315804,-0.699292855,-0.370157755,-1.372221172,-0.533771156,-0.836538056,0.249872193,-0.131668995,0.718059772,2.368894587,0.549763456,-0.863373211,2.675316048,-0.30157871,0.821799952,0.544867099,0.053001173,-0.527322927,-1.25187949,-0.444719685,-0.41949592,-0.094593712,-0.577842924,-0.530676273,-0.227382987,0.394712381,-0.175464089,-0.209796168,-0.16665667,1.577989282,-0.095710155
7Networks_LH_SalVentAttn_FrOperIns_1,-0.505625963,-0.280828803,-0.57499752,0.436689241,0.44271189,0.905994382,0.169699952,-0.387601019,1.264694638,0.112054228,0.367154606,-0.002541695,-0.530300893,0.241281041,-0.226543005,-0.110641731,-0.813666945,0.621080669,0.653376313,-0.398465557,-0.189258528,-0.544531157,-0.781330652,0.459532417,-0.139827453,0.466289319,-0.735683384,-0.271677342,1.889432042,0.592445254,1.19239226,0.611882578,0.979322292,0.496450499,0.63422362,0.210953247,-0.523199087,-0.10201639,-0.182787553,0.617659295,-0.031389757,-0.193511757,-0.322958682,-0.039324922,0.68257209,-0.068231824,-0.670791832,0.193443931,1.401272057,-0.968179974,-0.195820535,1.311712935,-0.33802242,0.400061745,-0.470934468,-0.0429838,0.435203078,1.662541569,1.291400158,-0.206025338,1.711938393,-0.62168394,0.578565581,0.351002133,0.208891093,1.363021385,0.841512621,0.359710109,-0.163099335,-0.019434773,-0.312338917,-0.174979862,-0.594498399,-1.286998108,-0.308236821,0.157663625,-0.229903778,-0.649798548,2.196972638,-0.224659567,-0.779710512,-0.440880414,-0.090291636,0.84699394,-0.092133819,0.332563312,-0.071764351,0.084496203,0.001226599,-0.171357092,-0.848078571,0.07619089,0.915163455,0.186847501,0.365253469,-0.470433835,0.221807552,0.390501701,-0.187419308,-0.22934867,0.932065828,0.337382896,0.068824112,-0.643760233,0.343548101,-1.181005869,0.949085748,0.212318797,-0.059361714,-0.330909521,0.097445393,-0.177680249,-0.084701661,0.568480535,-0.533346791,-0.58513627,-0.451948642,1.438692593,-0.037626459,-0.517328845,-0.525615252,-0.460734308,-0.317981021
7Networks_LH_SalVentAttn_FrOperIns_2,0.23086991,-0.817827239,-0.108391748,1.20632521,1.531427233,1.614138593,0.795555385,-0.436132896,-0.053176935,0.561522892,0.388259175,-0.599741177,-0.384793482,-0.054845608,-0.087204029,-0.281033443,-0.403187474,-0.289111082,-0.350895237,0.170793215,-0.070289587,0.208882528,0.402963102,-0.453710027,-0.032731424,2.224241315,-0.525198473,0.051021469,1.812152578,1.426364551,3.091074446,0.162277363,-0.682221761,0.716904831,-0.118125303,0.823960319,-0.623128906,0.001696024,-0.735296862,1.073335327,-0.37540705,0.1205968,-0.454731462,-0.058902385,0.48826308,0.405692967,0.039171967,0.588366145,-0.118500242,-0.205503767,0.229764448,-0.113486253,-0.630114563,-0.891652039,-0.325463619,-0.742271704,-0.453958194,-0.539784942,-0.06566128,-0.020659878,0.329325858,-0.113455779,0.676679706,0.195087093,0.422811559,-0.138477169,-1.542473075,-0.289397549,0.333617318,0.047969882,-0.327725359,-0.619514833,0.036427248,0.009889914,0.707603376,0.084804162,-0.450576743,-0.798776923,7.003008175,0.832031357,-0.708767817,-1.123132913,-0.739067382,-0.284724313,-0.072236021,0.257015931,-1.120765221,-0.400949054,0.051113868,0.176326145,-0.074883018,0.105264349,-0.789877343,0.203065371,-0.083437303,-0.449993475,-0.448487913,1.017645922,-0.655394197,-0.464206536,0.051877676,0.165074359,-0.567976691,0.334351312,-0.078679999,-0.829291587,0.212918627,0.835413154,0.103737741,-0.384583134,0.433537769,0.657305387,-0.498743064,0.04090749,-0.182273594,-0.768383194,-0.30006116,1.394250511,-0.06369749,-0.438192816,-0.732175919,-0.325668636,-1.215058266
7Networks_LH_SalVentAttn_FrOperIns_3,0.780765495,-0.160953226,-0.805805766,1.899924274,-0.644965026,0.522540553,-0.72080353,1.07780802,-1.244563659,1.043588257,0.313164528,0.843894943,1.949196814,0.361780061,1.680332796,-0.431538079,-0.264770349,-0.232998719,1.439236562,-0.281946379,3.25136802,1.901343208,-0.407882833,0.67984416,1.078073889,-1.255139073,0.444698696,1.365689808,0.296972158,0.671869432,1.829906931,1.020835923,0.891122823,1.694719854,-0.323294748,1.079360024,-1.020299758,-0.728841874,0.489269049,1.118451523,-0.81155346,0.203392303,-1.354921887,0.560366993,-0.569741567,-0.383127204,-1.186013289,0.525153267,-0.762115013,1.133061381,-0.877699291,0.433620916,0.133923222,-0.927595321,1.876885683,1.061823668,1.043091964,3.465466267,0.267633266,1.304191536,0.930053651,-0.831292044,-1.570770039,2.145380856,1.340796693,1.238391415,2.251605479,2.12348869,-0.416998646,2.407524286,-1.160708452,-0.508673284,-0.942537975,-2.214050641,-0.759596816,0.341732442,0.712328678,-0.997152309,1.898660373,0.136990999,0.753865085,0.789885394,0.052182943,2.184607756,0.720674154,0.842482549,1.31581305,0.877529404,0.041335264,1.496638295,1.035122433,0.190250696,3.506823621,0.635803118,0.072497442,-0.807874094,2.192297422,0.85246238,1.237023899,-0.232994149,-0.010451428,2.065273876,-0.169340002,-1.302031685,-1.268202155,0.103660936,0.07512528,1.094967254,1.365655428,0.121480109,-0.858318755,1.57486116,2.775604668,0.963143235,1.326782479,0.729151529,-1.321450677,0.753010341,2.342441918,-0.276747041,-0.463285807,1.061840403,3.35403502
7Networks_LH_SalVentAttn_FrOperIns_4,-0.82322902,-0.492486288,0.260568139,0.192445064,0.619739517,1.497843106,0.873011968,-0.0980488,0.387955659,0.32833703,0.841624182,-0.284863107,-0.431267604,-0.381244601,0.726640276,-0.068438398,-0.541158053,-0.381952099,0.795722146,-0.656237513,-0.002163212,-0.146567823,0.528447457,-0.097080446,0.2320127,-0.079530322,-1.452201951,-0.029511687,1.513304248,1.018464757,0.571344091,0.904614116,0.117210495,0.020883158,-0.620137618,1.159333654,-0.713020054,0.498821701,-0.263902769,1.02963716,1.041554769,-0.540231524,0.295501538,0.341784126,-0.274942157,-0.47105784,-0.8158888,1.474567246,0.106511779,-1.394240578,0.609676786,1.03251162,-0.695919773,-0.867698026,-0.97470488,0.198167237,0.364020598,0.125164355,-0.498922086,0.729615324,2.493247575,0.585228305,0.601260346,0.100496392,0.048035521,0.399875574,-0.096086244,0.295703592,-0.142944061,0.658321594,-0.925924911,-0.101516231,-0.171114362,0.100926276,2.032424295,0.046305496,-0.261999206,-0.654006798,4.846748018,0.18610626,-1.302896105,-1.074752353,-0.899380904,0.529470697,-0.910920923,0.188607454,-0.657942992,-0.192017991,-0.023068744,-0.801947988,-0.448515557,-0.127264901,0.038580871,-0.787635073,0.062155048,-1.029391396,-0.159396447,0.382476049,-0.880113402,0.119622911,1.24188059,-0.478662724,0.143189624,0.354110745,-0.077886051,-0.648218815,0.546490491,0.567282759,-0.026688907,-0.262123086,1.68931768,0.443238761,1.330436005,-0.607388258,-0.207939086,-0.329403379,0.149779541,1.898096274,-0.133522307,0.072151229,-0.333252508,0.643633133,-0.536357714
7Networks_LH_SalVentAttn_FrOperIns_5,0.201051956,0.410224955,-0.594068115,1.465682065,0.595363649,0.900307712,-0.567312845,1.748105392,-1.086231733,-0.052888638,-0.622023386,0.538085931,1.671031678,0.196068963,0.913790742,-0.781750295,-0.251554278,-0.37137786,0.548890909,0.510067911,1.616118814,0.576556972,0.418276069,0.729447429,1.0371287,-0.560402854,0.612959086,1.472363495,-0.375484314,0.559193837,1.648752426,0.213139894,-1.416731748,0.402415748,0.02542005,0.86908857,-0.640282954,-0.267272284,0.17815742,0.200325982,-0.383389119,0.638645362,-0.104476586,0.04910734,-0.531364672,0.412533388,-1.141962947,0.477808326,-1.005452985,0.76759373,0.262311427,0.070788549,-0.132495046,-0.875184016,1.850179434,0.569880502,-0.558448638,2.358565316,-0.446967491,0.242262931,0.899528316,-0.373724321,-0.972548352,1.823777455,1.775319822,0.690776296,0.696075468,0.146101806,0.483441959,-0.066047332,-1.541390928,-1.105383756,-0.942500316,-1.342290198,0.32821172,0.308803442,-0.651695081,-0.840770553,4.190049989,0.267189632,0.619868157,-0.707081653,-0.747948786,1.102253012,0.103437135,0.321815656,0.045997757,1.099238196,0.122888361,0.959197319,0.626678893,0.463204047,1.102702469,-0.048850862,0.329937013,-0.735637549,1.852851834,1.123198537,0.373786802,1.538596964,0.116202617,0.491731469,-0.293023991,-0.641602997,-0.738212066,0.318855515,-0.317166353,1.732864417,0.294496475,0.034700912,-0.225033828,1.592588548,0.774022915,0.411626199,0.806920039,0.228805359,-0.368282896,0.348702334,1.250789507,-0.139399911,0.237184643,0.315661825,1.630415639
7Networks_LH_SalVentAttn_FrOperIns_6,0.421480971,-0.078385539,-0.018050988,0.698882016,0.335469338,2.477914057,-0.399793097,-0.151689898,0.054265901,0.359989913,0.435328071,0.391738214,0.622145682,-0.107931621,0.251448837,0.132622514,-0.528379553,-0.479628825,-0.11291935,0.614529128,0.383253328,0.500798029,-0.075664496,-1.130175669,-0.554710608,0.675020575,-0.106575049,0.931197138,0.907730494,1.688845362,2.018269692,-0.931187988,-0.695683999,1.100988572,-0.746727258,-0.040416026,-1.023294615,0.935905939,-1.001650759,0.029922935,0.164132223,0.157879736,-1.034060501,0.896067145,0.766379629,1.557962668,-1.292060588,1.084188803,-0.199710184,-0.594779673,0.491742718,-0.37848142,-0.2779584,-0.816610745,0.29124265,-0.912961339,-1.359042339,0.500134432,-0.198578188,-0.029539597,0.04174132,0.374034264,-0.34573379,-0.70885499,-0.160766551,-0.233731866,-1.387917356,-0.751239662,1.123870242,0.075222192,-0.861972475,-0.274817106,-0.387094663,0.543858987,-0.655646054,1.359418735,-0.771458675,-0.313147872,7.781784976,-0.292928627,-0.205480196,-1.382647871,-1.025779656,-0.305912428,-0.557386223,0.16428395,-0.92896346,0.862611337,0.4654098,-0.47300776,-0.386473808,-0.496769256,-0.979473031,0.122432596,-0.143635733,-1.636693744,0.43419673,1.244118311,-0.193408178,-0.023899547,0.68270439,0.489741627,-1.06411313,0.043991681,-0.617386656,-1.061707714,0.063338937,2.314351142,0.278833907,0.044212339,1.193028022,0.790399003,-0.341948614,-0.156738502,-0.547668598,-0.567204519,-0.334701921,1.042388215,-0.34642596,-0.370969595,0.291765351,0.269675119,-1.189041999
7Networks_LH_SalVentAttn_FrOperIns_7,0.393659115,-1.051788901,0.091375848,1.918398356,0.476368361,0.854659786,-0.606787128,-0.240594048,-0.512599963,0.53391352,-0.451223256,-1.091165258,0.92915179,-0.226162405,-0.091667938,-1.020950908,0.321164493,0.110308784,-0.534172247,1.242646256,0.37966646,0.339183651,0.359836731,-0.721942963,0.164499935,0.648656292,0.382821806,0.343320079,0.352203014,1.70554967,2.338476227,-0.105947163,-1.415515098,1.426102018,-0.299425751,0.915044342,-1.339318499,0.340165739,-0.375225447,0.188334834,-0.504552676,0.981558593,-0.373072915,1.264774982,0.500611605,1.216035454,-0.097656579,-0.468599877,-0.1930828,0.852558144,0.285097702,-1.19608163,-0.90755556,-0.335217283,1.016865593,0.271417211,-1.406863705,2.88470888,-0.505253251,-0.319746733,1.553635212,-0.682092985,-0.383281662,0.929342692,1.296059554,-0.129765906,0.10488401,-0.1948707,0.315236803,0.856642873,-0.776756007,0.018937142,0.059656031,1.438336616,-0.739972914,1.229301109,0.036283075,-0.827084374,4.983900235,-0.401569203,-0.051318125,-0.915336284,-1.147704482,1.513072355,-0.424595277,0.68366889,-0.573225474,1.615537133,-0.485095076,1.169083927,1.103245287,0.535458604,0.24670551,0.584319171,0.049942401,-0.900300955,-0.136451418,1.206048363,-0.11330334,0.314275759,1.071435325,0.598369541,-0.468092121,0.17589165,-0.544268763,-0.756750547,1.041065355,2.132319795,1.298846983,0.115192949,-0.345958456,0.964249378,0.941417622,1.202097313,-0.201776487,0.608294579,0.17228882,0.162042642,1.358829444,-0.134307713,-0.707664998,0.607828119,0.823132985
7Networks_LH_SalVentAttn_FrOperIns_8,0.656602373,-0.891131255,-0.341765693,0.627212951,-0.480243141,0.999074808,0.281192506,-0.371076693,-1.105304273,0.731975217,-0.24501173,-0.291819401,-0.959787222,0.174269875,0.136988891,0.654963658,-0.482101323,-0.794749756,0.740311161,1.528473254,-0.644021341,-0.94781905,0.358061983,-0.449870414,-0.157885711,0.031666311,-0.525626863,-0.171574734,-0.289191264,0.375124388,1.343056693,-0.465640308,-1.278397839,-0.026627399,-0.327252503,0.612036096,-1.131747271,-0.374792219,0.001371627,0.005750726,-0.545668736,0.026420312,-0.049883109,0.223340632,0.217164124,2.707797079,-0.911018992,0.402374557,0.361151557,-0.626020515,0.127159921,0.690338827,-0.943844877,-0.998419072,-0.113221436,-1.024459442,-0.469239029,1.274593023,0.65990107,-0.272920633,1.594510091,1.058489801,-0.079817155,0.170085271,0.920205938,-0.415792962,-2.060996083,-0.436829879,0.172847815,0.28426675,-1.215647368,-0.479868848,1.602061646,4.346870455,0.974453818,1.114341043,-0.158822321,-0.704929497,5.05593862,0.82646624,0.591928244,-0.772032909,-0.838903295,0.282110749,-0.422809018,0.011511372,-0.939565077,0.556536873,-0.597645822,-0.601649904,-0.157072773,0.378724581,-0.4808605,-0.509095422,1.501206095,-1.628977313,-0.377707103,-0.243804809,-0.449845533,0.367317883,0.114109824,0.004298793,-0.196940192,-0.651549305,-0.888638206,-0.705360726,0.59095085,2.149980365,0.724723362,0.370232107,-0.658999589,-0.019080719,-0.31582071,0.320233761,-0.359027937,0.018638318,-0.252335311,-0.478485308,0.431711267,-0.810218214,-0.102952641,0.062544709,-0.447817302
7Networks_LH_SalVentAttn_FrOperIns_9,3.198761745,-1.015256698,-0.853901839,-0.043683351,-1.692643434,-0.736416951,-0.895438512,-0.923211258,-0.208952868,0.451331794,-0.695148151,-0.235165331,0.377928862,0.415678886,0.352911714,-0.078912484,-0.195744352,-0.623165294,0.288800406,1.042379484,0.181254833,-1.089913626,-0.268680593,0.306243983,0.008569564,-0.333603628,-0.292215833,0.503738765,-1.936776415,-0.600432657,1.094023327,0.670925138,-0.144977716,-0.138549706,0.221611755,-0.573213089,-1.186393519,-0.941083067,0.00487502,-1.371516594,-0.617085502,-0.076999599,-0.765493091,0.470096409,-1.092730837,3.645689409,-1.094554312,-0.237686237,-0.528617698,-0.456832235,-0.879473818,0.272108168,-1.158953705,-0.863945445,0.303967514,0.879628184,0.736586416,6.264972255,1.537198335,-0.151305879,2.064627428,-0.886049284,-1.364664287,1.672553694,1.313031553,1.458069392,0.531611006,-0.089184883,1.640181966,0.424906582,-1.355229747,-0.284628611,0.870281871,2.078444243,0.122399565,3.094655393,-0.743456361,-0.830984235,1.179412963,0.510492933,1.750703933,-0.046344782,-0.864494123,3.984992406,-0.086148994,0.654842003,-0.288416171,3.698775904,-0.915331006,-0.22956356,0.085646396,-0.028539282,1.986709191,-0.715227403,0.823647221,-2.242301987,0.194279419,-0.828333788,-0.070219015,-0.209600635,1.087043867,1.817402421,-0.076926147,-1.414014967,-1.064419103,-1.218552599,1.424428378,2.977550774,-0.000678287,-0.657101253,-1.217489825,0.207528211,0.337142073,1.139581913,-0.725563466,0.604445465,-1.02637569,-1.127165251,2.548225326,-0.642799919,-0.235543003,1.834738645,1.918707926
7Networks_LH_SalVentAttn_PFCl_1,0.376700717,-0.679249391,-0.407925397,0.258410226,0.316373576,-0.066015511,0.450121397,-0.016697923,0.856159089,0.121390322,-0.166827359,-0.306280851,1.288757336,-0.182782625,0.711872152,-0.223831105,1.013072553,-0.049107783,0.553302507,-0.174725824,0.536593693,0.739025042,-0.204025819,-0.658732616,0.00232508,0.482398677,0.52876298,0.031994024,-0.277931107,0.465077686,-0.465011334,-0.051383025,0.525356713,0.753464694,-0.022713918,0.5515459,-0.50076888,-0.194575221,-0.110120337,0.47403688,-0.16377239,-0.052412227,-0.409761195,0.220744537,-0.127102593,0.859893372,0.311817903,0.486333474,-0.359911893,1.327196439,0.079351229,-0.248569538,-0.55407389,0.295495249,0.648592349,-0.525885012,0.064528518,-0.400913613,-0.460570503,-0.216653118,-0.233284366,-0.241818892,-0.082148523,-0.034988479,0.058168284,-0.147447097,1.13059163,0.305375355,0.526551292,1.228325519,-0.239498368,-1.045162959,-0.264925948,-0.556971009,-0.50226685,-0.428436256,0.012204885,-0.466539968,1.142892275,-0.826421732,0.271502809,-0.607050926,-0.669834283,-0.551988436,0.532979985,0.623957427,-0.646636965,-0.164563782,0.178621459,1.846092704,0.351254074,0.215935366,0.88414798,-0.053322454,-0.352370599,0.170955621,0.724231039,0.836472849,-0.711094573,0.477158138,0.220784369,-0.191771009,0.256602935,0.503465494,0.140486487,-0.77347746,-0.519904984,-0.243349715,0.127625858,0.355268673,-0.428454873,0.008543702,0.056245831,0.684926405,-0.496235399,0.045844288,0.500002728,-0.297087798,0.15826457,-0.131365019,-0.326629885,-0.087806374,0.953261941
7Networks_LH_SalVentAttn_Med_1,0.156555962,-0.561649109,0.467348041,1.484304267,0.887205703,0.553763501,-0.303102199,-0.259717357,-0.13896052,-0.895055197,-0.31995961,-0.091854843,1.767185355,-1.044217571,0.827440804,-0.767581304,0.167775257,-0.804474777,0.320723326,-0.148708626,0.756613808,0.370194119,0.162566058,-0.418178251,0.416540674,0.513758922,-0.483082941,-0.121053622,0.153055234,1.390922566,2.671661308,-0.07126893,0.305002947,0.79433676,-0.029586609,0.477039544,-0.448392388,-0.196628463,-0.345967269,1.361506826,-0.281667347,-0.440922769,-0.757886372,0.340693093,0.048485442,-0.355686991,0.511084148,0.5452367,-0.89037218,2.045948765,-0.106397701,-0.61902122,-0.892804366,-0.259154332,1.701628182,-0.546333573,-0.707103971,-0.530761752,-0.960752886,-0.378616318,-0.272498406,-0.10118533,0.234482263,0.774263735,-0.183719891,0.019735199,0.369306616,0.857823981,-0.060783028,1.769814766,-0.332401706,0.170432441,0.192779998,-0.894518358,-0.393751921,0.340061605,-0.360415386,-1.102460376,5.90031204,-0.243500995,0.671229913,-0.561058118,-0.273187282,0.146279274,0.141468442,0.531252463,-0.357226723,0.110212144,-0.579760152,1.74354836,0.631692641,0.444113468,1.194407111,0.062916264,-0.478710629,0.566364305,0.009814414,0.95635387,-0.809087869,-0.255362643,0.222277305,-0.483046948,-0.063764861,0.304041266,-0.672711072,0.031076904,-0.440931862,0.412212382,0.548937845,-0.276293355,-0.269634917,0.358338995,1.341572981,0.164035588,-0.273441844,0.1298691,-0.327832106,-0.651531935,0.918569066,-0.760622001,-0.24257979,0.417772578,1.085358996
7Networks_LH_SalVentAttn_Med_2,0.78550543,-0.81190778,-0.269717692,1.51200881,0.072659067,1.319678185,-0.277752913,0.054238323,-0.358982051,-0.173331627,-0.244963703,-0.249763515,0.103299758,-0.442712287,-0.238097849,-0.14719505,0.083431164,0.117629403,0.363819809,1.381530511,0.026087227,0.476763804,0.155198223,-0.117069857,1.399570381,-0.681846925,0.215145252,0.981123986,0.164017354,0.468832757,1.042469629,-0.387032166,0.02251429,0.917147125,0.409905469,0.082238098,-0.579221361,0.162821653,0.141700079,0.402719682,-0.437402695,-0.152188093,-0.25628341,0.120446707,0.369020126,1.433969211,-0.624565282,0.846113639,0.256437104,-0.013702273,-0.239322459,-0.041757587,-1.006479032,-1.009261172,0.291812645,-1.157388001,-0.786105365,-0.694920305,-0.512031143,0.458623574,-0.54683941,0.458755524,-0.062767788,0.477687519,0.963648878,0.119330619,-0.574281833,0.025991195,0.449085167,1.320957737,-0.883627956,0.492292196,2.547240463,4.280665218,-0.222965563,-0.308980124,-0.400503158,-0.611657316,5.472557732,0.626065904,1.11441849,-0.568399607,-0.919244405,-0.695728514,-0.553941088,-0.684506036,-0.466520236,-0.740955615,-0.121103185,0.090331783,1.053374714,-0.113512537,0.025826734,0.056735639,0.012523436,-1.178107797,0.177763498,-0.01709008,-0.611791191,0.185035742,0.534773947,0.081089843,1.280034587,0.358614019,-0.327793225,0.131712755,0.47639474,1.70749291,0.271901198,0.500300783,-0.014016684,0.441018373,0.964400285,-0.442071606,-0.50110573,0.170492858,0.319513322,0.070530195,-0.134545714,-0.33728278,0.052122758,-0.53990168,0.339600751
7Networks_LH_SalVentAttn_Med_3,1.249811546,-0.991419303,0.424414379,0.221827796,0.327771474,0.542946046,-0.130178546,0.003573309,0.158105002,0.187566861,0.546771648,0.083328004,-0.133454466,0.010417623,-0.094502643,-0.616524925,0.182479929,0.428531136,0.112344657,0.648582177,0.764440085,0.987115496,-0.475184143,-0.044510805,-0.576318871,-0.164656395,0.067737419,0.207089686,0.359601774,0.105704404,0.237983092,0.473576001,0.949019062,0.01756265,0.551720297,0.039008528,-0.504727173,-0.179840687,1.06540893,-0.062977341,0.237420677,0.379578155,0.442132825,0.325500243,0.375986072,0.090760631,0.137793148,0.406216226,0.576117341,-0.820846196,-0.225972047,-0.544822418,-0.541334816,0.32455967,-0.106909819,0.651381626,0.762195548,-1.147829152,0.070301406,0.802895899,-0.330025027,-0.15342234,0.180933179,0.069886847,0.361892719,0.29265837,0.413443187,0.195175892,-0.181146998,-0.146903019,-0.124944534,0.164714821,0.945686842,1.021039574,0.573792557,-0.276258764,0.560874636,0.278818709,1.91579905,0.299731872,0.825542638,-0.834423778,-0.110263367,0.0045994,-0.040916005,0.773227282,0.723131337,0.270881572,-0.363516877,-0.760361785,0.250930287,0.302000279,0.552902694,0.249537215,0.033428118,-0.010180189,0.536246131,-0.31118502,-0.296043642,-0.57120428,0.078811571,-0.742099648,0.338510853,0.006768577,-0.214359444,-0.511498144,-0.040946311,0.092789346,-0.504271902,0.494090192,-0.579096985,-0.248051546,0.450376047,0.117902774,0.215190858,0.02287413,0.304673028,0.939664845,-0.247567805,-0.467091856,0.24986427,0.649362011,0.310642615
7Networks_LH_SalVentAttn_Med_4,1.853913124,-0.233077583,-0.997111529,-0.011983048,-2.040568966,0.235278266,-1.231715146,1.323174951,-1.213239947,-0.632607207,-0.411578562,0.526216666,1.851886128,-0.834552627,0.527508708,-0.319851151,0.566194422,-1.130417308,-0.138056408,1.033655517,1.571855788,0.351187278,0.093624032,0.125687265,1.502539201,-1.09922619,0.504162465,1.301893291,-1.991209281,-1.132693047,0.577516876,0.731612038,-0.670467805,0.976469763,-0.14738663,-0.768383335,-1.294954038,-0.950189103,0.825383603,-1.457168041,0.94205149,0.04259867,-0.790625512,0.418127555,-0.956375395,2.341365573,-0.760614656,0.319515879,0.555950069,0.770368136,-0.95504983,-0.063161434,-0.408343515,-0.765475438,3.352801103,0.174400309,-0.286082936,2.877594476,0.579667547,1.43164491,0.007257694,-0.562780058,-1.671399883,2.357840215,1.176859564,1.436191345,2.514256351,0.247768506,0.835761673,2.904323933,-1.700795004,-0.419786151,1.299007287,2.640014815,-0.561570903,1.297025135,0.04091789,-0.923266574,1.237013334,-0.632406271,2.050198015,-0.282914012,-1.429783513,3.649625916,0.622913705,-0.132529872,-0.927618705,1.824559284,-0.120075791,1.153084922,1.739397702,-0.029450168,1.717857515,-0.333851382,0.162316575,-2.263746138,1.442193384,-1.089221626,0.937042217,0.690392443,0.438667377,0.754931545,1.429590919,-0.616261608,-1.138352201,1.577359309,0.898946091,2.561479429,1.25087966,-0.987420601,-1.23295584,0.8643024,2.976375596,0.249534322,-0.622291308,0.81638971,-0.402230691,-1.637609838,1.149876546,-0.384421555,0.080926872,0.436887559,4.600848991
7Networks_LH_SalVentAttn_Med_5,-0.813378097,-0.358964715,0.31531269,-0.385075317,0.458278395,0.711750246,-0.121417499,0.256109712,1.338498423,0.197413118,0.405080866,-0.515790996,-0.268309423,-0.597045892,-0.857168274,-0.562755284,0.491227267,-0.570064794,-0.283409104,-0.238663415,0.221695942,0.714736232,-0.333463382,-0.354305454,-0.736149358,0.086615906,1.185837418,-0.260122055,0.064258601,-0.784012688,0.957230431,-0.230783587,1.604079359,0.056091144,0.152202967,0.705048042,-0.265742091,-0.647831013,1.278563703,-0.880281174,0.211289541,0.178572274,0.103724422,0.416296455,0.10163374,1.543461724,0.212291217,-0.292194342,1.07531188,-0.404948777,0.421304284,-0.496504352,-0.238765761,-0.297209383,-0.186405692,-0.299885818,-0.397504447,-0.599566553,-0.617442004,1.448457402,0.541238003,0.218332156,0.589905417,0.059949402,0.296297951,0.083045325,0.02334338,0.582144222,1.075664439,0.727849801,-0.815112093,-0.760966211,-0.104610446,-0.033567913,1.730157053,-0.811810948,0.97810487,0.278502266,1.744035833,0.020948019,-0.341117695,-0.036078964,0.201856644,-0.541309678,-0.390589754,0.567771093,0.095457716,-0.810923269,-0.256480414,-0.479093406,-0.142377823,-0.290865911,0.178139634,-0.08560832,-0.713080645,0.076678502,0.018212512,-0.105983857,0.216311912,-0.259213773,-0.636142146,0.299845757,-0.003173996,-0.419956544,0.044417568,0.02455532,0.611306239,-0.412062537,-0.339565584,-0.178569457,-0.044645837,0.565918311,-0.284692211,-0.58911005,-0.496891974,-0.804579085,0.295721302,-0.168498815,0.482724661,0.898618656,0.047370832,0.189041592,-0.652399309
7Networks_LH_SalVentAttn_Med_6,0.290699991,-0.629035522,-0.722195849,-0.308304103,0.160809024,0.686153922,0.398666721,0.577858335,-0.084448777,0.50741849,0.025497046,-0.437849583,-0.588357529,0.111601617,0.82917327,0.553842771,-0.17675602,-0.206641644,0.266571307,0.516482434,-0.002293942,0.084663619,0.343395703,-0.790970345,0.467645849,-0.213205459,0.193445071,0.324475899,0.467422425,0.409284944,0.577915966,0.831748962,0.51492178,0.217724234,0.015373628,-0.16164221,-0.284241865,-0.699966921,0.150025787,-0.271712105,-0.04360586,0.40589525,0.370066247,-0.161580209,0.063923892,1.062806966,-0.081992905,1.832740118,0.83111273,0.396632783,-0.111168832,-0.207452622,-0.305922886,-0.29761949,-0.073703227,0.024965196,-1.23899494,-1.651470488,-0.438793097,-0.404166895,0.320403466,0.814204272,-0.480963899,-0.138395143,0.703361377,-0.381273457,0.507109162,0.27450501,0.539468737,0.034960787,-0.615084004,-0.937080089,0.110271904,0.16836908,0.558223743,-0.577343613,2.711283335,-0.509616509,0.998924333,-0.457185382,1.151476211,-0.127482506,0.295617422,-1.114845048,0.035208101,0.326536468,-0.647727798,-0.790776983,0.343994179,-0.586396414,0.458227461,0.157518638,-0.130630664,-0.689246748,-0.094892332,-0.531131841,-0.573578593,0.677910354,0.143526179,0.262422398,-0.553192554,-0.473703272,0.618897153,0.507091865,-0.562989897,1.03008918,-0.567923702,-0.191550144,-0.109186232,0.226380185,-0.679487374,0.405351259,0.63972701,0.579235391,-0.500144332,0.300595775,-0.212059985,-0.997637579,-0.387924365,1.084249024,-0.561324308,0.371258715,-0.210204838
7Networks_LH_SalVentAttn_Med_7,2.3405983,-0.092742708,-0.352439677,0.513363595,-0.670289478,0.861595229,-0.275436387,-0.671892037,-0.294322783,0.867441268,-0.693641405,-0.860325304,-0.334444841,0.413927464,-0.525376039,-0.118295911,-0.620229386,0.136645055,0.110920629,1.945703417,-0.763092386,-1.178012329,-0.105568762,-0.529089457,0.304429139,0.248319734,-0.635208249,-0.11710392,-0.528172609,0.887666383,-0.445224149,-0.552188782,-0.310893919,-0.106287686,0.703076318,-0.098444119,-0.730693536,-0.603168482,-0.546046831,0.636670667,0.192038962,0.022086254,0.14773672,-0.121046722,-0.177787718,4.177648807,-0.634458359,-0.214490859,-0.467221599,0.407956114,-0.132268791,0.981957305,-0.848961711,-0.529859398,-0.010915849,-0.239419515,0.193526316,0.623166807,-0.103241976,0.251277364,0.525997335,-0.277684247,-0.0943784,0.975082591,-0.159971199,-0.09132134,-1.492423426,-0.363065541,2.745287326,0.093107836,-1.062855129,-0.345874854,2.398770241,4.302768991,0.501411752,1.005729565,0.778496857,-0.857293672,-0.214186092,-0.149200777,2.247477495,-0.7935448,-0.120716901,0.364253745,-0.442102762,-0.481246057,-1.207045461,0.713406513,-0.473777915,0.112167084,1.203851972,-0.206716593,-0.318936559,1.121205342,3.379976348,-1.45558535,-0.236480047,-0.056030894,-0.645068827,-0.26986509,-0.603210583,-0.305625464,-0.004467021,-0.440045959,-0.310570546,0.099268476,0.093387376,0.97587554,0.219738628,-1.239103245,-0.533734551,-0.395220735,-0.258753612,0.307502012,-0.780973208,1.44741912,-0.291219344,-0.457829204,0.282849892,-0.709435309,-0.494001759,-0.084369122,-0.342497314
7Networks_LH_Limbic_OFC_1,-0.835522443,-0.855085073,1.332788899,0.116529772,1.169470845,1.126315639,0.663205759,-0.688478126,0.418673137,0.072513564,0.26238457,-0.638251578,0.67321654,-0.394231898,-0.053646185,-0.309298504,-0.28443436,-0.3833292,-0.136824961,-0.321385119,1.231408685,1.508481257,0.073689704,0.100588445,-0.219681608,1.092530423,-0.472804674,-0.251766999,2.130825528,1.25206259,-0.017482575,0.318754414,0.387838989,-0.346297793,0.909658799,0.179203137,-0.347628302,-0.024212152,0.170516755,1.495791469,-0.682499593,0.039204061,-0.343065376,0.165929554,0.542913228,-0.989482209,0.601837521,-0.583885378,0.241466394,-0.90979615,0.56318408,-0.417800325,-0.132974902,0.193777471,-0.256652415,0.157554723,1.377776279,-0.60951152,-0.374676669,0.388273165,-0.105818197,0.750160693,1.223899003,-0.170506555,-0.236899497,-0.273739379,-0.191241867,-0.427732124,-0.455501058,-0.354845253,0.607335727,1.028541817,-0.781358045,-1.350508044,-0.64892064,-0.671781674,-0.516737955,-0.554585046,0.371038572,-0.555511456,-0.721895688,-0.477020093,-0.255846418,-1.069791563,0.222329718,0.06222288,-0.30442726,-0.318312411,1.042341838,-0.423506943,-0.481657468,-0.408271023,-0.128488737,0.150232565,-0.234947045,0.744935545,-0.397941993,1.066815013,-0.014818539,-0.387526288,1.334454571,-0.494045604,0.414995208,-0.017756326,-0.101023764,-0.651438991,0.392943997,-0.542063101,0.694736241,1.067428691,-0.035360199,-0.089644335,0.080552556,0.077092253,0.682164075,-0.139807231,-0.023689684,0.405382457,-0.263032257,-0.421642252,-0.111420381,0.648524207,-0.744539914
7Networks_LH_Limbic_OFC_2,-0.876477668,-0.781685191,0.556608127,0.798776374,0.650473979,1.220090927,0.353501045,-0.736414724,1.386409651,0.438620462,0.564240066,-0.754988614,-0.388007991,-0.20176003,-0.054289392,0.867094579,-0.616960331,0.655550926,0.740168203,-0.190072244,1.055406478,1.484915376,-0.146956411,-0.196409932,0.283467404,1.633148605,-0.412955278,-0.672641619,2.075297767,0.622057038,0.376915704,1.075751491,0.702540034,-0.137255981,0.301175586,0.961403212,0.412810372,0.041880787,0.982024279,2.348342841,-0.117429291,0.024216131,-0.10109374,-0.080784295,0.056635447,-0.360402716,0.246170578,0.342666147,-0.493290412,-0.400788872,0.164152415,-0.549742378,0.01246329,-0.212648321,-0.36746653,1.108149197,0.428520144,-0.714281944,-0.454749636,0.675864995,-0.658523629,-0.584896007,0.564771705,0.072948836,-0.090109558,0.312944888,0.59989352,0.280946999,0.088232985,-0.600068429,0.373021371,0.846631085,-0.617114838,-1.321739364,-0.823068193,0.006727972,-0.086905521,-0.555703477,0.901801857,-0.555475743,-0.657801151,0.084154126,-0.423742629,-0.850087929,0.137787465,0.930795365,0.291618769,-0.535185342,0.957330644,-0.157656458,0.408706386,0.283096029,0.962449798,1.377739573,-0.426047448,0.397202594,-0.458624492,0.285374704,0.05390079,0.006375258,1.100413406,-0.632086867,0.297813111,0.71656253,0.263731465,-0.911234568,-0.330338812,-0.254381588,0.504169214,0.09338419,0.002264745,-0.111844489,-0.272668845,1.019069888,0.265238547,0.202424084,-0.103543787,1.70840366,-0.362219262,-0.660253374,-0.378334246,-0.675139299,-1.25402443
7Networks_LH_Limbic_OFC_3,-0.852001486,-0.374735025,1.062100253,0.016273515,-0.181191763,0.65176057,-0.440205048,-0.736190016,1.913144859,0.431007728,0.183933079,-0.54281157,-0.602669175,-0.197927602,0.017841653,0.325103935,-0.016443172,-0.199485709,1.036985875,-0.338650963,0.90335409,0.989349165,-0.371004612,-0.540653389,-0.168664187,0.190618758,0.258048806,-0.03096176,1.628025675,0.264079406,1.037001539,0.311652787,-0.003120765,-0.424105869,0.676716205,0.758277794,0.688585933,-0.123986439,0.30513019,1.41669287,0.120307468,-0.196550605,0.227724397,0.008663676,0.234443028,-0.537833626,0.760594999,0.288856651,-0.086298859,-0.528858613,0.112028088,0.250532385,-0.403972992,0.469309246,-0.028262662,0.098298339,0.789801729,-0.704508985,-0.358140982,-0.10007098,-0.087411237,-0.470474653,0.022703612,-0.037403717,-0.213443543,-0.504016081,0.015967742,0.797327539,-0.192707835,-0.237000657,0.232282203,0.481798521,-0.757273469,-1.367408973,-0.628646245,-0.176184515,-0.142517368,-0.530553678,0.155921529,-0.837909158,-0.138261553,0.116030511,-0.579640046,-0.201410108,-0.03772741,0.224044396,-0.49542911,-0.369052702,0.081501357,-0.57526334,0.326124538,0.00526187,0.59863051,0.568335489,-0.163079369,0.723371001,-0.047397906,0.663198344,-0.20965539,-0.223018164,0.560006081,-0.556500135,-0.06228188,-0.209075727,0.563429089,-0.397794185,0.176210804,0.276283606,-0.204430528,0.259918818,0.584476553,-0.043059846,-0.329994364,0.381306472,0.058643839,-0.52204697,0.136040272,1.3076702,-0.306359104,-0.375980923,-0.264961508,-0.338435201,-0.585664546
7Networks_LH_Limbic_OFC_4,-0.403787127,-0.881789332,0.565128783,1.007521824,1.429476718,1.497790192,-0.078756824,-0.577223041,1.498292003,0.052023359,0.54369558,-0.687417754,-0.562464846,-0.088933717,-0.351535456,0.336019499,0.16859229,0.23119278,-0.077031138,-0.660642768,1.359869908,1.480338667,-0.287831773,-0.398489002,0.564973437,0.662643189,-0.031199506,-0.299831608,2.537822832,1.347224734,0.894757774,-0.42148761,0.250812682,-0.01886578,-0.00804447,0.643692516,-0.104395064,0.854911298,-0.158716183,1.466958794,-0.519269528,-0.549990426,-0.439904843,-0.160575517,0.234269966,-0.660652723,0.653029948,-0.155473857,0.328868122,-0.884625664,-0.216234259,-0.466366542,-0.340461768,0.087045496,-0.09869271,-0.344554602,0.14252062,-0.688005286,-0.049051898,0.469456163,0.138992202,-0.063201601,1.241306048,-0.624449651,-0.846456236,-0.3898341,-0.427745687,0.245281378,-0.563527007,-0.229161977,0.581933599,0.598124591,-0.985803701,-1.620247092,-0.727904706,-0.521016777,-0.441038089,-0.696515934,0.984189331,-0.713108563,-0.572431511,-0.744626319,-0.312612715,-1.055779638,-0.146279129,-0.023605936,-0.892968489,-0.348714863,1.322868427,-0.564392246,-0.625692448,-0.04724761,0.011057863,0.494354207,0.206817253,0.176573436,-0.084569744,1.589142362,-0.134828997,-0.135953962,0.559798387,-0.763993464,0.171660527,0.063311903,1.260138313,-0.49581127,-0.079619772,-0.808355142,0.517310647,0.428403475,0.538882789,0.104157011,-0.530597981,0.436992726,0.446655126,-0.119318302,0.64089874,1.618125277,-0.3652597,-0.108577138,0.024981194,-0.176615094,-1.255503919
7Networks_LH_Limbic_OFC_5,-0.491681058,-0.109270348,-0.156592647,-0.171848877,-0.460589321,0.207390037,0.850510141,-1.105762164,1.100004832,0.754176471,0.09058002,-0.264562514,-0.56763569,-0.011130369,-0.142210213,0.039757276,0.139580119,-0.462873845,-0.028404232,-0.365873615,-0.01473418,0.14963181,-0.205919248,-0.748570359,-0.343522097,0.948542949,0.013489202,-0.312933828,0.546773717,0.403748385,-0.246067507,-0.224197292,0.415190751,0.769291905,0.474537503,-0.165884698,-0.248636315,-0.223902773,0.224612028,-0.055884844,-0.368664828,-0.465764895,-0.449007692,0.477359015,0.266946363,-0.054863144,0.213467113,-0.15389967,0.170535712,-0.049904083,0.256151475,-0.656873205,-0.271830393,0.380240663,-0.278969668,0.270467003,-0.153488013,-0.670486329,-0.137660109,0.243168242,-0.563514357,0.608166329,0.19560493,-0.578099327,-0.405715138,-0.095174419,-0.170762204,1.162222729,-0.166740862,-0.462204191,-0.259811836,0.857963684,-0.254799567,-0.351649223,-0.302919504,-0.139003944,-0.246318396,0.096675447,-0.149638818,-0.997238429,0.128314934,-0.183864619,-0.529213923,-0.484637698,-0.087698554,0.731592276,-0.482627681,-0.459000949,-0.497611672,-0.404177797,-0.206020031,-0.142801421,0.467688524,-0.146889555,-0.489385514,-0.452464592,0.999819164,-0.048517288,-0.400088881,-0.109827329,0.237506324,-0.386394158,-0.118747949,0.097680742,0.335200562,0.166039469,-0.3137299,-0.44991283,0.058763975,0.077640175,0.151873598,0.039393363,-0.214480265,-0.010532903,-0.206968142,-0.136247591,-0.420490222,0.316209026,-0.347664473,-0.36191673,-0.545564712,-0.289715283,-0.570943867
7Networks_LH_Limbic_TempPole_1,-0.694484892,-0.71792609,0.236192426,-0.865685514,-0.011740448,-0.213504697,0.994528133,-0.753079454,0.012335705,-0.218245872,-0.08355917,-0.083793071,-0.711803881,0.031874105,0.219730703,0.844962538,-0.344823012,-0.458927552,0.150266306,-0.20648594,-0.25032178,-0.324152264,-0.793519156,-0.427606193,0.608013518,-0.181627168,-0.17350248,-0.684120465,0.532924864,0.029855865,-0.37886649,0.440533599,1.506576053,0.522635925,0.254196183,-0.073852775,2.299478967,0.252046526,0.251139424,0.322292277,0.219542203,0.071478639,-0.132975321,-0.589054724,-0.001492889,-0.13824242,-0.008363132,-0.336925123,0.813109752,-0.970321245,0.641172165,-0.249584749,0.061110314,-0.496687254,-0.421926684,-0.157097917,1.487288172,0.624491824,-0.144898454,-0.907284615,-0.117943782,-0.265555868,1.491279394,-0.721002739,-0.09202545,-0.143940881,1.05422305,1.028128994,0.639135356,-0.792069234,0.359424097,0.37276022,-0.291559325,-0.7546898,-0.415966293,-0.575450186,0.824067812,1.159066263,0.142837869,-0.497057893,0.087974683,0.382610303,-0.598269166,0.130942573,-0.478655514,0.755541783,1.599532862,-0.351618758,-0.464278619,-0.756245623,-0.242868578,0.121395878,0.928392952,-0.385103878,-0.364542127,-0.178564798,-0.395248609,-0.359516746,-0.225640141,-0.399615236,3.070003902,0.079320595,-0.019963754,-0.368017134,0.359057875,-0.669696556,-0.539359447,-0.210884939,0.244456547,-0.026840874,-0.06746064,-0.074008677,-0.372383947,1.28323642,-0.57050904,-0.417115476,0.362994577,-0.007948051,-0.289354276,-0.365028963,-0.402998911,-0.093881233,-0.574779492
7Networks_LH_Limbic_TempPole_2,-0.518448882,-0.484576191,-0.422941352,-0.637242848,0.909788397,0.601228646,0.865700879,-1.403606954,-0.04810378,-0.141466002,-0.210393415,0.075530826,-0.48939401,0.134461719,-0.192460116,-0.369039647,-0.362310027,0.351712674,1.110888639,-0.661528864,-0.29868353,-0.583759068,-0.122842001,-0.414261789,-0.026867487,-0.16515328,-0.11139981,-0.244375479,1.738019142,0.65118822,0.456889894,0.308155529,1.005382824,0.429094428,0.445172356,0.226706412,0.819186266,0.470956051,1.595563515,1.019583981,-0.587779901,-0.777221637,0.064157119,0.004562942,0.315828309,0.160261236,-0.279905873,0.324175555,0.238608011,-0.568352033,0.312287922,0.257076326,-0.108620626,-0.33663616,-0.364363585,0.090018225,0.31273754,0.422421303,-0.043979496,-0.129442054,-0.562223505,0.683035905,0.106770081,-0.271973636,-0.356897391,-0.635402381,1.124738088,1.382486489,1.510921006,-0.855138943,0.659114854,0.705846903,-0.511747352,-1.072058475,-0.659721131,-0.029883596,1.482351574,-0.203675647,-0.118928176,-0.799466749,0.080522543,-0.604110557,-0.459592618,-0.09366794,-0.559061508,0.667790462,1.202445135,-0.26586864,-0.373038594,-0.482126845,-0.158639771,-0.142628259,1.044991392,-0.498850815,-0.174078182,-0.213429529,-0.409156484,0.430745547,-0.258337138,-0.191758098,1.736941751,-0.52440974,0.4140036,-0.050584928,-0.176174371,-0.271889503,-0.589472532,0.286705117,-0.118246029,0.707320309,0.801881726,-0.518759205,-0.293081761,1.499968873,-0.417812363,-0.189568678,-0.345946531,0.597080681,-0.187693418,-0.319336992,-0.362388576,-0.364764969,-0.328827623
7Networks_LH_Limbic_TempPole_3,-0.682554361,-0.302410094,-0.040073674,-0.348897184,-0.005504923,0.516799174,0.956294344,-1.449063605,1.30889317,0.013115793,0.086964454,-0.496465703,-0.669404092,-0.312124624,-0.183357849,0.637359913,-0.118315456,1.331954078,-0.195497698,-0.359542418,-0.394894025,-0.39280587,-0.023390511,-0.222823067,0.651640912,-0.166787506,-0.372312679,-0.292447101,1.219795254,0.019396684,0.164083772,2.332839018,3.082573002,0.272325799,-0.241454149,0.194729104,1.706798473,0.312745018,1.792623469,0.682757919,0.304373088,-0.112206445,-0.337173893,-0.085916392,0.061175678,-0.386996662,-0.269969864,0.915205314,0.599673659,-0.927343348,1.139890303,0.228733673,-0.409546486,-0.366258427,-0.758926771,0.289928734,1.016433154,-0.525073495,0.167180056,0.397588538,-0.614050077,-0.004334162,0.529155259,-0.715790451,0.063492276,-0.172064632,3.627961227,1.459814044,0.481935645,-1.263331514,0.762906542,0.268715073,-0.006723252,-1.547707638,-0.49060459,-0.772559593,2.042225849,0.023717063,0.540970006,-0.663470616,0.021003688,-0.192507197,-0.408103549,-0.649113682,0.353635848,1.361186111,2.016876411,-0.371568109,-0.558086952,-0.649025166,-0.556816974,0.220381926,2.894193143,0.622634071,-0.467544569,-0.287977387,-0.847070586,0.2537106,-0.21344735,-0.555870372,1.918804482,-0.461868037,-0.371730724,0.078224111,-0.476757892,-0.685258934,-0.605857963,-0.345836718,-0.095347391,-0.343435374,-0.163546178,0.008290586,-0.308407937,0.253697851,-0.534920499,-0.423887096,-0.584823628,0.983574565,-0.554224951,-0.29001409,-0.392463598,0.02643235,-0.317853727
7Networks_LH_Limbic_TempPole_4,-0.567735633,-0.393667833,0.595094031,-0.162841271,-0.142651311,-0.271527448,0.206398734,-0.068299811,0.336955363,0.633491827,-0.012072652,-0.427980476,0.478741428,-0.27392068,-0.221245016,-0.294354884,-0.417424375,-0.080132973,-0.407371528,0.178347143,0.358377157,0.04442107,-0.066383622,-0.358515676,-0.190300598,1.300824144,0.117852609,-0.233336619,-0.208810465,-0.046496142,0.14660816,-0.080385587,0.801106261,0.156682461,0.242554349,0.166796625,0.536057342,0.060649441,-0.346214361,0.023857291,-0.340751994,0.341365522,1.04051367,0.222551437,1.471621152,-0.301269892,0.304887496,-0.134790486,-0.401080529,-0.33570596,-0.456417542,0.191997047,0.836642098,-0.367760402,-0.482366173,-0.480650082,1.256178454,0.487227707,0.008858159,-0.239896248,-0.19033385,0.181521667,0.862896475,-0.154540438,-0.624819022,0.704769588,0.351930531,0.356448546,-0.214537363,0.144376962,0.299688808,0.406583567,-0.447475772,-0.766796387,-0.218857737,-0.340885782,-0.103907602,-0.191884586,-0.098639327,-0.261956003,-0.250002038,-0.489943457,0.287980264,0.240375799,-0.076849264,0.912439732,0.023147091,-0.292034544,-0.217964216,-0.652339968,0.294753234,0.057742502,0.682660455,0.002796938,-0.283313883,0.68570509,-0.078539588,-0.205221934,0.778694793,-0.094709326,0.685492165,-0.068027344,-0.069873805,0.829544633,-0.035907391,-0.593877951,0.168126101,0.35987317,-0.36515033,-0.514423892,1.065660079,-0.091172945,-0.324408225,1.012231239,-0.253194922,-0.396525533,-0.057317061,-0.387959493,-0.306486925,-0.532255727,-0.290139426,0.377896035,-0.163326127
7Networks_LH_Limbic_TempPole_5,-0.568827863,-0.376360341,-0.417645697,-0.492039642,-0.161969938,-0.227276039,0.684981795,-1.138279496,1.114521706,-0.596372276,-0.283119425,-0.882179552,-0.510713081,-0.131657965,-0.075828292,0.900032128,-0.086581332,-0.091904626,0.438148319,-0.078573872,0.506015882,-0.76026951,-0.139467043,-0.741748072,-0.108081926,0.38590082,0.045708197,0.042680447,-0.224813963,0.226167839,-0.43557665,1.5415517,1.805049304,-0.556066396,0.812675116,-0.085779511,0.917143552,0.373207202,0.64962136,0.008911587,0.447750138,-0.285512717,0.117898644,-0.724499461,0.0031871,-0.365852137,-0.198643862,-0.113251745,-0.265726463,-0.684365695,0.011168152,1.195632732,-0.341783431,-0.212179599,-0.241944314,1.007536415,1.122445349,1.423955184,1.365786254,-0.226249574,0.575638628,-0.33525938,1.125592554,-0.427170858,-0.190301095,1.510066093,1.575404764,0.592689544,0.184394521,-0.230966866,-0.194198112,0.305508255,-0.741596655,-0.99401406,0.224998373,0.764512814,-0.187845864,0.477789647,-0.598613976,-0.458185978,-0.30603974,-0.015411763,-0.653085416,2.089516725,-0.276284433,1.19789288,2.174986571,-0.16405732,-0.456744277,-0.709731735,-0.572205234,0.800099977,1.425044758,-0.020511068,-0.197632901,-0.085554802,0.067565575,-0.036208349,0.54744176,-0.559565352,3.032144735,0.324975419,0.576000781,0.505036312,-0.253137183,-0.603530894,0.003127421,0.470625298,-0.346583375,-0.378342364,0.115366655,0.445164985,-0.294243798,0.776603951,-0.126097521,-0.737058399,-0.400246226,-0.221268067,-0.357210803,-0.483437456,-0.383226499,1.490953576,-1.110725088
7Networks_LH_Limbic_TempPole_6,-0.584029061,-0.800374339,-0.199622947,-0.93596099,0.153942398,0.094250539,-0.343091686,-0.970665544,1.204949583,-0.212195764,1.527684711,-0.532041033,-0.473187431,1.24934401,0.058694846,0.303028683,-0.315451942,0.970218132,0.9442537,-0.728607797,0.04720865,-0.205296523,-0.551457875,-0.073561594,-0.045345004,-0.059783434,-0.30296493,0.008605066,0.897032166,0.212996931,1.283558696,0.307558501,1.234333942,-0.289423234,0.101634358,-0.022135677,-0.025646787,0.989200378,0.524190346,0.625910978,-0.587708818,0.067206125,-0.175287389,0.550127126,-0.225755267,-0.882846357,-0.736960813,0.22301102,0.99683146,-0.877809645,0.082879644,0.496520636,-0.102108591,0.349293076,-0.852627992,0.089871606,1.387810991,2.112730805,1.187119651,-0.563866427,0.466530539,-0.52965229,0.672675991,-0.439399292,-0.648134829,1.127667694,1.686808543,1.831002307,-0.122720624,-0.485556736,0.109742585,0.743186012,-0.342807962,-1.178404484,-0.257668397,0.035302603,-0.420571608,-0.600198229,-0.299173438,-0.317715947,0.052673002,-0.604989162,-0.450456143,0.690436609,-0.191501584,0.186557863,0.161889756,-0.279713178,-0.561772522,-0.840691991,-0.346421409,0.183184654,2.270512647,-0.70841152,-0.140447687,-0.516596968,0.105740794,0.412682364,-0.506312448,-0.236380942,2.661385757,0.142552195,0.318178027,0.259145191,2.102138022,-0.91119683,-0.048173077,0.276699715,0.708197269,-0.306845302,-0.182262718,-0.287087399,0.418285105,1.354924297,-0.383771875,-0.483826737,0.058731127,1.091666778,-0.451647826,-0.785098355,-0.728922204,-0.33221073,-0.494538507
7Networks_LH_Limbic_TempPole_7,-0.663592977,-0.191313309,-0.559695367,-0.719474857,0.365373166,0.433237111,0.374298862,-1.106465835,0.966961054,-0.071356201,0.159644115,-0.263387739,-0.598964281,0.569507719,-0.453187577,-0.146909007,-0.346040826,0.565836586,0.767101275,-0.678196728,0.005128966,-0.392349233,-0.424166786,0.009632549,0.018243062,0.046211688,-0.9581927,0.23677147,1.946345098,0.646913367,1.342212643,0.880931533,1.146699895,-0.269127301,0.234908592,0.268085643,0.760959035,0.325469114,0.701136097,1.82236029,-0.238481641,-0.733188299,-0.018282977,-0.675303269,0.169123426,-0.514342425,-0.77629976,0.221299253,0.026060536,-0.836167343,-0.21808051,-0.27240165,-0.018931793,-0.285057308,-0.699878656,-0.605881342,0.137269625,0.745866526,-0.165066712,-0.187543768,-0.147543788,0.052348443,0.339377968,-0.875993153,-0.079456762,-0.36797646,0.967622595,0.314877131,0.267527802,-0.728561269,0.795337176,0.50709645,-0.643220623,-0.868521961,-0.003877674,0.784737994,-0.286357958,-0.110623014,1.009949258,0.343196811,-0.415019448,-0.328447408,-0.021788368,0.008175302,-0.162759745,0.808549322,0.398346157,-0.398893656,-0.216761392,-0.444951415,-0.162685383,-0.321603938,1.21486978,-0.042035204,-0.141974956,-0.458917171,-0.801284945,0.812149944,-0.385970461,-0.518187992,1.855959746,-0.527032677,0.267973493,-0.256362787,0.001272144,-0.59575625,-0.342358027,-0.138004872,-0.021123158,-0.058230709,0.049177321,-0.575600508,-0.191597274,1.209738378,-0.170008233,-0.383813101,-0.191335144,2.317890977,-0.529155685,-0.711412083,-0.674939115,-0.498902578,-0.948832673
7Networks_LH_Limbic_TempPole_8,-1.928297302,-0.188238462,0.195271189,-0.924369763,0.436819448,0.539557541,0.681475125,-0.94141906,2.707460503,0.426786852,0.853581794,0.066791211,0.084054653,0.26150706,-0.300233186,0.581351843,-0.125484532,1.583899397,-0.343261367,-0.566094304,-0.654072181,-1.003331338,-0.259932324,0.045619265,-0.662961799,0.347103568,0.157195572,-0.451540382,0.739337165,0.948751718,0.505297036,3.34839067,5.860574482,-0.591125635,0.030716527,0.986353409,0.317242912,-0.33172382,1.761201268,0.860218931,0.004323797,-0.746647988,-0.684131391,-0.223464709,-0.556911335,-0.41354906,-0.341031915,-0.481834673,-0.391730097,-0.848645938,0.094018877,0.55787445,-0.305534794,-0.379601822,-1.178988453,-0.447009794,0.353525191,-0.69263857,0.650470256,1.213655692,-0.803183245,0.232260338,-0.1339313,0.779428525,-0.190406851,-0.321200265,4.86350149,3.561566277,-0.187601251,-0.19441321,-0.05683479,-0.586427542,-0.498994051,-1.458796085,-0.150659696,-0.319342854,1.786371732,-0.277511538,0.056593931,-0.823636468,-0.481333865,-0.461010405,-0.627423759,-1.182319356,-0.632085162,2.161076964,2.261582267,-0.472529595,-0.103944411,-0.869039611,-0.863351172,-0.703682551,3.678735329,-0.059590432,-0.520367523,0.086702444,-0.420879158,0.90319899,0.266565334,-0.64145161,2.678348099,-0.435663552,0.019132961,0.703773054,-0.221583654,-0.672944105,-0.780407838,-0.534840516,0.252859357,0.657542005,0.520504008,0.476265818,-0.124280099,0.318886414,-0.231918432,0.185053618,-0.7170194,0.201473953,-0.532120912,-0.47363636,-0.389632071,0.24766342,-0.632875851
7Networks_LH_Cont_Par_1,0.096461511,0.284413165,-0.54636344,-0.041406303,-1.262235126,-0.930145888,-0.181090252,0.706275197,1.825714537,-0.653990062,-0.308766979,0.4845387,-0.139972955,-0.897847113,0.018578329,-0.335679435,0.426158339,0.488896515,-0.600908715,0.352832781,-0.298285069,-0.370535036,0.674135772,0.329800703,0.146033364,-0.520163995,0.260712311,-0.295588214,-1.605008284,-0.761246842,-0.750096309,2.218598951,1.915317068,0.609110078,0.880537644,-0.19235602,-0.778177875,-1.264301364,1.837804344,-1.278199575,0.248565174,-0.224481945,-0.453412798,1.49650906,-0.351255622,2.68938682,-0.222702931,-0.082181275,-0.062406322,-0.874753611,0.015175088,-0.224510867,-0.230997583,-0.26333364,1.174941495,1.652445012,1.026232147,1.386348693,-0.119350575,0.617962655,-1.33730086,0.770753148,-0.996879099,1.735229096,1.888957828,0.693973882,3.467083952,1.74261125,2.466796412,0.252646717,-1.216797063,-0.845026182,-0.570222028,-0.844299972,0.495831714,1.223507308,1.10460588,1.042773102,-1.44788119,-0.326058261,1.962578367,-0.07469627,-1.156410419,1.187469642,0.720739259,0.613739723,1.323753382,0.799925324,-0.340016525,-0.164781455,-0.41303693,0.479294024,4.645188129,-0.001148976,-0.222655566,-0.947242555,1.981474346,-0.884525771,0.337580482,-0.037228942,0.732259417,0.4973584,0.406014818,-0.679663021,-0.421839824,-0.133258941,-0.842795135,0.301839206,1.194832586,-0.619735829,-1.247829696,-0.640162474,1.762551365,1.029280334,-0.171313372,0.240418636,-0.496019477,-0.36049689,0.27812037,2.050851704,0.180374626,0.111182718,2.233598622
7Networks_LH_Cont_Par_2,0.289449259,0.518649922,-0.478939546,0.170254844,-0.497459777,-0.070323762,-0.669067406,0.361244469,-0.227062013,-0.218101084,0.360809353,0.189316857,0.906272096,-0.249737335,0.141914628,-0.198598151,1.121689038,-0.551708101,0.253503399,0.332308639,0.09954995,-0.135288803,0.10481543,-0.183067758,-0.190013889,-0.530803972,0.201791031,-0.241503498,-0.56792594,-0.392382753,0.059402661,0.210989085,0.112839152,2.293455115,-0.482696239,-0.062858798,-0.480557554,0.304375636,-0.23702243,-0.454606759,-1.039200176,0.339664141,-0.178918475,0.53540293,-0.289161101,1.589023304,-0.104026587,-0.440850994,-0.467797026,0.09952881,0.370317394,0.302092885,-0.426620728,0.266530941,0.618661131,0.685202081,0.541419075,0.402566654,-0.491105219,-0.750725604,-0.042134248,-0.292895689,-1.257936375,0.104617685,2.184630334,-0.118277379,0.606993202,1.06752755,1.923857457,1.090536763,-1.153386238,-0.802656254,0.287744791,-0.181062484,-0.682338983,-0.094419334,0.538356221,-0.466734343,0.628229907,0.473153584,1.051623791,-0.023476232,-0.595820865,0.325632855,-0.135350842,-0.424010876,0.686077039,1.170420277,0.434517207,0.421962541,0.546883658,-0.108334655,1.32945054,0.248348886,-0.367615756,-0.84541475,0.984269394,-0.154169208,-0.235987704,-0.615285549,-0.254166454,0.395299257,0.573951815,-0.81593765,-0.210410335,-0.265841965,-0.047413209,0.188042456,0.217276172,0.359150676,-1.195173765,-0.431528566,-0.207295004,0.691230095,0.390190326,0.252209425,0.114841429,-0.668702518,-0.323748451,-0.423370174,-0.011768624,-0.03439384,0.340577128
7Networks_LH_Cont_Par_3,1.044414545,0.527144701,-0.761935983,-0.568726724,-0.340983915,-0.540415401,-0.271326832,0.897523107,0.162068421,0.505498141,1.325623587,-0.085158988,1.23464754,-0.259319854,0.534360155,0.442001517,0.13821855,-0.057569084,0.967413537,-0.105017158,0.522058291,0.311312364,0.81328599,-0.321988198,-0.191739871,-0.770813941,1.435210037,-0.405607359,0.006470442,0.095718988,-0.174866911,0.433386843,0.979302464,2.074970177,-0.246143932,-0.595605874,-1.147104545,-0.553704612,1.287042932,-0.782927344,-0.20322735,0.268947299,-0.781474583,1.001393053,-0.555525227,0.182504566,-0.404618856,-0.594246202,-0.125012962,0.02967323,0.281033518,0.392453522,0.537455006,1.520626496,0.876560038,1.259074258,0.92436767,0.884706293,0.207500883,-0.699751335,-0.146204106,-0.720880553,-0.671989037,0.933336799,1.218948853,0.197358782,2.281184367,2.6559985,0.587363188,2.150534802,-1.083749646,-1.284594676,0.185375457,-0.225780706,-0.5384796,0.170621687,-0.158425525,-0.149555449,-0.454779473,0.260217216,0.761281998,-0.463611583,-0.499384901,0.533624829,1.902305125,0.030449033,1.297334734,1.858557582,0.447978203,0.497189136,1.052316716,0.425433889,3.298487428,-0.056464635,-0.267956699,-1.186536984,0.179997102,0.274820514,0.023512401,-0.766248804,0.243581189,-0.251650049,-0.086710281,-0.73546236,0.351866031,-0.705997424,-0.109801853,0.810718272,0.465798869,0.207603623,-1.137722242,-0.258554907,0.428729112,1.30931849,0.947095948,0.196609152,-0.085895326,-0.684597286,-0.440026924,0.075797763,0.362003499,0.419114679,1.511479983
7Networks_LH_Cont_Par_4,0.667202531,-0.030215855,-0.833259694,-1.004050575,-1.819049858,-0.7774076,-0.498330476,1.206973573,0.509865074,-0.610481747,0.100835173,0.770938805,1.343315374,-0.699008607,1.037980762,0.390498584,0.055113169,-0.441510934,0.343977849,0.189385047,0.77787058,0.340448482,0.265535173,-0.113311926,0.556032613,-1.101997377,0.529500173,0.32651282,-1.791466379,-0.896459192,-1.32365029,3.076800454,2.633582006,0.638789469,0.325203243,-0.992026989,-0.924302582,-1.143778114,2.159514629,-1.901425064,0.369555204,0.022080527,-0.298970745,0.264279943,-0.799677525,1.094847374,-0.644042954,-0.857270175,0.244429312,-0.853974883,-0.65822617,-0.41477132,0.17480514,-0.058061323,1.56083608,2.47185609,0.593859565,1.820439819,0.298124119,0.394071443,-1.154163854,-0.279149012,-1.039780356,2.490578978,1.492499066,0.832272642,5.811741072,4.36277565,1.219301536,1.293473818,-1.433405368,-1.082244406,0.092401998,-0.747601472,-0.118998303,0.96113226,1.681688443,-0.65143287,-1.698261697,-1.739739019,1.086831928,-0.136137598,-1.130478101,2.193886097,0.749944521,1.090709003,2.219545918,1.562042555,-0.475196806,-0.327414364,0.072266327,1.362391642,6.364102047,-0.713886017,0.051556776,-1.377601099,2.251106779,0.027313838,0.039046884,0.463523972,0.28233277,0.33730764,0.199937651,-0.563301433,-0.896799463,0.298073967,-0.409311088,-0.212616142,0.471422296,0.387640705,-1.669150351,-0.125820327,0.80833711,-0.207674928,0.066496667,0.433005933,0.014692361,-0.828832866,-0.451984872,0.84969561,-0.311613098,0.128388466,4.473403952
7Networks_LH_Cont_Par_5,1.034032966,0.537154962,-1.112454196,-1.427169372,-1.53018015,-0.974332739,-0.741980415,1.678395978,-0.780038793,-0.201646242,1.322529214,0.066018257,0.929138462,-1.501753757,0.014691143,-0.272596207,0.261961645,-0.510213679,0.71943444,0.037853258,0.285877742,0.068709646,0.859092184,0.080169061,0.511044079,-1.034051408,0.137346157,0.110203115,-2.102684979,-0.561004488,-0.598739217,1.738694526,0.955350401,1.600508775,-0.051629941,-1.365274484,-1.377205957,-1.215038411,1.000322659,-1.95058844,0.122497143,-0.34590317,-0.002203163,0.730114689,-0.472686016,1.587057814,-0.584189555,-0.686153598,0.486140904,-0.109534103,-0.677365814,0.111309899,-0.051083597,0.260775923,1.065150556,0.742431246,0.008125864,1.402181628,0.445995407,0.549193979,-1.429911971,-0.589180289,-1.593271092,3.051057228,1.32654897,1.326967709,5.299959588,2.502937704,1.141276674,2.627375628,-1.627840502,-1.505558086,-0.012819256,-0.030836223,0.277812841,0.332534068,0.462418211,-0.723052768,-0.950590179,-0.380685686,1.97076051,-0.170308152,-0.92593609,1.260852388,2.257355988,0.179582333,1.695232639,2.471035476,-0.122221906,0.703223434,1.231961252,1.990733425,3.620344172,-1.008146334,-0.45212355,-0.961625088,1.866335349,0.075254679,-0.39852274,0.221954405,0.072860911,1.261258623,0.000795748,-0.711667683,0.300291404,0.512940586,-0.778462444,0.604821897,0.590638669,6.06E-06,-1.346781366,0.195192379,0.643622545,0.293440976,0.498354045,0.501001014,-0.661705219,-1.094327189,-1.047080526,1.229140368,0.265499446,0.042649826,5.678234292
7Networks_LH_Cont_Par_6,4.089712276,1.046903477,-1.368428601,-0.830282397,-2.059422751,-1.250277415,-1.413987692,0.953162926,-0.605849422,0.007391735,0.80074528,0.384044674,1.374932363,-0.708821259,0.615656566,0.363654203,-0.01552304,-0.516752802,0.303888613,2.113072648,0.409841666,-0.18586649,0.801351765,1.011117624,-0.135095096,-0.865171519,1.280715373,0.575171876,-2.72542638,-1.07230622,-0.371707349,0.531530902,-0.696896368,1.395224249,0.102923534,-1.016692475,-1.409785886,-1.195925955,0.52199768,-2.222272938,0.069308376,-0.699678177,-0.446090644,1.200401,-0.938584192,3.343218141,-1.318608833,-0.517402219,-0.003903449,0.295615215,0.141802763,0.098168807,-0.017522662,-0.333298636,1.718141979,0.406490364,0.266043934,0.913609967,-0.374396707,0.301702224,-0.508052876,1.102745838,-1.568729881,1.827960241,1.91222379,0.342714578,2.44061531,0.024235276,1.806729161,0.818503978,-1.718146319,-1.179195384,0.58649116,1.743058074,1.186598367,0.318501278,0.6066427,-0.211609156,-0.651746327,-0.096041149,2.128683577,-0.973190094,-1.337727216,1.766501875,0.450044808,-0.291754861,0.032832371,3.293540678,0.189884014,0.493353968,1.335803962,0.387097733,0.668202032,-0.893776686,0.472875748,-2.816248736,1.297724158,-0.395248817,0.533106634,0.603078485,-0.355684837,0.314070614,1.329066533,-1.359979121,-0.329976466,1.039251107,-0.894256347,0.343843382,0.829794616,-0.660753682,-1.794919553,-0.048313744,1.107073325,0.706742428,1.131170262,1.70975893,-0.493165515,-0.988694379,-0.344502456,0.424590708,-0.489642013,0.484222959,5.010487062
7Networks_LH_Cont_Temp_1,0.022067517,-0.731983825,-0.232942423,-0.071991423,-0.535153759,-0.120477685,0.270846627,-0.334495274,1.266197342,-0.150100433,0.008810079,-0.432278973,0.225694103,-0.23720383,1.206129162,1.067877909,-0.299736048,0.462128442,0.68462677,-0.431688005,1.235046687,-0.253117545,-0.084493388,-0.540096096,0.087504001,-0.449264316,-0.163848011,-0.416036439,0.273553444,0.48580573,-0.525807732,2.239059925,1.407904406,-0.047432935,0.669010823,-0.637914045,-0.436626515,-0.204929606,1.587903769,-0.604315601,0.812098503,-0.389246676,0.346303502,-0.144387834,-0.692718377,0.556422386,0.115847336,-0.342669187,-0.54635498,-1.201797994,-0.642385936,0.621911548,0.48955915,-0.040142244,-0.335229776,2.651576256,2.288064611,2.696213717,0.942308088,0.074273498,-0.101778362,-0.283782525,0.800752061,0.128423041,0.74010562,2.937256253,3.118151913,1.422667305,0.989824059,-0.024078626,-0.871898477,-0.566555561,-0.510516726,-1.0679516,-0.602351576,0.713413969,0.076641113,-0.13207635,-1.247230533,-0.382673009,-0.758455644,0.128468726,-0.496842566,2.470089614,0.073343702,1.446828386,1.584679125,-0.368498213,0.604178484,-0.829243367,-0.325938226,0.045362388,4.175749529,0.010881181,-0.058573272,-0.651917986,0.716037249,0.348334536,0.338946086,-0.337125563,2.91746616,0.560331419,1.362214152,0.137856125,-0.117288407,-0.507590892,0.080532497,-0.179559208,0.456711523,0.499697585,-0.517803862,0.114869149,0.665088528,1.333871222,-0.668494585,0.101686499,0.28617101,0.72541594,-0.715545794,-0.040347103,-0.510296369,0.741649241,-0.189665981
7Networks_LH_Cont_OFC_1,-0.569402815,-0.436252276,-0.199953029,0.417521147,-0.548012014,0.244019371,0.153985828,-0.610248853,0.152525932,-0.192668296,0.298571642,-0.447391655,-0.363743766,0.348014399,1.235869685,-0.421271618,-0.275223335,-0.645565094,0.653405325,-0.143817914,1.099471639,1.512682944,-0.111772533,-0.924346147,-0.646345548,0.041545686,0.329212192,-0.920136459,0.513768665,-0.10056692,-0.311562971,0.082082633,0.627655617,-0.040261942,-0.164509232,-0.370450325,-0.592472002,-0.378022033,0.521906181,0.432869373,-0.362208528,-0.403241625,-0.270883947,0.109920993,0.375254055,0.106261007,0.196670828,-0.179601905,0.377487714,-0.504581809,-0.230552774,-0.520395696,0.236423187,0.308434123,-0.08685426,-0.009941999,-0.109200974,0.244628127,-0.545475525,0.475157527,-0.590856111,0.56508819,0.58978368,-0.041607247,0.284412549,0.537199387,0.228953899,0.213972878,-0.181008917,-0.381994797,-0.320191913,0.577421722,-0.472866047,-0.968592438,-0.17035673,-0.150744044,0.260234242,-0.599554526,0.117152848,-0.448055109,-0.301304381,-0.014588555,-0.582846112,-0.502969266,0.49684603,0.15608192,-0.503687369,-0.558000135,0.085256264,-0.264800782,-0.096799454,0.059978874,0.750330015,0.050369325,-0.475935404,0.31606493,0.518433874,0.39092502,-0.465012447,-0.325145442,0.404132013,-0.658951455,-0.019767866,0.095703574,-0.387952118,-0.329306861,-0.03635005,-0.102607994,0.99397178,-0.251038707,0.567779739,-0.139897478,-0.421953717,0.859151452,-0.174024772,-0.671597295,0.256806894,0.63572331,-0.193613213,-0.673700033,-0.26270402,-0.328128692,-0.501204806
7Networks_LH_Cont_PFCl_1,0.576452909,-0.902222866,-0.347409696,-0.330070935,-0.786187269,0.433518939,-0.240785212,-1.040690812,0.577858777,-0.084632071,0.497309513,-0.164164909,0.590966142,-0.430245319,0.209361958,0.094093265,-0.267854512,-0.632917092,1.003615936,-0.566272206,1.341339498,1.001232958,-0.220717137,-0.507702641,0.059852217,0.260636429,-0.070999233,0.171618671,0.008675025,1.17953505,0.372740083,1.590664082,1.601273457,0.824078014,0.220483132,-0.153200691,-0.842361387,0.328836417,0.596008139,-0.096633904,-0.196985281,-0.286218249,-0.132084135,0.581800619,-0.362746093,-0.253759657,-0.032713501,-0.18757606,0.953755613,-0.774266152,-0.287540957,0.136980022,0.278564045,-0.211522218,0.094501998,1.458927196,1.060544123,1.984127017,0.966746048,0.601299917,-0.636309181,-0.160922446,-0.186719247,0.897695499,0.734271688,0.740639638,2.131737325,1.58094405,0.234258418,0.173775624,0.082287173,-0.481044549,-0.475621651,-1.042629133,-0.862801237,1.135798944,-0.587422099,-0.898808261,-0.163148676,-1.220507134,0.927277978,-0.370752226,-0.442036204,1.484628246,2.823017305,1.076498124,1.103157201,0.329642615,0.501690358,-0.228676231,-0.066630521,0.02083989,3.014185534,-0.366772191,-0.730921457,-0.327102811,1.979655933,-0.301640446,-0.335620945,-0.023027933,0.581125869,0.596544174,0.728445481,-0.420215326,0.581757727,-0.919243393,0.279564261,-0.366483615,1.174351425,1.196087851,-0.303375635,-0.170366652,0.44531393,0.1481952,0.313730568,0.258915328,-0.113609858,0.831291185,-0.610425438,-0.329907015,0.482868368,0.086481984,0.449932152
7Networks_LH_Cont_PFCl_2,1.007812287,-0.788469295,-0.510565758,-0.710967777,-1.328305153,0.11033837,-0.045196233,-1.279668897,0.264780202,0.679518906,-0.382941392,0.442648179,0.40627299,-0.11816882,0.930045329,0.877874039,-0.678800246,-0.210327234,0.746418634,0.010932164,1.064646926,-0.624102263,-0.996879336,-0.123613785,-0.005830636,-0.147170001,-0.150079775,1.172658176,-0.727578325,-0.325944697,0.698614171,2.39778462,2.030801715,0.115571213,0.462241424,-0.618176119,-0.967451652,-0.275330007,0.924978283,-0.844336144,0.278728135,-0.573944701,-0.635416556,-0.585816185,-0.68488124,-0.628505661,-0.069615027,0.092920048,-0.251597413,-0.429184304,-0.730729533,0.443465161,-0.08527209,-1.055780647,0.922299585,2.783070143,2.069292708,6.376969085,2.708317953,-0.02896932,1.159802853,-0.198397431,-0.974677122,-0.048585125,1.249573074,4.329056712,2.97935135,1.072208575,-0.083041283,-0.471385073,-0.139773598,-0.416682697,-0.656100283,-1.408151457,0.105981047,3.394908801,-0.341179969,-1.152086723,-0.697575582,-1.73259203,0.097818677,1.017486239,-0.568330145,5.053021088,1.476791111,1.311654975,0.945884122,0.871182693,-0.451812117,-0.186794659,0.160770405,0.465240132,4.114939376,-0.669840205,-0.156566897,-1.291283019,1.442391121,0.039296832,-0.033580191,-0.213533374,1.816533176,1.314177178,1.485247004,-0.957921479,-0.060485237,-1.336187115,-1.012905364,0.730551731,0.305564365,-0.328025157,-0.86591119,-0.081460979,0.376724534,0.027401963,-0.540096402,-0.094361664,-0.35883939,0.622830646,1.320659043,-0.7155517,-0.983192428,0.89251245,0.923474272
7Networks_LH_Cont_PFCl_3,0.168725186,-0.80042886,-0.355738175,-0.117660116,-1.259263357,-0.640723546,0.045698919,-0.278886766,0.031314362,0.037669506,-0.317762856,-0.611223198,0.611625875,-0.349604984,0.354458533,-0.444180915,-0.79448583,-0.849683067,0.377315451,-0.479138262,0.768674645,0.994305264,0.000592711,-0.339312279,-0.009030357,-0.953925792,0.173531608,0.604945703,-0.31111184,0.001580162,-0.102110519,1.672483939,1.605703617,0.098793979,-0.543438847,0.030907055,-1.019346212,-0.284932287,0.309308431,-0.682950108,-0.185369866,-0.051005276,-0.703503108,-0.278642175,-0.579535343,0.044334788,0.228795944,0.027004461,-0.773283312,-0.070064275,-0.239091473,-0.596868139,0.297827305,0.051979908,0.985108874,-0.031215172,-0.017227559,-0.079967261,-0.533512678,0.317154882,-0.252768386,-0.33188228,-1.087315999,1.29424726,0.553133629,0.281566312,3.854049404,1.283717769,-0.326544457,1.082187586,-0.603012023,-1.018926659,-0.681399416,-0.782758332,-0.543846503,-0.123450117,-0.195199159,-1.180822577,0.962310173,-1.214770452,0.916700085,-1.099486865,-0.187714896,-0.536247572,0.762404215,2.024670858,0.304070851,0.824257295,-0.01428914,0.376448588,0.487189943,0.66032398,3.367881035,-0.219388493,-0.472558212,-0.171609626,1.260516504,0.029444234,-0.696777644,-0.725893002,1.88026724,0.511474269,0.583504325,-0.28851896,0.293828778,-0.691755929,-0.131612333,-0.422638145,-0.29324722,0.092700244,-0.532500366,-0.482846389,0.749176899,0.375980663,0.282786496,0.532758236,-0.046459623,-0.181409966,0.482672672,-0.394641302,-0.37649636,-0.534848448,3.226689046
7Networks_LH_Cont_PFCl_4,-0.607039132,-1.042600201,-0.407175653,-0.476807888,0.368638994,-0.644954033,0.218329082,-0.280807356,0.82884838,0.070002661,-0.198750492,-0.614508419,0.930627764,-0.351371287,0.134962424,-0.624373865,-0.166865744,-0.031390595,0.359636684,-0.124260987,0.811218357,0.854206186,-0.652188067,0.0725757,-0.096423449,-0.533022716,-0.255403046,0.055467588,0.850285763,0.997420748,-0.678289374,1.377045292,1.371885054,0.553501679,-0.751579467,0.063624773,-0.400682425,-0.663962287,0.431053798,-0.226080372,0.001505984,0.008050888,-0.159171758,0.421458774,-0.354467089,0.538871843,0.007080721,0.100455654,-0.584467539,0.476323395,-0.443980159,-0.561471726,-0.207925203,0.239442324,0.919192248,-0.442657843,-0.495463865,-0.478784099,-0.807635452,0.224558538,-0.310155793,-0.118895336,-0.609657032,0.463131676,-0.478449608,0.479518754,3.044569851,1.49092998,-0.408197403,1.316186646,-0.20298877,-0.218444287,-0.3918885,-1.334764002,-0.601561132,0.494977837,-0.151692036,-0.992954079,0.949986468,-0.273282187,1.397391625,-0.385495086,-0.676932332,-0.553240442,0.438492877,1.149859239,0.696730831,-0.15135759,-0.5538416,0.450643123,0.234163518,0.460784988,2.697889753,-0.75109848,-0.49873518,0.060586843,0.909378191,0.750779588,-0.204222045,-0.614306481,1.382516632,-0.686674089,-0.307409292,-0.414976441,0.79778286,-0.941366774,-0.004017666,-0.284895712,0.163471082,0.353418978,0.041639114,0.197012365,0.219345363,0.376412425,0.382156578,-0.360697254,0.227491191,-0.54551825,-0.465271896,-0.316314909,-0.317705167,-0.676959905,1.333124232
7Networks_LH_Cont_PFCl_5,1.188304182,-0.665914732,0.077959127,-0.122592035,-1.083963903,0.002399871,-0.161175341,0.928489937,-0.162711101,0.138005663,0.424972721,0.300056435,1.470340061,-0.584652213,0.84126276,-0.24920002,-0.156626183,-0.234039311,0.291027211,-0.290294094,0.27478781,-0.072678454,-0.409274506,0.193015437,0.708076379,-0.214704662,0.398417527,0.467488722,-1.502419838,-0.448912559,-0.15797124,1.347672826,0.80260636,-0.067238665,-0.081810591,0.18328106,-0.396934355,-0.743437147,0.52962684,-1.043645374,-0.577703451,-0.762060643,-0.906488403,0.654049581,-0.263147821,0.372226119,-0.073298326,-0.407781517,-0.993328922,0.800581934,-0.614700841,-0.22702775,-0.065427179,-0.214112047,1.584931902,-0.037519889,0.771380878,0.760230706,-0.389357814,0.295136404,-0.444115518,-0.462915904,-0.765898443,1.238748383,0.852610428,0.316700224,3.526338409,1.084276158,0.012745846,0.813169861,-0.660154144,-0.542705307,0.053508766,-0.178184078,0.300398402,1.165957041,-0.132269166,-0.875486881,0.195567702,-1.562040636,1.44123948,-0.432020777,-0.255362071,0.572003444,0.613656298,0.758838665,0.113464142,1.492774346,-0.142940008,1.204480309,1.740387577,-0.082828765,2.544894303,-0.18000808,-0.214514346,-0.909275568,1.671096596,0.412798964,-0.073135936,0.079435632,0.911517842,0.447869203,0.673337546,-0.358076073,-0.148944861,-0.517338732,-0.724738856,-0.134050294,-0.220027586,-0.465457794,-0.921074997,0.321669116,0.685084802,0.749945099,-0.109565814,0.667825782,-0.642771361,-0.5197662,0.52852354,0.46520476,-0.78551336,0.265977932,3.983446408
7Networks_LH_Cont_PFCl_6,0.394854095,-0.261344135,-0.963340677,-1.59182629,-1.68563523,-1.256678809,-0.500560201,-0.469616882,1.258695465,-0.610451743,-0.092553431,0.612022103,2.703811772,-0.398510103,0.993078486,-0.199808398,-0.311218769,-0.383193509,1.520465881,-0.067045152,0.977435742,0.021050378,-0.096221817,-0.366091052,0.600951884,-0.905750805,0.259377612,0.150739487,-0.585819195,-0.289106184,-0.083810088,2.494310381,2.203439724,-0.165027743,-0.102148349,-0.981863534,-0.513940048,-0.702219003,1.847580358,-1.452564279,-0.157651013,-0.21285105,-0.506932966,-0.041068803,-0.872624787,0.384877067,-0.671346832,0.015414316,0.057930118,-0.448442189,-1.055373617,0.606813397,0.440732069,-0.201071721,1.950826399,3.452393299,0.840702368,6.101194695,1.869310553,-0.350594818,0.601477255,-0.188803816,-1.723859616,1.782563074,1.702117035,2.967030094,5.678816684,2.757603752,1.11820418,1.436443614,-0.391097659,-0.405166271,-0.595471527,-1.417589733,-0.308701882,1.919126099,0.181470122,-0.698978028,-2.201389473,-0.803708125,0.484547834,0.199347383,-0.216811045,3.924771537,1.425784257,2.139785366,2.370850376,0.878733236,-0.436041804,-0.200865928,0.351868849,0.797609982,5.388330166,-1.299390969,-0.330508354,-1.413514299,2.258610686,-1.011572475,1.155025104,0.042669113,1.454659984,2.572631876,0.481086198,-1.303773662,-0.591062909,-0.942134904,0.165692917,0.543230773,0.880709977,-0.547543975,-1.498354639,-0.309578684,1.56017009,0.51476549,-0.248746667,0.179142025,-1.062299346,-0.558392532,1.989045671,-0.456052376,-0.132185668,1.303226981,4.458182752
7Networks_LH_Cont_PFCl_7,0.431440399,1.077131724,-0.715874605,-1.509759922,-1.103446898,-1.168819142,-0.855558439,-0.046437848,0.423009119,-0.962060769,-0.267183973,0.127193232,2.481316721,-1.20648183,1.687438056,0.131251362,0.347844779,-1.092533605,0.624463545,-0.571251836,1.939220058,0.556234781,-0.714146098,0.081645084,1.156170985,-0.98058488,0.642888827,0.980474715,-1.639168496,-1.030542618,0.090829284,1.279838744,0.759370633,0.20052146,0.075746642,-0.892289155,-0.99229217,-0.620914839,1.155588661,-1.759161921,0.477399272,0.017451888,-0.590659181,-0.124817346,-0.911109142,0.586921813,-0.845340037,-0.046515108,-0.551430114,-1.213365632,-0.531051003,-0.056244036,-0.952094871,-0.127521262,2.766684089,1.810044567,0.953664752,4.923372734,1.079832597,0.630124029,-0.388695352,1.044074356,-1.364667278,1.795211128,2.260352509,1.272454155,3.993065168,1.567578283,0.584973489,0.94123678,-0.789892491,0.465725687,-0.174181931,-1.403729727,-0.12530474,1.998952842,0.981527151,-0.056808136,-2.13732941,-1.265338715,0.597773514,1.170846874,-0.078900726,4.017212003,0.837265773,1.49827027,1.349345139,1.871071003,1.011197172,-0.441049484,0.302235751,-0.049390588,3.451970601,-1.144808644,-0.496281317,-1.799217555,2.545171253,-0.881585003,0.987765634,0.622228348,1.2703361,0.982938553,0.017238282,-0.91062,0.058346068,-0.11273124,-0.208924422,0.586552136,0.282734941,-1.0492861,-1.06325877,0.133169114,2.720114283,1.380463505,-0.604029565,1.115528723,-0.662294043,-0.909827372,1.083483011,-0.709242384,-0.409265604,0.698811157,3.771021839
7Networks_LH_Cont_PFCl_8,0.137579454,-0.683222674,-0.24436877,-0.468577901,-0.236153536,0.403954912,0.117722811,0.739336805,0.513320534,0.057805651,0.279800122,-0.208346386,0.949666615,-0.242953254,0.30692079,0.304118125,-0.285080853,0.216262766,-0.14370058,-0.046744551,1.019069029,0.358170494,-0.243732285,-0.72394079,1.734782446,0.100667991,0.330797722,-0.008078464,0.023040469,-0.142632821,0.194332628,0.549090384,0.493122283,0.160615887,0.25453054,0.983388806,-0.543961367,-0.049429234,-0.20384927,0.094689005,0.395405855,-0.086574194,-0.575265229,1.820545738,0.53246997,0.632109118,-0.684413811,-0.305197048,-0.056327005,0.466402932,-0.333348963,0.240901673,0.938192926,0.749487005,1.163313274,-0.11685937,0.018674819,0.293732437,-0.508781093,-0.01042436,-0.641361907,0.027222976,-0.872866813,0.929747303,0.069028894,0.327213448,2.647917527,1.307168737,0.792875663,0.414667499,-0.562755837,-0.876996547,0.228588871,0.485116893,-0.099553252,-0.128442309,-0.265327095,-0.628828638,0.082461984,-1.20542585,1.617939632,-0.209155462,-0.050781951,0.628786719,0.859719955,0.814329144,0.144718092,0.293865009,-0.44210119,0.326006667,1.31675967,0.24244703,1.603917244,0.185806067,0.060628355,-0.194365892,0.809436143,-0.213736886,0.006883665,-0.030723144,0.391245026,0.70120641,0.611430283,-0.29795844,-0.066650345,-0.339244193,-0.15389223,-0.828310165,0.848564581,0.377822728,-0.317929375,-0.373688157,0.283511032,0.17518753,-0.061179591,-0.068936665,-0.203007069,-0.429833108,0.169258429,0.241632019,0.540432381,0.543671051,2.744412911
7Networks_LH_Cont_PFCv_1,0.41245308,-1.081180998,0.692766386,2.201463051,0.127345025,0.321788671,-0.348633976,-0.118569224,0.469594236,0.987905992,0.210121407,-0.069781957,1.087359025,0.191951323,0.932061661,-0.390626594,0.388102381,-0.637528815,1.254775664,-0.553533091,2.820598983,3.193850341,-0.112077462,-0.438204407,0.98241474,0.170371477,-0.343759447,0.910180056,1.716091948,1.078929014,1.560539903,0.945708967,0.04772209,0.867335185,-0.193961279,1.756128288,-0.793392508,-0.492796186,0.44452869,2.739454941,-0.820676693,0.416651923,-0.709799004,-0.255998964,0.204484556,-0.47578949,-0.028548649,0.518190511,-1.027693166,1.818287179,0.105979215,-0.774172681,-0.852359917,-0.477964249,0.353542966,-0.202833609,-0.728831926,0.568598971,-0.465246704,0.864877208,0.229637491,-1.318615244,0.093585712,1.937309178,1.010391494,0.047296262,0.941939391,1.674813105,0.008307802,2.199761859,-0.602719368,-1.230465258,-1.022037662,-2.393424529,-1.315947322,-0.024473718,-0.221489246,-1.1388432,2.207855208,0.083561934,-1.083652236,-0.505466119,-0.294177481,-0.313963805,0.068547329,0.970053374,0.801368259,-0.111388345,0.876983703,2.611831678,-0.012139584,0.296892273,2.883679403,0.346237676,0.045470186,0.356745003,0.929701107,2.279737412,-0.634166193,-1.098264039,0.051564559,0.226749279,-0.657317007,-0.36410361,0.376211376,-1.098228195,-0.197167938,0.03315701,1.771339086,-0.858572826,0.088350351,0.292780342,0.618998455,0.412556922,1.042186886,0.319542448,-0.698492019,0.818287354,0.793863627,-0.147042219,-0.704960081,0.464540928,1.026745571
7Networks_LH_Cont_pCun_1,1.006456267,-0.217872035,-0.214661794,0.223125258,-0.4586336,-0.183643758,-0.843172235,0.579981134,1.271616067,0.020750803,0.300579651,0.051441529,0.438601732,-0.907316963,0.089527534,-0.655591313,0.429246923,0.156104526,0.205167882,0.812500066,-0.342692963,0.310022015,0.266685812,-0.176861862,0.243343277,-1.064350813,-0.916587046,0.355497246,-0.307291839,0.36798425,0.338479503,1.547854227,0.821717561,-0.468205378,0.735970665,-0.353368355,-0.735013552,-0.181769927,0.225394416,-0.736210871,0.608404227,-0.184527775,0.667098211,0.765495307,-0.341628738,1.5629913,-0.737944131,-0.548910412,-0.345748039,-0.350701258,0.339278573,0.231005877,-0.517667764,-0.507388019,1.102820318,0.178544247,0.707212862,-0.768595534,0.027293183,-0.059334453,-0.704939942,-0.023220319,-0.913740012,0.782538673,0.743119344,0.683132459,2.031237433,1.702762934,0.854680761,0.548332836,-1.40395029,-0.416055812,0.090236065,1.022261516,1.420238184,0.109944983,3.506282038,0.407509894,-0.281938398,-0.604326016,1.496477413,-0.84896453,-0.502760257,-0.539093981,0.065297377,0.462444986,1.20135886,-0.073306311,0.020121006,-0.218380717,1.299023654,0.436234548,3.254136056,0.196551222,-0.79408282,-0.241242048,0.862407664,-0.502372734,0.181006041,-0.052220928,1.048779912,0.004032207,0.550177829,-0.524879812,0.216059253,0.059321708,-0.04394306,-0.426584728,-0.747392094,-0.326371846,-0.904434086,-0.664128242,-0.068765142,0.341827142,-0.097970712,0.559999083,-0.347724275,-0.529596857,-0.689718197,0.200408022,-0.446768676,-0.026297896,0.548776463
7Networks_LH_Cont_pCun_2,0.89368637,-0.290453534,-0.822639442,-0.313580128,-0.820554112,-0.203345017,-0.373893863,0.982744984,-0.22170998,-0.053504578,1.422673652,-0.005790307,0.502755593,0.742040418,1.07082805,0.013899052,0.061797998,0.044190904,-0.409907784,0.09158304,-0.004467143,0.220863199,0.531161012,0.069931468,0.978485387,-0.561990063,0.421119085,0.268105782,-0.949156746,0.376666023,0.749823657,0.314804421,1.19618376,0.491578433,-0.559028746,-1.07751461,-0.466360628,-0.710451243,0.600108262,-1.379883744,0.700480413,0.024718907,-0.049269058,1.490576252,-0.398476174,0.857553901,-0.034281937,0.079838917,0.577516854,0.046637767,-0.084954712,0.101336089,0.781897612,0.50306799,0.918311697,0.076550823,0.525145486,0.298606746,0.220623816,-0.530091769,-1.12849544,-0.228547586,-0.59417337,1.110720631,1.036539992,0.511398841,2.50219681,0.925032017,0.069212732,0.321885338,-0.926968983,-0.521649638,0.324669058,0.206408534,-0.378562379,-0.619683496,3.576708932,-0.484243713,-0.310960203,-1.391900292,3.046115983,-0.802876011,-0.493752144,-0.348727594,0.837342026,0.335151608,-0.422888708,-0.453179664,0.182420868,-0.000315939,0.364064131,1.27516037,1.636242241,-0.445225548,-0.191280732,-0.648389173,1.706527852,0.030427093,0.059671141,0.692525808,0.510006621,0.574717368,0.963078893,-0.252953638,1.002441985,2.047066788,-0.698403507,0.377915756,0.672579622,0.029307264,-1.057052003,-0.153783331,0.981726015,0.484192807,-0.242785404,-0.408942749,-0.677730856,-0.591852046,-0.031301943,0.939671604,-0.425646403,-0.701389258,1.987523588
7Networks_LH_Cont_Cing_1,0.157357727,-1.031106335,0.79351738,1.161765145,1.367243323,2.037221797,0.243325254,0.151173276,-0.425253091,-0.288795889,0.404935793,-0.119383629,1.244349153,-0.560432902,-0.278074324,-0.345696952,0.821242549,-0.044518369,-0.056057719,-0.550315799,0.463677235,0.774590062,0.235850346,-0.341773864,2.067643686,-0.071427388,-0.280441932,-0.109921829,1.902886306,1.200671707,2.129924156,-0.228761492,0.216186288,0.170349518,0.217699392,0.189332173,-0.895581548,0.208611536,0.400883305,2.500828348,0.015361319,-0.029841335,-0.496324016,0.284117221,0.888376515,0.372000258,0.772190265,0.420807542,-0.444389556,0.626504334,0.078896253,-0.574634007,-1.208160023,0.232261346,0.560542174,-0.040688879,-0.296212911,-1.144769635,-0.948186862,-0.002331645,-0.482681272,0.394506591,-0.028637055,0.244502495,0.340101178,-0.35686925,-0.677007377,0.748609534,0.216447072,0.824034847,-0.466629572,-0.099190773,0.097423864,-0.523661728,-0.574618468,-0.230056995,-0.326530446,-0.778812812,4.937896887,-0.068776063,-0.107273219,-0.346652358,-0.186790823,-0.787691152,-0.536914668,0.767266222,-0.223079062,-0.594707025,-0.554638625,0.615579557,-0.04974158,0.234178515,-0.002658767,0.62996537,-0.118155763,-0.342167484,-0.042201203,0.860080687,-0.595525296,-0.157792675,-0.183814562,-0.723906901,0.231248665,0.48328035,0.447635794,-0.049625516,-0.190604626,1.303749646,0.204751946,0.759975379,0.500675519,0.643538458,-0.07827335,0.960145372,-0.024486246,-0.09235459,0.337423592,1.095720637,-0.525637594,-1.024353225,0.699938607,-0.646416826,-1.235340327
7Networks_LH_Cont_Cing_2,0.068130421,-1.188256428,0.80313975,0.64266527,1.037667945,0.086235789,0.001254333,0.081112094,2.488924291,0.637578911,0.7583003,0.072614236,1.781594255,-0.15684737,-0.458753068,0.176678117,-0.229599223,0.72978469,0.775142413,-0.649251329,0.560031871,0.348046603,-0.077351812,0.55238819,1.333637152,0.596324086,-0.259586373,0.21309149,-0.215119183,0.604163083,-0.551608787,0.24145921,0.96189625,1.397676184,0.612811485,-0.090501103,-0.471677803,-0.248177143,2.29227104,0.231111432,-0.333544908,-0.479535643,-1.040538633,0.04251286,-0.027727485,-0.866168579,1.716711452,0.505841184,-0.110413563,1.374502625,0.622582344,-0.465752089,-0.477986604,-0.810090434,0.107859357,-0.124954509,0.047554029,-0.329515435,-0.137004242,0.11105382,-0.036523714,-1.020686951,0.243355013,1.167654183,-0.030187347,-0.593626998,2.241499094,2.093601429,-0.318087023,0.249739278,-0.79600487,-0.874392502,0.004188224,-1.027778091,-0.708743161,-0.313401217,-0.143932899,-1.061458509,1.821633367,-0.292676223,-1.234202135,-0.906493399,-0.700793947,-0.464792522,0.04857737,0.506836687,1.604190023,-0.136167516,-0.070953918,1.212994397,-0.322659972,0.350319755,3.061638458,-0.454801169,-0.622139438,-0.620027212,0.18251962,0.708259325,0.159947581,-0.035079815,1.018191621,1.066608914,0.571810024,-0.032033377,0.154879666,-0.86802489,-0.085888419,1.473070022,-0.079104503,0.357964824,-0.312103511,0.214282006,0.30731605,1.064519521,0.363640599,0.042927804,-0.54829273,-0.369545029,0.478657238,-0.551772725,-0.457555948,0.239225556,-0.93851811
7Networks_LH_Cont_PFCmp_1,0.253417128,-0.33438304,-0.7330094,-0.631081184,-0.874648648,0.146756926,-0.076022952,-0.13662261,0.736173604,-0.347949231,0.473356791,0.729568617,1.229956342,-0.067011026,1.077126975,0.046565714,-0.200132497,-0.539718751,1.256165273,-0.567857626,2.507790777,1.442898756,-0.597446657,0.137898494,0.310999443,-0.252354835,-0.074495086,0.218673866,0.278623666,0.328328944,1.842697167,1.826040211,1.777463749,0.235360364,0.178898843,-0.531380826,-1.15066475,-1.046840706,0.615622769,-0.802450703,-0.885920201,0.315208482,-0.857820703,0.414152563,-0.569553888,-0.614108503,-0.269936023,-0.225586426,0.399415919,-0.531193747,-0.678354186,-0.243840135,-0.164853006,0.316294717,0.95445738,2.438623779,0.435797698,2.779523834,0.749204191,-0.314544565,0.212431719,-0.940550118,-1.493382468,1.157128732,0.383175052,1.630011871,3.590197524,2.492251256,-0.83226161,2.859333776,-0.765826694,-0.444944296,-0.351383141,-1.679044237,-1.378311387,0.191061646,0.411301422,-0.884117745,1.237436758,-0.947557834,1.046527105,0.072293095,0.113172505,1.759796456,2.590510926,1.748714695,1.662000464,0.597317047,0.259899523,-0.014530479,0.417866439,1.556888741,3.440005159,-0.991932696,-0.351036571,-1.195202274,0.916573629,-0.01777529,0.060510408,0.174864818,0.640808553,1.496572022,0.068683806,-0.961226052,0.05727896,-1.067406155,-0.452941822,-0.486291704,0.681343409,-0.510758929,-1.059922996,-0.258851245,1.699226968,-0.308578818,0.355864306,0.084135801,-0.188872491,0.034350959,0.295900816,-1.083692839,-0.321688159,1.150610986,1.783842253
7Networks_LH_Default_Temp_1,0.408016096,-0.50070219,-0.36969778,-0.779267747,-0.249345176,0.266105689,-0.2190192,-0.801698005,1.475097711,-0.180001177,0.965062094,-0.140273188,-0.241432196,0.705191582,-0.463466291,0.394418017,-0.165115966,0.896814659,1.247401589,0.169167544,0.0343863,-0.534563393,-0.152616253,0.055457442,0.353141399,0.230807874,0.131985554,-0.601395047,0.737677153,0.657050518,2.008836475,0.76086963,0.811374743,-0.601855849,0.69999768,0.285407022,0.208267151,-0.335745362,0.69549482,-0.284251498,-0.206029198,-0.038835965,-0.022763104,-0.187611734,-0.57935486,0.006698438,-0.616215076,0.293573691,1.298040986,-0.726204213,0.400117173,0.771604675,0.6095646,0.258239182,-0.791098996,0.171957731,1.831858467,2.061968336,1.322528582,-0.317415769,0.557100832,-0.160163004,-0.137348325,0.083467977,-0.535197436,1.813530399,1.659827462,1.079588215,0.056942364,0.096441379,-0.46444242,0.1916598,-0.766967775,-1.223849432,-0.482456968,-0.385005467,-0.092179894,-0.279534383,0.385404928,-0.72836388,-0.221456117,-0.601545718,-0.74539242,0.63358818,0.524447205,0.375696699,0.480439462,-0.252840718,-0.349955039,-0.604951716,-0.458381783,0.648926843,2.006041688,-0.147864225,0.281096908,-0.635840665,-0.372123413,0.464632013,0.134384671,-0.013979919,1.983391484,1.136981959,0.208260092,-0.067203302,1.898789041,-1.003127375,-0.328472886,0.573211573,0.515110386,-0.417833473,0.520720542,0.145472695,-0.279062858,0.699248808,-0.307256347,-0.405162116,-0.233461452,0.976964354,-0.281299818,-0.558680919,-0.431504976,-0.208878145,0.047677597
7Networks_LH_Default_Temp_2,-0.457388933,-0.684261689,0.032864809,-0.571688363,-0.82639237,0.47413432,-0.097529802,0.002788877,2.0112533,-0.139814999,1.3991775,0.132800741,0.131016986,0.944967089,0.013551475,0.723619318,-0.628252589,-0.253988563,0.818376131,-0.764154863,0.51997458,0.031749182,-0.820270402,-0.566014528,0.220751278,-0.476839954,-0.023851731,-0.555954503,-0.364316207,-0.497922385,0.005990883,0.955283848,1.214759852,-0.449288554,0.473214428,0.309645975,0.341459175,0.514647935,1.232255622,-0.317781774,-0.56812409,0.498327572,0.420230283,0.102388435,-0.521238714,-0.730623524,-0.543019321,-0.204747123,1.047968192,-1.366941595,-0.496908984,0.628248375,0.600810157,0.442882519,-0.659392827,0.860956865,1.375922148,1.244826677,0.609872766,-0.811482965,-0.061121228,0.138676139,-0.344333735,0.507304729,-0.385550153,0.458014213,1.670630898,1.521546781,-0.218133862,-0.19541917,-0.488830026,-0.215314146,0.17740624,-1.302005485,-0.907509659,-0.457896513,-0.190544366,-0.171380109,-0.771758754,-0.390216258,-0.75945905,-0.205414451,0.075705724,0.452728225,0.104687864,0.612039441,0.651354669,-0.693956143,-0.719434364,-0.77619928,-0.606343594,0.029563206,2.826645034,0.372892769,-0.534182418,0.192188409,0.153167136,0.403873521,0.156300036,-0.401878572,1.965564128,-0.003924138,0.049773452,0.399679588,0.577397943,-0.618714754,0.077799439,-0.327996708,-0.04165004,0.263934132,0.055377714,0.383542626,-0.404490823,1.725340062,-0.199841468,-0.961027388,-0.266295402,0.566130451,-0.742202246,-0.480188234,-0.31789751,-0.020205793,-0.618746872
7Networks_LH_Default_Temp_3,-0.468826987,-0.492123669,-0.175067533,-0.407180449,0.136424419,0.263743839,0.008715638,-0.080733366,0.799006663,-0.197666625,0.10004026,-0.109558693,0.264023705,-0.092267167,0.220399815,0.08671684,-0.16439013,0.131079864,0.325834547,-0.567281289,0.983159388,0.634891059,-0.564713437,-0.468763661,0.268416027,-0.289168966,0.521272184,-0.273852405,0.138748589,0.279486857,-0.275666622,0.567013845,1.344539157,-0.111610646,0.054444763,-0.128652223,-0.536057066,-0.075362566,1.308552488,-0.408514664,-0.017994265,0.151078605,0.587523936,0.33611967,0.005858995,-0.000463021,-0.225049589,-0.020601837,0.049181416,-1.21553489,-0.030163931,0.428210084,0.488696324,0.223814955,-0.503620042,0.695268129,0.818247509,1.175800561,-0.101930298,-0.596250059,0.137677347,-0.167694715,0.075898994,-0.08915117,-0.539540312,0.700362915,1.481399404,1.091624809,0.342949338,0.338769653,-0.100866094,0.568747277,-0.196573496,-1.102920003,-0.140315962,-0.020550471,0.100926241,0.003485532,-0.624059399,-0.476506648,-0.503827519,0.024726694,-0.256828777,1.25134932,0.244008143,0.307985556,0.500712354,-0.030286766,-0.171024682,-0.708896378,-0.279247875,0.308666318,1.602767318,-0.386461673,-0.375386634,0.314184667,-0.133326859,-0.050045968,0.764802474,-0.35349313,1.545561111,0.173928865,0.676142422,0.281971772,0.593094939,-0.235154576,0.567434341,0.611072733,0.04648836,-0.145816016,0.640207418,-0.1696043,0.074688494,1.442689262,0.572536072,0.316432297,0.376684285,-0.384011914,-0.069365267,-0.443208319,-0.376307216,0.241346249,-0.069812153
7Networks_LH_Default_Temp_4,-0.385947321,-0.322114592,-0.927332572,-0.657243209,-0.739822698,0.206852811,0.11505698,-1.050022643,3.616750645,-0.326303344,1.078909851,-0.221624345,-0.565860293,0.518729898,-0.109722818,0.127714504,-0.690903477,0.86966984,0.29857346,-0.755921688,-0.136022393,-0.438393593,-0.421750177,-0.408354249,-0.17500217,-0.074108652,-0.232475588,-0.087220216,1.206068847,0.311952027,1.134280893,0.112141267,0.601655246,-0.23789729,0.035512639,-0.358058273,-0.398924226,-0.655118934,0.527521866,-0.520361945,-0.373084411,0.027895078,-0.149807202,-0.423367995,-0.452552841,-0.248998793,-0.60752554,-0.058756022,1.010198846,-1.477081167,-0.314573528,1.34456385,-0.180689428,1.012659143,-0.739015499,0.449599599,1.061512286,4.476970712,3.22466365,-0.843150926,3.684381331,-0.258757846,-0.436322373,-0.463221686,-0.574347158,3.158218802,1.191070125,1.123780369,0.316663404,-0.823414108,-0.379610538,-0.175068978,-0.586370109,-1.477776071,0.138657217,0.021225035,-0.55607344,-0.714119937,-0.895101321,0.633386479,-0.966903736,-0.25827841,-0.48129912,1.721481531,-0.02469239,1.275813969,0.902384748,-0.39936025,-0.299147967,-0.916371206,-0.80445916,-0.201060235,1.755427535,-0.28232052,-0.153561652,-1.076362268,0.174562781,0.514251909,0.417226977,-0.487853548,1.668072638,2.001552069,-0.461068499,-0.498157015,2.047622858,-1.246203428,2.108454178,1.242040495,0.833655011,0.06158825,-0.27780208,-0.103574233,-0.290670911,0.157634829,-0.273973017,-0.01063888,-0.369738568,1.138809283,-0.651663091,-0.140518292,0.061305813,0.530419955,-0.680940407
7Networks_LH_Default_Temp_5,-0.705448402,-0.74957577,-0.718338766,-0.085888436,-0.603352882,0.659479192,0.722062019,-1.283778189,0.993897961,-0.064895995,0.130050339,-0.0823979,-0.606292318,0.969929957,0.548410949,0.2985028,-0.604727917,0.109009879,0.742413591,0.3816219,-0.088648044,-1.12145509,-0.236550381,-0.243902699,-0.442951202,-0.138677349,-0.640894195,0.566101528,0.780752739,-0.04397612,0.827127773,-0.015444446,0.404161836,0.192023007,-0.003282818,0.233144807,-0.786237362,-0.731294293,0.458310974,0.139142283,-0.528812949,-0.135135556,0.030690405,-0.201965197,0.040859232,0.502645493,-0.387579015,-0.051064571,0.680950492,-1.126443001,-0.58550639,1.846745306,-0.974344248,-0.546396436,-0.432449984,0.379342537,0.287183416,5.898899853,3.216641246,-0.764289183,4.919342186,0.192484535,0.182140417,-0.242378484,0.105527201,3.38198371,0.290549685,-0.06852713,0.538859918,-0.3090545,-0.624335123,0.496473528,0.587740893,-0.339283896,-0.053728628,0.979339225,-0.148667087,-0.791143642,0.50894115,0.624947221,0.022641664,0.005045535,-0.493725244,2.173924189,-0.149825029,0.745823043,0.012729891,-0.257422444,-0.529774532,-0.798591968,-0.649528384,-0.50675501,0.792459623,-0.090812828,0.785743299,-1.143917761,-0.430672921,0.623609359,-0.058696233,-0.702946697,1.136395146,0.863026801,0.292294942,-0.574197097,0.170983245,-0.767338333,2.8813947,1.824066144,0.069690551,0.100354619,-0.432955012,0.033401222,-0.156392897,0.606244932,-0.4080405,-0.732765589,0.017712249,0.96737791,0.399077024,-0.688035089,0.113395798,0.845411728,-0.324288181
7Networks_LH_Default_Temp_6,-0.60607155,-0.351302207,-0.662667697,-0.813068448,-0.570588993,-0.074973954,-0.620806837,-0.904326339,0.757679592,0.142364265,1.166224763,-0.04177535,-0.251961026,0.785263472,1.070129539,0.263837393,-0.519947691,0.546983914,1.04359107,-0.914926854,0.437478288,-0.729539482,-0.442470964,-0.554449308,0.22115439,-0.848013302,0.272874743,0.037400173,0.520462314,0.810432813,-0.097352938,0.507432494,0.460938333,-0.164024876,-0.011588986,0.156293495,-0.15703964,-0.002131479,0.696401772,-0.301490635,-0.019300731,-0.330187409,-0.16162795,-0.379684407,-0.355936123,-0.290096177,-1.198997243,0.055659034,1.67745728,-0.738179928,-0.724168898,1.527654431,-0.207005863,0.03755737,-0.448425876,2.08477855,1.713422888,6.949132778,3.488900417,-0.588625043,4.34394252,-0.574859483,-0.566577828,-0.144926309,-0.547087151,3.815481634,0.475351886,1.079474761,0.364208226,0.080064666,-0.518975011,-0.180484703,-1.207790152,-1.406606124,0.422211757,1.396680229,-0.578700864,0.022417915,-1.944677163,1.030399874,-0.540060118,0.84345681,0.017538606,4.913182413,0.41480334,1.218518158,1.467038868,0.220679224,-0.407947029,-0.243926779,-0.518521687,0.126005091,2.098571211,-0.180428339,-0.295462926,-0.923966809,0.389377106,-0.253733014,1.283039357,-0.018757598,1.23999298,2.5538861,1.010574741,-0.263637272,0.599620293,-1.245195547,2.850080935,1.344310116,0.836528635,0.292649895,-0.330411437,-0.230641465,-0.576397618,1.226769384,-0.069227404,-0.544718635,-0.432250092,0.309432021,-0.42901027,0.06528688,0.38616124,1.829469409,-1.382694599
7Networks_LH_Default_Temp_7,-0.554121576,-0.786777463,-0.968299863,-0.802611956,-0.177053468,-0.539588912,-0.582078338,-0.723179436,1.558432421,0.785049881,0.746485447,-0.345652795,-0.541243693,2.119473404,0.237067174,0.176476567,-0.556732651,0.082738678,1.101799364,-1.056352413,0.15399405,-1.596200977,1.035419797,0.449290569,-0.041052506,-0.549730409,-0.515926848,0.201255282,0.957829762,0.3912683,0.932697803,0.060501285,0.445212548,0.008852471,-0.038017596,0.246497042,0.151004861,0.495677308,0.563161394,-0.069237695,-0.086639555,-0.41738114,0.086281766,-1.26819921,-1.009721846,0.386076021,-0.891159726,0.248746483,1.312270612,-0.559277236,-0.523245414,1.498402221,-0.111165421,0.001509075,-0.387535521,0.614903927,0.751640285,5.315296637,1.783832391,-1.010998152,6.363462071,-0.299573491,0.149967233,-0.188346193,-0.84932365,3.310178866,-0.347320842,-0.206332951,1.157647402,-0.277906296,-0.377358075,0.148418143,-0.448212656,-0.865940188,1.756906376,0.471260195,0.002141425,-0.512529746,-1.158978206,1.968435274,-0.914063052,0.560384237,0.274449417,2.871401604,-0.261370296,0.940380602,0.424159569,0.156437021,-0.785516919,-0.365578375,-0.727543293,-0.667667632,0.75137432,-0.803668926,0.221597097,-1.147640533,-0.534916893,-0.354209849,-0.075531843,0.398717823,1.036418182,1.673461859,0.074482411,0.072376617,1.141366223,-1.310058877,2.878502649,2.777690895,0.524121064,-0.559695636,-0.677643,0.049204617,-0.050401025,1.414830267,-0.269643554,-0.213799993,-0.753888047,0.679315587,0.017415496,-0.473613702,-0.058743571,0.972143521,-0.96398215
7Networks_LH_Default_Temp_8,-1.29447725,0.508900626,-0.836336473,-0.557720524,-1.646494454,-0.156304531,-0.519325004,-1.315702189,1.182462713,0.16835013,-0.086599051,0.495977819,-0.609508538,1.772741858,0.767096931,-1.014758041,-0.477900258,1.068453004,0.143320106,-1.223827977,-0.434612599,-1.851706152,0.548063038,0.4692362,0.105890043,-0.299158154,-0.83127253,1.451403819,-0.120893656,-0.620917938,-0.216408647,-0.507416884,-0.394324263,-0.374326285,0.401556278,-0.345436587,-0.602206928,-0.426202623,0.754329794,-0.720134064,-0.32968399,0.14600072,-0.021761766,-1.286260565,-1.048379134,-0.435721347,-1.288355171,-0.482254543,0.271465821,-1.701286275,-0.987015979,2.817398337,-0.188671207,0.010318046,-0.627542382,0.930377621,0.790405671,7.627321407,4.485976959,-0.679135746,12.09329792,0.712270751,-0.10005602,-0.62192362,0.023657183,4.258684495,-0.501780445,-0.195550555,0.568751873,-0.697591875,-0.647805205,1.062973774,-0.492728683,-0.58863062,1.365327284,0.856157622,0.072640416,-0.588194291,-2.043006977,3.57298954,-0.249426463,0.510609898,-0.45637833,2.655041835,-1.03564641,0.744915967,0.928342337,0.1171914,-0.724208932,-0.878560763,-0.452599511,0.134706717,0.223204668,0.012009088,0.945888264,-1.974846312,-0.532673075,-0.352051257,-0.496846422,-0.384990508,0.361354217,2.142969504,0.380447863,0.123323297,0.874948001,-1.276668751,7.533782806,5.369751431,0.072999781,-0.428653712,-0.981443423,-0.166767806,-1.16730575,-0.301725604,-0.503911899,-0.322161511,-0.40384726,-0.041035509,0.313362072,-1.101895169,0.298349463,0.763268946,-0.312910472
7Networks_LH_Default_Temp_9,-0.762462873,0.66737319,-0.884778712,-1.397452111,-1.818994109,-0.44816936,-0.877785467,-0.314900531,-0.315453105,-0.330538469,0.083366858,0.918041516,-1.192899661,1.396186532,1.007172466,-0.503227716,-0.276854244,-0.251656629,0.831135047,-0.908673008,0.22393137,-1.842917191,0.81000241,0.44309151,-0.266491601,-0.790071991,-0.333995947,0.818638363,-1.025748346,-0.904054344,-0.280022026,-0.000112966,-0.180338396,-0.175627319,0.499088837,-0.166667623,-0.393823048,0.165978845,0.211400081,-1.137839201,-0.417623267,0.018424046,0.622029592,-0.932542638,-1.255597058,-0.037567441,-1.488185471,0.009713997,0.522565892,-1.050640329,-0.996265034,2.98292621,-0.312402988,-0.860537168,-0.18817575,1.660253438,0.914936553,8.421058261,3.626581537,-0.294385818,9.187167279,0.788124883,-0.853827758,-0.732002984,-0.564505907,4.345366577,-0.85724033,-0.702580065,0.394616013,-1.013355029,-0.892123032,1.081126472,-0.785543158,-0.332475259,2.25600961,1.927519724,-0.901585162,0.144918104,-1.909914506,3.050939814,-0.474653886,0.634105457,-0.203514473,5.469494738,-0.467846034,0.499675066,1.238446482,0.260094012,-0.689383639,-0.983064937,-0.341344223,0.096424769,0.607286109,-0.589919215,0.711099257,-2.662889171,0.22835965,-1.082859729,-0.537872383,0.970017432,0.238421329,2.237894544,1.397908595,-0.457097796,-0.353849493,-0.285377381,6.109834727,4.243159668,-0.367282479,-0.060477412,-0.971574271,-0.235428581,-0.874291835,0.204272293,-0.861004396,-0.745879964,-0.723957288,-0.169124975,0.309074902,0.138171844,0.281974362,3.006376574,-0.872905718
7Networks_LH_Default_Temp_10,0.848333809,0.598216952,-1.155644335,-1.566834108,-1.01374161,-0.980786528,-0.008690813,-1.093031044,-0.453554934,-0.146317032,0.637594483,0.482417759,-0.691753571,1.961024256,0.983062779,-0.251087237,-0.790057941,-0.130071843,1.155656694,-1.335645575,0.469038798,-1.527702852,-0.414324764,-0.900492151,-0.318406477,-0.56567857,-0.693357702,-0.173454556,-0.120649491,0.30731565,0.48699649,-0.554587373,-0.241940812,0.226059579,0.514129007,-0.05127833,0.726574055,0.337817907,0.076101712,-1.111952974,0.411295117,-0.490896896,-0.051622108,-0.634972716,-0.94838774,-0.684983562,-1.40309166,-0.422329312,0.174556281,-0.935745353,-1.110381789,2.678496457,-0.153723901,0.027863586,0.040589055,1.497145492,1.929356837,10.03020887,3.738794586,-0.070519758,6.786628771,0.237007684,-0.772089272,-0.624439591,0.627940414,5.777381294,-1.033684341,-0.356039998,0.100656419,-0.259295194,-1.114247428,0.685740133,-1.301242823,-1.263125323,1.268728342,2.142432988,-0.821026393,0.431680551,-1.897095511,2.181549743,-0.451042511,1.444640623,-0.445425206,8.753192771,-0.445300676,0.603317265,1.856395644,0.117545575,-0.507456283,-0.480243431,-0.86020149,-0.444236062,1.073771407,-1.187651804,0.03806969,-1.837721179,-0.258191177,-1.218657495,0.86171274,-0.004490764,1.323825588,5.201704086,2.188313338,-1.116698667,0.778391208,-1.112357585,4.180464002,2.808514308,0.375110717,0.272169896,-0.742640501,-0.930852933,-0.518100276,0.311546163,-1.273672559,-0.767935251,-0.596074742,-0.041646687,0.271436212,-0.062608232,-0.325517274,2.567577486,-0.773833952
7Networks_LH_Default_Par_1,0.981203194,-0.550229838,-1.098634329,-1.184736043,-1.440692998,-0.523854304,-0.554232845,0.028254058,0.415893517,0.045975053,1.645629473,-0.357306075,-0.281778543,2.324213226,0.250601426,-0.570041496,-0.701233419,0.018052753,0.069629993,-0.953717569,-0.262576531,-1.188344907,-0.12979589,-0.294327588,0.629506389,-0.586518052,0.294760828,-0.311521494,-0.029724636,1.298951206,1.375726324,0.143829195,0.491968015,-0.205353047,0.445223446,0.047001658,-0.440184337,-0.164564217,-0.27195952,-0.233659698,-0.179313365,0.439045455,0.380202779,-0.215821225,-0.891358554,-0.286519385,-0.903905577,-0.459520302,0.910925173,-0.397543013,-0.82196906,1.111982301,0.054643041,0.865969829,-0.327145991,1.117946048,1.216936737,4.614717784,1.15152355,-0.975810517,4.590953755,-0.176203982,-0.571410036,1.041618115,-0.186467387,2.422397238,-0.315804278,-0.050969288,-0.431302098,0.038428056,-1.280850852,-0.282866409,-0.178287687,-0.534387067,0.44842986,0.597636469,-0.671466135,0.135145739,-1.265573057,1.083900551,-0.116225387,-0.217770952,0.27456309,3.221093914,0.258833171,0.804175618,0.495089547,0.598755854,-1.050583755,0.853763245,-0.439347649,-0.013190957,1.370385723,-0.754415654,0.307185709,-1.587902689,-0.74283703,-0.67027577,0.06411583,-0.673026188,0.603639822,1.891614348,0.969150092,-1.0028185,1.141036338,0.311695471,2.182693688,1.805784309,-0.105510985,0.044168925,-0.785178078,-0.6726085,-0.351852633,-0.240093229,-0.498792845,-0.648285252,-0.243451899,-0.319442575,0.447631974,-0.21311747,0.3621308,0.979443367,0.041907034
7Networks_LH_Default_Par_2,0.340794446,-0.566946674,-0.274839662,-0.873016551,-0.792959127,0.277384072,-0.175655975,-0.547958841,2.77904475,0.58959676,2.797739296,-0.182745406,-0.400882903,0.233857716,-0.112382248,0.284012923,0.2324025,0.498852326,0.737755575,-0.979546453,1.465871821,0.371723283,-0.705237472,-0.495294232,-0.08777685,-0.807323579,0.075089277,0.40934874,0.616975309,1.04512835,2.321227887,1.066282348,1.49396822,-0.415090005,0.528929767,-0.532728461,-0.253754725,-0.272796019,1.417322458,-1.004272845,0.29082686,-0.567858349,0.657755381,0.501964875,-0.391368367,-0.167796497,-1.013215501,0.320776434,1.645125724,-1.001954716,0.358020516,0.495288745,-0.128322955,1.57926847,-0.840333571,1.72622282,0.67278027,3.570312808,1.561533515,-1.18522587,0.449713061,0.62521291,-1.004202653,0.646729387,0.386986769,0.824578622,1.425581013,2.381357704,0.402918886,-0.861685959,0.359046203,-0.613315054,-0.865217678,-1.318221422,0.019873746,0.290653836,-0.005441594,-0.300083543,-0.238013892,0.205902698,-0.705984713,-0.008815111,0.610114384,1.593169425,1.14789698,1.35344937,0.841146418,0.320585086,-0.333248603,-1.089202446,-0.248848789,0.203559329,3.129021785,-0.533887994,-0.326277855,-0.789332704,-0.574017685,-1.045768627,0.491277498,-0.811733552,2.4704334,0.802310218,0.633248298,-0.902884374,2.888283738,-0.491886996,0.287214886,0.033127021,1.054915942,0.149088513,-0.94201055,-0.103227631,0.716074745,0.517515427,0.078979575,-0.579023574,-0.230178578,1.092143954,0.335871111,-0.705989275,0.322994313,-0.086029553,-0.876684911
7Networks_LH_Default_Par_3,0.379705841,-0.096159621,0.010677604,-0.329400549,-0.600805171,-0.062279687,-0.567954075,0.435245455,2.836545901,-0.132371094,0.238270644,-0.074006111,-0.52795114,-0.304361382,0.068521991,-0.075000018,0.481055129,0.631880801,0.740363718,-0.769735906,-0.078549761,-0.656988517,-0.061850056,0.005726595,0.155658308,-0.167888888,0.086838404,0.520060985,-0.440343109,-0.565662636,0.055994106,1.14839211,3.04818053,0.925042573,0.014838647,0.008831766,-0.526652804,-0.756477878,1.86008178,-0.425693981,-0.217112571,-0.07278237,-0.2881595,0.821046148,-0.807253478,0.822248731,-0.494475584,-0.316045738,0.831145477,-0.939911396,0.125177139,0.291224724,-0.139199281,0.459063861,0.223101095,0.795402127,0.827946086,0.225183508,-0.550904391,-0.309966536,-0.664609454,0.220091264,-0.658349238,1.204634788,0.514405826,0.760166706,3.143695148,2.697184868,1.392153776,-0.050350406,-0.81011384,-0.448195157,-0.566298044,-0.968759058,0.422969062,-0.1239124,2.182684997,0.055740209,-0.67667236,-0.258646548,0.132505832,0.242549625,-0.75038099,0.373350118,0.685391391,0.535898707,1.11322646,-0.064728139,-0.168552608,-0.783162621,-0.274953286,0.11639017,3.359889523,-0.429392746,-0.338158581,-1.239756244,0.247660597,0.559695013,0.066967324,-0.436537957,1.711300172,0.219687905,0.117528639,-0.432664725,0.483335671,-0.14211872,-0.443407165,-0.744643252,-0.025858181,-0.481106343,-0.510595314,-0.368086278,1.727465243,1.222964684,-0.054136913,0.428243426,-0.301800763,0.895446513,-0.163437099,-0.215120725,0.591547284,0.235741367,0.026077395
7Networks_LH_Default_Par_4,-0.21502427,-0.305601352,-0.91172601,-1.075689613,-1.461707581,0.164650187,0.171110285,0.975087288,3.127661887,0.225653349,1.947228427,-0.266229439,0.284592914,0.859185298,0.605123131,0.344633239,0.776002602,1.248936461,0.393282687,-0.141272915,0.413040539,0.195658871,0.080298594,-0.402268909,-0.182991522,-0.797723588,-0.330962244,0.491695691,0.379102021,0.999364765,0.961241079,0.789041615,2.471500023,-0.51830017,0.142029249,-0.310447001,-0.469862212,-0.786004656,1.283216354,-0.36002703,0.11405186,0.459349766,-0.226240507,1.396691289,-0.050190949,-0.153256371,-0.450905792,-0.564401431,1.097192631,-0.764003699,0.000698045,0.763552949,0.191989898,1.183503122,-0.882441692,1.180982017,1.41562982,1.073996244,-0.365545491,-0.479938427,-0.27749323,-0.52751981,-0.691565915,0.498978555,0.856240957,0.539448649,2.869292184,3.231919373,0.038396459,0.631332222,-1.238939037,-0.859959116,-0.68990898,-1.014550899,0.154875022,0.150540599,-0.659464755,-0.625172338,-0.715791831,-1.325830691,-0.929809653,-0.457232058,-0.605165728,-0.205035162,1.155547561,1.560908705,0.561753454,0.089814514,-0.420697936,-0.564203366,-0.775207735,0.889964437,4.66591515,-0.924955077,-0.472304579,-0.64387665,0.256414866,0.966638183,0.943114717,-0.808281479,2.022397632,0.422085646,0.058443919,-0.260782603,0.987397334,-0.853002771,-0.267281402,-0.065915727,1.051309387,0.336831813,-0.487476762,0.04967094,1.420554507,0.943693066,0.703699311,-0.533254415,-0.067172047,0.266750892,0.234640262,0.638587931,0.02319997,-0.437030576,-0.030467767
7Networks_LH_Default_Par_5,0.9365013,-0.917622405,-0.847510075,-1.025187823,-0.489358847,-0.091352781,-0.630974335,0.206009948,2.121412856,0.588775019,2.622640093,-0.961388582,0.499910497,1.301257315,0.450649288,-0.271246343,0.244487314,-0.443154372,0.168131348,-0.54988065,0.40626305,-0.070065329,0.100211433,-0.822710297,0.154820981,-0.726280914,0.69213685,0.002860391,0.804411812,1.834534714,1.153108255,0.394809672,2.021581008,-0.185136681,0.013019079,-0.564494043,-0.54018326,-1.05632088,0.591494164,-0.494957031,-0.054157267,0.401642164,-0.617663863,1.081996823,0.509923217,0.423209877,-0.310740672,-0.523690351,0.062903636,1.252142491,-0.240125496,0.1224573,0.118052573,1.551486333,-0.274546534,2.215606485,1.987400357,1.719227223,0.730967778,-1.374243172,0.319084484,0.204491098,-0.665306973,-0.275344113,0.427825044,0.724039896,1.300487715,2.51104779,0.668308051,1.512813602,-0.588140281,-0.837462198,0.055125784,-0.711574894,-0.790630084,0.040800533,-0.172259601,-0.659199571,-1.001173791,-1.251950039,-0.226887059,-0.312218241,-0.015390183,1.6683128,1.406463445,0.756010063,0.943576411,0.264018253,-0.662147176,1.689300277,0.133741581,1.237127999,3.378532839,-0.735677316,-0.526120418,-0.567266574,-0.789587341,1.110393673,0.758824685,-0.671843409,1.597542981,0.313209902,0.005089238,-0.758300192,0.8859215,-0.509314401,-0.490795901,0.425395226,1.756552289,0.976578786,-0.032443039,-0.414344683,-0.302179131,0.68222405,0.072679406,-0.159594202,-0.471461911,0.181432029,-0.019173166,0.073621702,0.190354955,-0.473865638,-0.59115284
7Networks_LH_Default_Par_6,0.002920074,-0.367810626,-0.494445795,0.074221931,-0.662649897,-0.386468727,0.188897603,0.531856023,2.624861574,-0.084984934,0.835331795,0.112369972,0.450104043,-0.048698422,-0.2015215,0.273799606,0.276210673,0.082877653,-0.037795205,-0.051751112,0.368509664,0.210412038,0.206091167,-0.231637974,0.433807458,-0.831807665,0.907470813,0.032051701,0.011705411,-0.067256409,-0.121720997,0.436315793,2.335078173,0.352431521,0.050715497,0.164990732,-0.611835101,-0.814855464,2.34247894,-0.253677335,-0.057391329,0.476472221,-0.79544055,0.82764495,-0.04508571,0.261493228,-0.237039349,-0.453128807,1.328440761,-0.946967785,0.382106434,-0.365039752,-0.268233812,-0.521708011,-0.324104993,0.596687234,0.908887402,0.740835109,-0.298067039,0.377556526,-0.016159159,-0.152299615,-0.599574907,0.175231685,0.586982877,0.434449243,2.375434512,3.333659226,0.583044978,0.077015288,-1.063266476,-0.628343356,-0.542081054,-0.5721966,-0.064221218,0.369300607,0.290398278,-0.444473715,-0.102485468,-1.332428127,0.59893454,0.094686928,-0.461113035,0.726461637,1.118834312,0.787636841,1.505350447,-0.041059684,-0.47317553,-0.310405403,-0.566436727,0.555323785,4.34878846,-0.498047273,-0.347747992,-0.336331241,0.752894966,0.301292678,0.494691927,-0.44596855,0.878428755,0.276294736,0.562100774,-0.219845105,0.401761753,-0.307219924,-0.325122762,-0.103634192,0.255609297,0.573680187,-0.42436973,0.368862853,0.966097642,1.349151883,0.304865761,-0.240178265,0.461482212,-0.1613439,-0.378840245,0.950427855,-0.554479153,0.222884417,0.05570793
7Networks_LH_Default_Par_7,0.834659835,-0.36902886,-1.050290295,-0.99704988,-0.648602408,-0.240085614,-0.322044441,0.540192316,0.200486316,-0.42171024,0.805737405,-0.536947077,-0.031017206,0.241818894,0.34964018,0.040493721,-0.09495559,-0.177145471,0.101805649,-1.129407776,0.743875437,1.075571956,0.318383315,-0.478425096,0.096525337,-0.649271602,-0.021733322,0.791807789,-0.187202611,0.056556961,-0.300226767,1.310889428,0.94399766,0.950757416,0.114402895,-0.551864604,-0.984007933,-0.683985824,1.046318218,-0.425457041,-0.222158128,0.897631613,-0.346142525,1.014386647,-0.4189405,0.330709923,-0.023213074,-0.363337088,1.116619716,-0.349862899,0.422655039,0.279546449,-0.174468188,0.485543327,0.677470305,1.650364183,0.441117858,1.21902654,0.248652946,-0.791768013,0.388208318,-0.76295256,-0.569221596,0.600842227,-0.077816773,0.959511497,2.106762279,2.78359118,0.660815976,0.670265664,-1.128261577,-0.794015446,-0.180920371,-0.356255837,0.004880459,1.476956182,-0.688350729,-0.738126502,-0.594411237,-0.787176239,0.7674872,0.117400548,-0.401397811,0.90764175,1.082092297,0.82391264,1.715293001,1.408202783,-0.148268435,0.045671932,1.122403138,1.44861373,3.996517212,-0.574230709,-0.483569851,-0.899223469,0.556458842,0.742550028,0.569384495,-0.352712794,0.338412867,0.566430162,0.313310703,-0.078940388,0.987516586,-0.759015952,0.164361744,-0.056263438,0.986849924,0.607650283,-0.850138764,0.386260618,0.455541297,1.007792202,0.474860165,-0.312247282,-0.688031322,-1.133591042,-0.476399791,0.425173963,0.603593936,-0.217804816,-0.162331026
7Networks_LH_Default_PFC_1,-0.569429912,-1.029758178,0.25238449,0.061518275,-0.092125633,0.729168388,-0.285159053,-1.269705228,1.640090592,0.601712411,0.582715184,-0.524876086,-0.191220293,1.199597148,0.689816919,0.631720599,-0.137661628,0.45931136,1.193381293,-0.544391715,0.916960266,1.103497263,-0.757868542,-0.347322222,0.499249721,0.725634675,-0.911136885,-0.033507193,2.83843939,1.312746716,2.227869641,1.196345479,0.834434178,0.263252362,-0.321298358,0.440472376,-0.67189461,-0.186467699,1.206493009,1.807139984,-0.473081895,-0.270964071,-0.447717091,-0.016276897,0.201325907,-0.318506553,0.677256365,0.722759319,0.20517646,0.709589241,-0.291298544,-0.550081978,-0.13615525,0.434441441,-0.280627201,0.777154667,0.406352523,1.775953416,1.84118707,-0.580073433,0.359209821,-0.581569087,-0.151129976,0.096014449,-0.451080207,0.977450151,0.813221816,1.365365723,-0.341617411,0.228885238,0.308899214,-0.346088903,-0.654697117,-2.015629088,-1.160848746,0.259831521,-0.53856196,-1.157430746,0.121658999,-0.442211599,-0.711764007,-0.485345311,-0.617483596,-0.128095854,0.257939919,0.994361644,0.906635083,0.036831594,-0.222138369,0.553829632,-0.148352513,0.146143317,2.61814802,-0.100495823,-0.446056286,-0.291885121,-0.094714379,1.203818676,-0.273581837,-0.679477521,0.569423331,0.652668272,-0.606501848,0.42808407,1.655289447,-1.08318468,-0.135443198,-0.396886561,0.966885417,-0.595152219,-0.119716401,-0.350116843,-0.070633795,0.729520224,0.282507959,-0.465736109,-0.654524548,1.658034123,-0.094282303,-1.002795969,-0.513030225,0.70526679,-0.619184241
7Networks_LH_Default_PFC_2,0.111709036,-0.947542726,-0.792549621,-0.908357123,-0.614556363,1.620789505,-0.117056436,-0.776885561,0.902081349,0.064800986,0.903788118,-0.706837645,0.368199337,0.662554412,0.506415858,0.183305678,-0.679139117,-0.307293984,0.865091851,-0.423434497,0.233567451,0.404529266,-0.184072916,-0.538814332,-0.378127934,1.075540277,-0.780396353,-0.53384495,0.615443193,1.096523148,0.439829404,3.418340085,2.82366067,-0.073073632,-0.423655955,1.112247338,-0.10349873,0.085858003,1.940797897,0.847103388,0.215409364,-0.735458968,1.030135236,0.4681737,-0.327478155,0.324944468,-0.669993783,-0.303239541,-0.148168298,-0.183882256,0.153283927,-0.061560909,0.673576487,1.675468389,0.188864068,1.109073268,0.136462361,2.722871371,0.546834201,0.741376957,0.367111236,-0.328962174,0.219351485,0.449913033,0.073239284,2.169148211,1.946759556,1.576936281,0.075986199,-0.366134844,-0.020083604,0.443145492,-0.78905549,-1.10805962,-0.610615726,0.515922848,0.558278072,-0.28662093,-0.473001739,-0.769485317,-0.256766809,0.801133559,-0.687727187,1.912510516,0.80797009,1.186902744,0.618972102,-0.194760798,-0.208381687,-0.63278686,-0.640805989,0.532303225,2.737420551,-0.434166665,-0.624804615,-0.119985502,-0.209853112,-0.101860355,-0.27602478,0.491725431,1.208943571,0.11302071,0.298604082,-0.387536106,0.503548278,-0.772859667,-0.570151553,0.127002251,0.461189011,-0.263008903,-0.751738579,-0.813609698,-0.443598619,0.121392548,0.09399179,-0.221839687,-0.823366852,1.628832833,-0.544770589,-0.823477748,-0.325685903,-0.305764537,-0.556092054
7Networks_LH_Default_PFC_3,-0.196743223,-0.799144446,-0.250371756,-0.047652022,0.90871732,2.159453971,-0.017436158,-0.521644932,4.556155011,0.732988811,0.99226573,-0.78013403,-0.427531294,-0.237812389,-0.421575238,0.727297174,0.306234288,0.106047811,0.51459519,-0.663822279,2.179451166,2.130828279,-0.563753543,-0.432025809,0.302028836,0.419400316,0.077329997,-0.591144773,2.236295157,1.130474067,0.380327382,0.164112894,0.872215088,-0.000618181,0.704421794,0.980582514,0.684594354,0.127105189,1.881595609,1.055261611,-0.541039445,0.76223174,-0.587769306,0.882773207,0.575513365,-0.440255702,1.004590468,0.482430697,0.895452305,-0.502800378,0.186555115,-0.302749042,-0.14031949,0.973232597,-0.766861028,0.804569852,0.268767907,-1.481902167,-0.373091179,0.158502733,-0.324687768,-1.230304162,0.802150907,0.220148555,-0.851333162,-0.473472316,1.23493611,2.656202927,0.483722254,0.008485131,1.109291147,-0.545549529,-0.809397664,-2.000191641,-0.493243565,-0.822521343,0.066821822,-0.863766573,0.837065915,-1.482844996,-0.679624543,-0.550438143,-0.356487378,-1.627182432,0.149912675,0.354884851,-0.444701071,-0.679557827,0.226655602,-0.25404887,-0.155640888,0.170092704,2.154117856,0.043120493,-0.517840339,0.034199545,0.17205547,1.086531782,-0.337738827,-0.56393214,1.337226784,-0.153767252,-0.26138778,0.034014141,1.519575229,-1.030584036,-0.844580209,-0.482863088,-0.157499326,0.124222668,0.313434606,0.270116726,0.558623799,0.245424891,1.375994267,-0.010515583,0.000779542,1.97915105,0.116234152,-0.495845997,0.077244014,-0.663991228,-1.234013434
7Networks_LH_Default_PFC_4,-0.458649784,-0.751502736,0.873909448,0.840360991,1.747980556,2.532139643,0.430766915,-0.62236406,2.314993935,0.33508562,-0.106746017,-0.884056069,-0.038970671,0.266904282,-0.71923682,-0.044403216,0.074278838,0.235172957,0.749558648,-0.2683963,2.699783808,2.565585364,-0.885604438,-0.221306745,0.599439061,0.69163991,-0.577734951,-0.204967839,2.839517476,0.863421521,0.872737157,-1.154116733,-0.217856897,-0.321594971,-0.343575167,1.119825772,-0.289412235,0.179077918,-0.10078671,2.394046509,-0.636429925,-0.118104898,0.173037411,0.370483947,0.104475766,-0.62389233,1.079101007,0.77902795,0.116570297,-0.630932545,0.020223145,-1.090664783,-0.38750283,-0.22741456,0.479781804,0.225053949,-0.094051488,-1.702469241,0.034061782,0.295862493,-0.653112095,-0.492183417,0.208709222,0.121459244,-0.330692506,-0.655342746,-0.462864649,1.128591461,-0.554242696,0.503698396,1.04134691,0.171358275,-1.406111437,-2.00925251,-1.053343975,-0.596597151,-0.36600572,-1.148941492,1.445140254,-1.613348563,-0.919620281,-1.094944766,-0.148252695,-1.200874207,0.396117709,0.181873826,-0.990273379,-0.823022263,0.9410055,-0.450391567,-0.454627377,0.341303049,0.614767649,0.304083927,-0.296769371,0.296457972,-0.025236952,1.119613904,-0.145419739,-0.469787851,0.839212319,0.076915654,-0.187059306,0.169829499,1.377606292,-0.582615059,-0.547681329,-0.721308234,0.061346679,0.031811235,0.940781107,-0.067524171,0.207359697,0.714948089,0.99723862,-0.610960319,0.634478987,3.109515454,-0.316464528,-0.420004487,0.108021697,0.248791921,-1.171169646
7Networks_LH_Default_PFC_5,1.232598957,-0.967892603,-1.043944278,-1.023229616,-1.172494722,0.375266104,-0.703504702,-1.902181177,1.207725227,-0.23287844,1.188708651,-0.905925365,0.235905986,0.424126524,0.880085209,1.370819646,-0.766464557,0.32331314,1.885218491,-0.712988669,1.200662957,-0.093745884,-1.166622772,-0.762531099,0.295135341,-0.106572328,-0.615611568,-0.171534336,1.676563092,2.304869479,0.785150575,2.385599689,1.837508075,1.141303987,0.073444345,-0.493260434,-0.947652663,-0.195207609,0.921516196,-0.074639354,-0.749539481,0.050953773,-0.46734226,0.012523782,-0.418351185,-0.601899557,-0.783592189,-0.507970256,0.881626757,-0.183199883,-0.152840879,0.159473893,-0.530193158,1.378896665,0.193104548,2.325132434,2.731614296,6.515265665,3.874095974,-1.006868792,1.520716214,0.307453579,-1.192801318,-0.205570777,0.046584798,4.984784484,1.474709261,1.281221388,-0.419506212,0.22300441,-0.293959111,-0.071350516,-0.851312942,-1.613132637,-1.410091844,1.65565493,0.345749077,-0.986864114,-1.076075414,-1.188758893,-0.425632823,0.931172033,-0.755719244,3.529287474,0.989042759,0.735795614,1.452788488,0.175144866,-0.726895868,-0.574574442,-0.558213361,0.300043163,2.885064947,-0.521821871,-0.286691813,-0.619448666,0.545798601,-0.054792067,-0.068356301,-0.765523226,1.209020197,2.697418274,-0.019370984,-0.406272941,1.095652167,-1.46191182,0.307183368,0.465848589,1.567234876,0.596594597,-1.096813327,-0.130392218,-0.214007255,0.700358824,-0.681349391,-0.370892704,-0.495477141,1.017924762,-0.293016758,-0.943365834,-0.526658123,1.716015023,-0.68035051
7Networks_LH_Default_PFC_6,-0.893895257,-0.307992022,0.241686737,-0.312816557,-0.976191592,-0.227404211,0.531182305,-0.453687468,1.340444516,0.217741286,0.738950627,0.296562936,0.99743596,-0.00176161,-0.197745518,-0.598085193,-0.271845458,0.056811768,0.589892001,-0.554754053,0.325326984,0.801834815,-0.022998036,-0.292688303,-0.385419684,-0.45563784,4.36E-05,0.887672491,0.806984212,0.421406621,0.214669129,1.111345657,2.063293904,1.090182857,-0.669765269,-0.631110495,-0.799182791,0.121083737,0.216456982,-0.695203939,0.004857695,-0.578524225,-0.623004073,0.45828089,-0.521979181,0.709706969,0.47606267,-0.243857549,0.310513016,-0.239493479,-0.720090266,0.265935668,-0.064282404,-0.046134633,0.247350442,1.12878333,0.148233957,0.179893511,-0.414747893,-0.486736284,-0.480317035,0.664256297,-0.10797738,0.548190669,0.049837496,-0.025678805,2.4071791,1.176498529,0.144443783,0.609808118,-0.138025886,0.140680077,-0.38683596,-1.311141459,-0.640225521,0.29422486,0.249793675,-0.879867645,-0.045805031,-0.951338098,0.411123411,0.406705104,-0.103740515,-0.893760187,2.078194686,0.694189074,0.264459713,-0.219807853,-0.413365063,-0.176294727,0.440872643,0.306668906,3.719170317,0.145038463,-0.476961768,-0.360078757,1.299681218,0.157837104,0.759780492,-0.186233424,0.498479012,0.387351827,-0.450253882,0.306466022,0.471419607,-0.75520066,-0.761420852,-0.64896179,0.287219253,0.637026916,0.432657155,-0.395988283,-0.571247798,0.30200973,0.552954154,-0.629464147,-0.337035493,-0.071616691,-0.797998765,-0.202637768,-0.484154519,-0.674512408,1.058432529
7Networks_LH_Default_PFC_7,0.298412935,-1.472306449,-0.939396215,-0.775178143,-0.692798023,0.024807813,-0.61009982,-1.930110852,0.627063675,-0.026516463,0.137688868,-0.475048803,-0.270070132,1.491844934,0.363164168,0.18005185,-0.874660071,0.092591228,1.345492232,-0.71921778,0.911333837,-0.91489272,-1.114710264,-1.290287254,0.228691972,-0.236906057,-0.820308198,0.681910476,1.488161694,1.756710349,1.552085987,2.235423452,0.730607054,-0.02534375,0.553707319,-0.78491181,-1.142298318,-0.188898117,1.090806079,-0.558229791,-0.84608466,-0.227993671,-0.661409235,-0.703932801,-0.715350737,-0.752083531,-0.261948713,-0.172122364,-0.058716126,-0.64402263,-0.459431162,0.661000225,-0.709994022,0.610934838,0.558609077,2.709068654,2.277171043,7.996168867,4.673680356,-1.418611615,2.743570787,-0.411608963,-1.162932991,-0.190408929,0.048606299,6.085188672,1.421470549,0.129642021,-0.393520363,-0.309007364,-0.409627235,0.576841772,-0.982708471,-2.085101164,-0.964587687,1.594791427,-0.464484995,-1.17244963,-0.457883727,-1.005611876,-0.114731238,0.497306892,-0.628765599,4.878683748,0.133162138,1.535958701,2.128044247,0.659054518,-0.578769372,-0.696811645,-0.137143172,-0.134736268,2.72622125,-0.258699522,-0.69368536,-0.915644261,-0.087505716,-0.551088629,-0.050473101,-0.765990332,2.018110168,3.779286422,0.143529851,-0.525272543,1.188287475,-1.410012056,0.166896223,1.154295427,0.781559984,-0.264100937,-1.061992069,0.195980007,0.333997171,0.949350734,-0.509377166,-0.637582213,-0.713092472,1.218408243,0.954438969,-1.222567594,-0.671221667,2.139413687,-0.748927475
7Networks_LH_Default_PFC_8,-0.314798007,-1.459238239,-0.214094114,0.026475155,0.497246927,2.326672839,0.123832596,-0.321755683,2.150837165,-0.079413226,0.555455712,0.019231233,0.218564447,0.922630389,-0.166024578,0.993720054,0.499403901,-0.256263139,1.605153146,-0.562841378,1.163808559,1.077948598,-1.072176366,-1.112801148,0.852198827,0.264667878,-0.081249047,-0.705270898,2.841745699,1.941489746,0.836490408,1.298994034,2.57148901,0.512429317,0.222917115,0.509390147,-0.635342957,0.018957247,2.238194066,-0.004238484,-0.884995029,0.417434486,-0.335736192,1.186363635,-0.008946154,-0.217013044,-0.471562283,0.249547732,0.459127803,-0.65241671,-0.898359974,-0.693729431,0.212519899,0.261321294,-0.67845689,0.42289889,0.850911225,-2.249408884,-0.955382188,-0.525845011,-0.067946002,-0.664031253,1.001619093,0.185655304,0.11581161,0.356855725,2.445477263,2.750231747,0.141282304,0.713276359,0.979571379,-0.868090894,-0.984209956,-1.869855177,-0.928610453,-0.392624761,0.188956804,-0.542122253,0.231294731,-0.633985282,-1.246845516,-0.909201692,-0.121847607,-1.465264226,0.832586139,0.523863016,0.478630425,-0.316933646,0.777147573,-0.49096877,-0.651425553,0.74616851,3.777077348,-0.300334237,0.283342275,0.694939253,0.537508402,0.369850164,-0.669436737,-0.334339748,1.235892733,-0.552377464,-0.085107671,-0.755145439,1.717595941,-1.292781188,-0.417609068,-0.815171072,-0.119321623,0.56351219,0.38880779,-0.087071162,0.725075825,0.390175375,1.33806017,-0.387107025,0.846495139,3.366544542,-0.42249726,-0.264056691,-0.119805069,-0.413774769,0.037130258
7Networks_LH_Default_PFC_9,-1.115546045,-1.485477484,0.414524101,1.177365325,1.311912431,2.366784857,0.488536076,-0.687184646,1.915322552,1.197710937,0.368501691,-0.858120447,0.713082501,0.374142524,-0.249821555,0.194612275,0.339794157,-0.21181149,1.060389296,-0.427930188,1.560260882,2.108865224,-0.994541675,-1.176876699,-0.345426085,0.006560056,-0.451386668,0.302368646,2.930879815,1.134225563,0.398177243,-0.887392192,1.114865254,-0.365130031,-0.436620564,0.060673658,-0.448222868,0.153013738,1.445546453,1.115297757,-0.679567713,0.164635766,-0.784731866,0.267967433,0.3841647,-0.628081609,1.088705728,0.414279232,-0.149704238,-0.300659242,-0.117396119,-0.894811085,-0.331318573,0.058548029,-0.0500771,0.377410338,-0.310910153,-2.038752813,-0.51248014,-0.386966046,-0.549416547,-0.775851651,0.503496535,-0.609761982,0.121297954,-0.156611311,0.060062778,1.318608529,0.132274495,0.878303977,0.757360962,-0.102916989,-0.926150166,-2.084014595,-0.975996529,-0.501938816,-0.235977873,-0.638347388,0.945647239,-1.168703541,-1.195373417,-0.747286552,-0.165202518,-1.159246671,1.062810301,0.868623955,-0.235723601,-1.064699955,0.83181174,0.096694686,-0.359737554,0.124200037,0.814031071,0.718731031,-0.522977183,0.635430987,0.690596432,1.122387498,-0.515584668,-0.479889101,0.611372822,-0.338380915,-0.067251332,0.46686711,1.269138271,-0.863077292,-0.421359944,-1.103089406,0.267856945,-0.024014651,0.809153793,-0.458492387,0.332198734,0.631756071,0.797860618,0.151844322,-0.57089791,2.44067449,-0.221918763,-0.97552569,-0.10805503,-0.335706472,-1.136344419
7Networks_LH_Default_PFC_10,0.8494561,-0.862193544,-0.75541246,-1.251289509,-1.273945818,0.090501876,-0.497740233,-1.772926855,1.234592651,0.59952259,0.099275992,-0.561796642,0.134326947,1.008523306,-0.142470371,0.237405023,-0.42219859,-0.628517181,1.300849908,-0.077629198,0.941087951,-0.488017816,-0.745185257,-0.501125993,-0.214492218,-0.369626229,-0.807783353,0.245586167,0.171531116,0.816094468,1.412217471,1.295640318,0.45292688,-0.105805926,-0.006458262,-0.777419156,-0.968665174,-0.526757649,0.174149832,-0.924576365,-0.696173461,-0.173671405,-0.173431186,-0.519630165,-0.596076595,0.871357507,-0.713888962,-0.461346282,0.883387267,-0.389941802,-0.515729789,0.642729129,-0.55630224,0.328997073,0.172989192,2.240161465,1.911966078,8.252155092,3.443586841,-0.955249485,2.948893236,0.154740223,-1.227850406,0.59832181,0.679337998,5.119894459,1.576084627,0.246559659,0.589781304,0.474516774,-0.403598255,-0.067984711,-0.578209183,-1.135942737,-0.83312318,2.34811934,-0.937432951,-0.938982882,-0.683884677,-0.63787931,0.19593749,0.371890341,-0.1901437,5.096060127,0.975881726,1.306430901,1.000095298,1.845174566,-0.423127352,-0.656794634,-0.328803133,-0.158538429,2.586389583,-0.825458218,-0.060528006,-1.423471997,0.289589729,-1.170231724,0.518326733,-1.153273628,1.687953755,4.952630989,0.320805472,-0.971489213,-0.02590663,-1.495831921,0.905735158,0.591267193,0.741569923,-0.691585762,-0.862503043,-0.831051933,0.785893488,1.059203101,-0.023946915,0.193548126,-0.567302768,0.059377677,1.22776606,-0.924193918,-0.588547719,2.082013486,1.134577589
7Networks_LH_Default_PFC_11,-0.312966443,-0.697064273,0.032372144,-0.05238451,-0.261450168,0.999145125,0.245984749,-0.029730736,0.702775677,-0.355094276,-0.022867937,-0.405957476,0.313556369,-0.700901556,-0.053213921,0.043144022,-0.125342597,-0.48553474,0.358088384,-0.225289678,0.56852696,0.668685919,-0.276276553,-0.250847874,-0.629013126,0.182010911,0.095628007,-0.28762163,0.978841959,0.97178187,0.506279051,0.098688811,0.857209391,0.403039963,0.155870797,0.135148869,-0.210445981,0.102219703,1.314794498,-0.510260135,0.221087942,0.608543596,-0.439532821,0.048836216,0.711789736,0.01516469,0.280224797,-0.127913615,0.126858387,-0.765719346,-0.072119333,0.186925484,0.341466908,0.295099828,-0.136471698,0.155158263,-0.069039803,-0.440672555,-0.19827497,-0.258832487,-0.623836849,0.43048301,0.712753642,-0.157607159,-0.064315104,0.098680193,1.022108228,0.883092421,-0.263926643,0.319338461,-0.566876549,-0.407963407,0.073883878,-0.979881935,-0.562764373,-0.128783232,-0.604915296,-0.684896292,0.282556765,-0.676284931,-0.217791485,0.32530672,-0.630294198,-0.946926502,-0.38691699,0.20882395,-0.294008511,-0.476019084,-0.103519968,-0.334489701,0.125012787,0.088047588,0.989016577,0.086322361,-0.626477426,0.442094424,0.019636765,-0.062154059,-0.47480867,0.295935946,0.822279887,-0.143068563,-0.377571949,-0.487603327,0.388756987,-0.570825302,0.059612861,-0.164298121,0.127500698,0.691401776,0.098769611,-0.020093229,0.196254379,0.019811043,0.271068658,-0.097120687,1.206046914,0.522857212,-0.176894651,-0.169714881,-0.688631635,-0.439350874,-0.235855493
7Networks_LH_Default_PFC_12,-1.166830556,-0.696248142,0.50752967,1.036016601,0.469137479,0.778107044,0.079509378,-0.572538982,0.846303678,-0.169502275,0.029664821,-1.023739791,1.382821227,-0.478628004,0.192656133,0.177332024,0.214841403,0.004775165,0.303849179,-0.680505437,1.26888637,1.905257926,-0.766827384,-0.948260121,0.280068266,0.904615054,-0.838321511,-0.593984625,1.64310518,1.323059397,1.061780469,0.066111325,0.428895449,-0.255086741,-0.112310578,0.030741445,-0.375801637,-0.058505921,-0.109940796,1.216630277,-0.55598989,0.377355675,-0.336625921,-0.192797411,0.485012522,-0.35843223,0.777117666,0.601612945,-0.380505501,1.457692194,0.173042557,-0.92557717,-0.109849622,0.105708538,0.903234291,-0.552397723,-0.746482949,-1.328254294,-0.693206014,0.007350597,-0.156845623,-0.566599421,1.019845522,0.237687287,0.175423018,0.093489095,-0.117148878,0.202234264,-0.338184665,1.528152722,-0.367547521,0.382061927,-0.748346683,-1.808203221,-0.290600386,0.170466747,-0.371614052,-1.138876954,3.081268197,-0.664923092,-0.651482948,-0.562306239,0.359111803,-0.793580383,0.555909959,0.296436925,-0.244999657,-0.384938877,0.432476876,1.182162911,0.273562881,0.162296408,0.998563097,0.491332451,-0.133081816,0.88332461,0.703058421,1.390480067,-0.890346782,-0.009101484,0.397240627,-0.818970868,-0.260218073,0.535445607,0.536215601,-1.110287035,-0.468413336,-0.937690786,0.025121077,-0.838364698,0.206159839,-0.422292959,0.123749277,-0.140501112,0.537973394,-0.383454849,-0.486791659,1.255951993,0.112306371,-0.578255294,-0.458465925,0.095835808,-0.741058369
7Networks_LH_Default_PFC_13,-0.461093863,-0.793776491,-0.078654692,0.061174956,0.202540983,1.802078426,0.016806495,-0.538257481,1.74569878,0.158432682,1.444302427,-0.603001065,0.293824555,0.815367856,-0.192397311,0.961623245,0.005000787,-0.026807992,0.829952081,-0.518235724,0.524466269,0.37112974,-0.785548384,-0.693404924,0.355263139,-0.161293888,-0.171535986,-0.373338228,2.329301175,1.126370949,1.336236981,0.741427547,0.968906656,0.017236357,0.119153777,0.207230284,-0.209468122,-0.225677939,0.518332584,0.600757122,-0.590255739,-0.139174819,-0.494251828,0.662951701,0.508586712,-0.57762675,-0.248291167,0.435404155,1.617767856,-0.445839377,-0.036863877,-0.193425494,0.039650976,0.551143822,-0.863846449,1.271987511,0.118831284,0.124961571,0.76330647,-0.553892454,0.027420936,-0.955917712,-0.300210585,0.054264115,-0.549258619,0.973438127,1.146990318,0.912575828,-0.685414646,0.832138424,0.18586418,-0.609989899,-0.264903997,-1.886455382,-0.876362979,-0.70064113,0.111176188,-0.64315233,0.557911135,-1.012216572,-0.92358722,-0.557763883,0.252647572,-0.197133693,1.710891568,0.79847532,0.114202009,-0.184669406,0.221763187,-0.219349399,-0.491200878,0.125073034,1.217752662,-0.283458515,-0.40480733,0.117824073,0.056945125,0.996729487,0.065133743,-0.351250819,0.273814587,0.543384211,-0.311123443,-0.050984248,2.291430385,-1.054418086,-0.690407873,-0.301159006,0.101840218,-0.225381175,0.362682237,-0.446115617,0.56274204,0.28306843,0.781384961,-0.43684822,0.247833644,2.522763705,-0.971144019,-0.823952688,-0.705467854,-0.003741663,-0.460776691
7Networks_LH_Default_PFC_14,-0.269923989,-0.876929042,-0.475232135,-0.217221529,0.121919681,0.517327447,-0.280261122,-0.436180913,1.748929778,-0.155195591,1.767720131,-0.333588852,0.061878363,0.487251027,-0.268803794,0.921112314,-0.091992419,-0.227175826,0.885265007,-0.093245599,0.560133234,0.290208741,-0.517714983,-0.643247727,-0.314708881,0.713895075,0.666163217,-0.162726876,1.61112619,0.929359406,2.178080876,1.032823126,1.644434397,0.158982408,0.952686292,0.708742464,-0.593159222,-0.423996382,0.783383106,-0.283831165,-0.304532666,-0.23402264,-0.061702837,0.77335338,0.381173755,-0.096312314,0.269879367,0.251117448,1.607531857,-0.671643265,-0.452471964,0.246690706,0.158752562,0.757118855,-0.616540281,0.703753778,0.914988307,0.793077541,0.909773332,-0.035714091,0.001938658,-0.210191197,-0.332578188,-0.207377327,-0.297933115,0.791217714,2.101352429,2.114250665,-0.352490625,0.342589162,0.848808567,-0.815815306,-0.581935278,-1.438441101,-0.784686073,-0.405366776,0.498532807,-0.748649926,0.045619341,-1.114682894,-0.010893077,-0.363523045,-0.249332313,0.366337684,1.160659904,1.140266253,0.45324948,0.267795674,0.132518284,-0.599644175,0.009877855,-0.078366753,1.974838607,0.368882997,-0.477463332,-0.501393303,0.124543047,0.208184952,-0.269318287,-0.399979934,1.138162629,0.068169042,0.188556704,0.09165283,3.049849891,-0.552049347,0.262973557,-0.21166086,0.15651013,-0.313703397,-0.624673765,-0.177850289,1.145635555,0.678086667,-0.522641682,-0.401459279,0.022735956,1.238285603,-0.761807542,-0.131596192,-0.250923289,-0.067793933,0.454385095
7Networks_LH_Default_PFC_15,-0.054557209,-0.32629464,-0.239286888,-0.211546536,0.450865241,0.825949325,0.087772619,-0.05558329,1.890862881,-0.420471137,0.902407126,-0.079318584,-0.027800814,-0.040385073,0.417252058,0.070434593,0.414242488,-0.450891457,0.574621829,-0.455780528,0.564562902,0.496263651,-0.811376824,-0.619498519,-0.539318847,0.844715965,-0.123672999,-0.585742222,1.408221399,0.896064297,0.229615429,0.218258069,1.622681348,0.417802733,-0.017031227,1.208081223,0.13184949,0.118632617,0.417060835,0.608131059,-0.115693154,0.13037035,-0.637082381,0.738976487,0.497285053,0.005153847,0.144253347,0.727616801,-0.107973382,0.342769578,-0.319832234,-0.426114433,-0.159149731,0.532718972,0.299604645,0.558090501,0.190490028,-0.9959554,-0.312993546,0.421389809,0.184868687,-0.32248762,-0.689528185,-0.208695342,-0.492785022,-0.11399762,1.190295883,1.91373454,0.149444137,1.24526326,-0.017184818,-0.716929989,-0.373320153,-1.390438292,-0.913299737,0.118956415,0.224980551,-0.805765616,0.966597113,-0.920079771,-0.210068471,0.140869825,-0.551254123,-0.212744209,0.902966225,1.181817155,0.37332754,-0.095694343,0.11205001,0.563672077,0.007288104,-0.152039676,1.993099834,-0.028579143,-0.060544383,-0.011978273,0.668058242,0.641718201,0.57988891,-0.016520397,0.713453589,-0.466578701,-0.118876958,-0.398363398,0.330119876,-0.650539472,-0.709360726,-0.560333763,0.115891368,0.771149006,-0.522012118,-0.397535142,-0.086791472,1.027781814,0.101778346,-0.131144012,0.225195614,1.112885005,0.195159531,-0.677491316,-0.391144038,-0.235366594,-0.515640217
7Networks_LH_Default_PFC_16,-0.119139585,-0.346991522,-0.329311593,0.685760324,-0.467027488,1.109744402,1.031307567,0.544978872,3.072417528,0.10614808,0.739367399,-0.318274701,0.269915337,-0.175062107,0.226914136,-0.28645065,-0.564033279,0.224543848,0.435399046,-0.819082219,1.892789464,0.986045912,-0.183062656,-0.153573973,-0.434001235,0.853136884,-0.184813466,0.63806115,0.721605011,0.379855874,0.197754424,0.563150014,2.433409484,0.308759826,0.145166027,0.750639356,-0.921172618,-0.815065905,1.210470154,-0.590343463,-0.124697361,0.433918075,-0.707624953,0.770507688,-0.009752335,-0.381263427,0.742122723,0.546921496,0.217614496,-0.651300404,-0.27029239,-0.703193689,-0.557963479,0.586973054,-0.100977773,0.610492338,-0.370517256,-0.578020203,-0.568141778,0.547941099,-0.802000964,-0.514465593,-0.468676026,0.772248917,0.126954728,-0.288071496,2.165301048,2.051454345,-0.02641015,-0.270823602,0.222098824,-0.354418128,-0.010508577,-1.188852454,-0.889177111,-0.713362893,-0.213607216,-0.380263108,1.288838383,-0.871891555,-0.287747811,0.403546447,-0.218198446,0.286331431,0.461452283,1.361826746,0.683980382,-0.634098756,0.921341567,-0.084468375,-0.904394699,0.673314271,1.787011112,0.098852478,-0.223374248,-0.053062866,0.199283976,-0.253545381,0.053624999,-0.474977205,1.1770362,0.503065563,1.082114845,-0.576316383,1.284832087,-0.840325227,-0.547908357,-0.316068343,0.113213258,0.332427797,-0.59468932,-0.598298321,0.252414495,0.345556323,0.253418181,-0.369219432,0.738697868,1.282657525,0.545448372,0.169484521,-0.078820097,0.04259434,0.038878402
7Networks_LH_Default_PFC_17,0.090120848,-0.401499191,-0.51733106,-0.438457813,-0.407873321,0.749379737,-0.019262198,0.227685932,1.625406958,-0.291351081,1.231890912,-0.58468942,1.2218266,0.009972777,-0.076907923,0.54979005,0.240174609,-0.358301795,0.757842678,-0.465938073,0.702457521,0.274662757,-0.11296263,-1.125575014,0.613284247,-0.687051532,0.121313987,0.242588223,0.16873234,1.338542544,-0.026229355,1.006873277,2.212379835,-0.11564788,0.63574985,1.627967075,-0.321525744,-0.947798381,0.263233471,-0.266127499,0.244004905,-0.096895264,-0.185824534,0.737926982,0.179855364,-0.408808323,-0.169906642,-0.373174279,0.527775252,-0.646808193,-0.238086036,0.189543969,0.395194221,0.836514073,0.536431563,1.575475833,0.353350929,0.887271203,0.555750811,0.136855948,-0.397835614,-0.234361475,-0.546861238,0.211323887,0.671983185,0.730398021,2.94436041,2.877162275,0.285855325,0.871914712,-0.391008188,0.067937605,-0.264395381,-1.018861123,-0.473591977,0.273944606,0.057386018,-0.52480939,-0.487417544,-1.033491851,-0.275128113,-0.281474518,0.299584059,0.868322172,1.922486642,1.822176873,0.653185564,0.885454136,0.341295854,-0.039510764,0.468014207,0.730370223,3.256433662,-0.506336719,-0.520639307,-0.335917179,0.324930225,0.748102202,0.735003557,-0.270769072,0.769771894,1.517365707,0.518563636,-0.332840823,-0.283660302,-0.770089718,-0.354855755,0.004019769,0.911723971,-0.378070938,-0.78728126,0.522901956,0.64067104,1.720986289,0.042829015,1.051306257,-0.090547824,0.20485821,0.796187146,-0.090664757,0.152962312,-0.090319992,1.326290467
7Networks_LH_Default_PFC_18,0.127969132,-0.416528662,0.119612477,0.086673636,-0.148046619,0.759330195,0.781725049,-0.422816415,1.802227029,0.095586488,0.573389021,-0.577122572,-0.131344557,0.787723381,0.150641886,-0.030660907,-0.396330555,-0.098768489,0.757296701,-0.113169989,0.842948754,0.384564697,-0.521959822,-0.548043049,-0.405162799,0.73687933,1.079594389,-0.078182079,0.973366427,1.66790702,1.202780009,0.709037459,0.705518704,0.206407065,0.106798388,0.833802803,-0.327268485,-0.703481909,0.795124059,-0.446862791,-0.398573381,0.745618649,-0.671438622,0.105799201,-0.162473075,-0.660362764,0.456893199,0.009673946,2.451115036,-0.601417213,-0.497824027,-0.375518795,-0.650500886,-0.353479654,0.094943076,1.577941165,0.799109581,1.392777862,0.511013357,0.551214916,-0.263846165,-0.852175952,-0.551035687,0.216131923,-0.160954306,0.252794929,0.944037538,1.281655958,0.122569965,0.332038049,-0.399342298,-0.662685688,0.555702825,-1.138798701,-0.819805154,-0.861284901,0.120385273,-0.710302848,-0.353676499,-0.92193476,0.15560285,-0.343614989,0.141587717,0.633545067,1.98042013,0.131022451,0.038673669,-0.495136861,0.113307225,-0.419866557,-0.049143783,0.282904763,1.481410806,0.229611902,-0.588416855,-0.174226484,0.549188665,-0.096830127,0.303284484,-0.257429474,0.259536857,-0.061771063,-0.027777713,-0.181050823,3.037077204,-0.61208857,-0.676011695,-0.241271995,0.586784386,-0.342551823,0.278361065,-0.722274241,0.093705409,0.168149478,0.598266712,0.172144837,-0.440551319,0.283369622,-0.104862133,-0.618627282,-0.420144067,-0.125309144,-1.113356889
7Networks_LH_Default_PFC_19,0.330696245,-0.135201809,0.565795322,0.471779674,-0.926937595,1.673975964,0.742975715,0.229291327,2.540504998,0.036672737,1.326992019,-0.462881884,0.284613471,0.304675227,0.542043332,-0.270479918,0.334310014,0.425591139,0.346769084,0.264713367,0.849190383,0.98653741,-0.125973264,-0.480720801,-0.073609019,0.204885003,0.969312083,-0.094078684,0.926483652,0.303296283,0.312980994,0.540973807,1.681207155,0.535384206,0.658132529,1.706066852,-0.035428635,-0.547944295,1.812716612,-0.292717376,-0.62478288,0.731023509,0.015585873,0.955117831,-0.204756162,-0.067106349,-0.352429976,-0.003023599,0.292045365,-0.525189748,0.496045667,-0.354559574,-0.341027169,-0.22343623,-0.262979027,0.293367937,-0.417163418,-0.174417156,0.356419997,1.254986214,-0.621492653,-0.450549297,-0.16219552,-0.079369835,-0.223377894,-0.11412433,1.684906255,1.820619449,0.448096015,-0.053489877,-0.52446989,-0.537227438,-0.205737489,-0.413710976,-0.826779985,-0.631249749,-0.071585115,-0.551656704,0.686217743,-1.124380396,-0.472767764,0.273442548,0.297298561,-0.182693265,0.327322128,0.322718142,0.804002221,0.10256434,0.823019373,-0.453570365,-0.453707608,0.175754142,1.851064833,-0.152424347,-0.150827674,-0.230420031,0.068560858,-0.009293578,0.892901753,-0.097506607,1.479817649,-0.659980764,0.260770373,-0.707528666,1.102208442,-0.804586238,0.109935987,0.025562814,-0.407295282,0.671094147,-0.597365766,-0.337941886,0.429270972,0.82796944,0.731116925,0.194769829,0.367277969,1.56815643,0.036566978,-0.653575303,-0.460783254,-0.309701932,-0.829234503
7Networks_LH_Default_PFC_20,0.198410853,-0.113335322,-0.830286288,-1.385010725,-1.502850149,-0.58005221,-0.499143084,-0.690456382,1.588717043,-0.601011696,0.568156798,-0.870280986,0.775207473,-0.310543733,0.475005798,-0.375617885,0.187134928,-0.400273474,0.228341715,-0.442976813,0.040885922,-0.323174495,-0.531361712,-0.863981694,-0.291318608,-0.118795517,0.014180779,0.308898219,-0.158456889,1.276760131,-0.034728099,1.180137436,1.240388983,0.189106633,-0.248794874,0.274494697,-0.763925979,-1.097116314,1.136727557,-0.475630012,0.756119529,0.566785876,0.429965286,0.028426194,-0.891600192,0.971208648,-1.112916458,-0.165869179,1.571278785,-0.522139318,-0.955375522,0.200508254,-0.493189863,0.67501124,0.599467831,1.947112645,0.646451279,4.78391312,2.503084651,-0.4035461,0.953741006,-0.126053912,-1.140121206,1.310487632,0.017481192,0.881559364,2.562904359,2.005736325,0.72952812,1.161696831,-0.639358582,-0.430178132,-0.534589839,0.279310205,-0.879370834,0.721810399,-0.02355805,-0.960850056,-1.190778874,-1.136033347,0.138988916,-0.18243081,-0.188867012,1.968402576,2.232780841,1.358683104,0.055627674,1.668887151,-0.126385724,-0.069743789,0.201087356,0.509393759,3.008216389,-0.94748021,-0.461003713,-1.594903456,0.603755836,-0.790979231,0.774626057,-0.760716171,1.47839564,2.250006099,0.640963979,-0.716105854,0.505789142,-0.274250852,0.363300284,0.545383391,0.76500029,-0.548752354,-0.996772262,-0.036539307,1.601999695,0.770757528,-0.723085552,0.70469922,-0.424381251,-0.566644957,0.842028835,0.026178306,-0.569292071,-0.248340735,1.863348478
7Networks_LH_Default_PFC_21,0.353337439,-0.266259434,-0.719808903,0.31594808,-0.581577534,0.053996721,0.266657829,1.23078047,0.898147557,0.517263731,0.584322029,0.346121101,1.274324033,-0.903085366,-0.323432491,-0.015233866,-0.041892049,-0.917002049,0.408497266,0.394392796,1.054371986,0.768325967,0.070597861,-0.368719317,-0.121676686,-0.744353138,1.116574529,-0.230877419,-0.498662238,0.085192672,-0.151742168,1.826844692,1.809273943,0.153960119,0.075471666,0.50674569,-0.591691289,-0.16020085,0.378790889,-0.557459013,0.472187317,0.19289734,-0.178288214,0.853033342,-0.34176419,0.532820235,0.283597044,-0.603881706,0.209870526,-0.290661322,-0.750630588,-0.642301886,0.016606122,-0.089392043,0.92426606,0.44647271,0.556682633,-0.22753381,0.066738709,0.335877213,-0.885674534,-0.252917219,-0.435971808,0.727279953,0.976916321,0.608138601,3.727436738,2.592005234,-0.336193854,0.948585613,-0.747275458,-0.402316214,0.048101677,-0.655082384,-0.569275531,-0.071291292,0.869821662,-0.602948736,-0.024332909,-0.908849271,1.095003681,-0.806922404,-0.709628766,-0.270012415,1.088176427,1.717284458,0.171248816,0.440410768,-0.080822204,0.149535731,-0.181561464,-0.261846582,2.912840484,-0.290824641,-0.270872652,-0.59284149,1.546847252,0.954545683,0.176306457,-0.20911046,1.540370438,0.717815205,0.441089745,-0.286597147,0.025580082,-0.363967413,-0.25597025,-0.430250247,0.923341991,-0.127326371,-0.748895271,0.416154622,1.193462352,0.612595236,0.593547508,0.72053791,-0.620297708,-0.108814477,-0.393748893,0.837819137,-0.122643492,-0.551114193,2.463815529
7Networks_LH_Default_PFC_22,-0.134686436,-0.980854202,-0.57450647,0.38561215,-0.825612806,0.276947487,0.289372129,0.909718228,1.293579741,0.049895476,-0.33181041,-0.186922294,0.323743992,-0.334482683,-0.453736814,-0.403007272,0.03999514,-0.632272201,0.011015754,-0.35126695,1.295348998,0.637688128,0.069964257,0.777886605,0.060690883,-0.333495811,0.099616691,0.100614377,-0.056802166,-0.156875091,-0.639338289,1.40101585,1.438777649,0.647558248,-0.326000155,0.101641957,-0.449390448,-0.614736236,1.718639776,-0.671446976,-0.0795889,0.258590605,-0.547271176,0.988387471,-0.068535782,0.598748601,0.329099738,-0.38562698,0.290029516,-0.281191703,-0.003400678,-1.02205766,-0.097987042,0.076158804,-0.418882797,0.171163483,0.76289854,-0.505764331,-0.149116903,0.340589675,-0.459500678,-0.329005812,-0.132149102,0.153286,0.576533554,1.184281416,2.443396418,0.935526914,0.26256835,0.419957295,-0.5900903,-0.493242798,0.490976553,-0.26055001,-0.956511184,-0.072156279,0.444993663,-0.476399113,0.011349027,-0.218940433,1.413877264,0.338639647,-0.112683472,-0.516254055,1.137566445,1.412477664,-0.345195037,0.373218447,0.740148796,0.38731387,-0.264641922,-0.464577914,1.601340236,-0.37731806,-0.126884533,-0.397135179,0.97255088,0.109989384,-0.116579207,-0.687896884,1.746738175,0.397237493,0.55406208,-0.522501327,0.401361213,-0.79459666,-0.342424308,-0.248075335,-0.455263061,-0.329461978,-0.587120698,0.129844614,1.473903502,0.839700722,0.456459089,0.121075282,-0.040732298,0.585920034,-0.043621455,-0.451335033,0.003677148,-0.386191774,0.959768684
7Networks_LH_Default_PFC_23,0.450676248,-0.867971789,0.471839632,0.664975082,-0.392877797,-0.200777682,0.157963128,-0.532446363,1.095842503,0.112145562,0.952247672,-0.735029172,0.155179132,0.401529354,-0.579645749,0.852902495,-0.679395915,0.01467047,-0.045191626,-0.423447801,-0.019904576,0.396204707,-0.146749776,-0.346908036,-0.189835017,-0.053406397,-0.417128163,0.317822436,0.914531067,1.097942632,0.625177233,0.888273263,1.431678004,0.58727207,-0.405090054,0.767302026,-0.445196856,-0.301143964,0.121098628,0.024189716,-0.020849902,0.04450098,-0.332631403,0.182073542,-0.421332499,-0.394235692,-0.151720155,0.050814035,1.34972884,-0.011276939,-0.643930081,0.11888584,-0.265561172,0.224364115,-0.112512176,1.024392133,0.509887261,0.000968164,0.295854562,-0.251160713,-0.220578836,-0.745616784,0.035000724,0.235356674,-0.138649381,1.04339661,1.0122017,0.392950613,-0.205456351,0.36091457,-0.101155516,-0.51094664,0.668505085,-0.592945282,-0.680271834,-0.442336485,-0.418848033,-0.350433596,0.040533435,-0.667083638,0.749168639,-0.548108317,0.210075035,0.048983004,1.987788961,0.475316169,0.331004176,-0.239136171,-0.566678801,0.605672621,0.002392012,-0.51611379,1.347391384,1.005528228,-0.199163796,-0.430041711,-0.05253975,0.034482677,0.15374814,-0.577586896,-0.163569418,-0.329306931,0.360209145,-0.141017137,1.190511087,-0.687446469,-0.334251533,-0.362906601,0.117510472,0.064752363,-0.303072521,-0.121501599,0.273797823,0.200068508,-0.313679931,0.20052867,0.839326036,0.127251242,0.108485662,0.031154245,0.314242807,-0.75423965,-0.399516116
7Networks_LH_Default_PFC_24,1.781889253,-0.796587823,-0.560229934,-0.706149965,-1.971331515,0.213100855,-0.082063317,-0.384033836,1.125309418,0.43871256,0.349514516,-0.823021502,0.211481185,0.924383705,0.343226587,-0.514112459,0.172075895,-0.015651906,0.257888184,0.747705628,0.118746136,-0.136384802,-0.263883077,-0.660314156,0.437267301,-0.82922698,0.255767647,0.079955089,-0.177158108,1.959315584,0.919151183,0.969223506,0.806557825,0.448991831,-0.003420494,-0.335218792,-0.522811651,-0.732012062,0.747625359,-1.194226438,0.459289168,0.149092094,-0.024386934,-0.010407986,-0.723266302,2.136783078,-0.785668736,-0.231978247,0.316254407,0.430853124,-0.767620883,-0.029844104,-0.807532294,-0.090060512,-0.251326064,0.857392351,-0.021494523,3.928208254,1.237371703,0.304117363,0.935660555,-0.256767486,-0.922187703,1.273621376,0.053670214,1.081984607,1.418111322,1.185835596,0.767854594,0.275532451,-0.635451455,-0.495842687,0.938195604,1.768814235,-0.343109298,1.574592322,0.192209562,-0.711735876,-0.301020911,-0.409557893,2.121068564,-0.637946453,-0.128762942,2.909494959,0.813231483,0.979458716,-0.37084691,1.611465931,-0.499769772,0.289423369,0.542424826,-0.223947731,1.840534235,0.057983626,0.565500558,-2.159580698,0.668736383,-0.888975614,-0.096494842,-0.200309394,0.454697589,1.787351429,0.306054473,-0.217213945,0.163060846,-0.113909112,1.641309937,1.455952158,1.376872927,-0.960863025,-0.422911986,-0.178923368,0.208816193,-0.21966242,-0.51214593,0.52263099,-0.242802626,-0.240579808,0.471114873,-0.132231721,-0.288664094,0.062353493,1.242335119
7Networks_LH_Default_pCunPCC_1,-0.730997295,-0.942953882,0.518302721,0.349890829,-0.582260316,-0.630119957,-0.35110214,-0.497955379,5.185281667,0.276565851,-0.244231138,-0.158205145,0.130597669,-0.818210867,-0.088174209,0.531349543,1.851866147,0.091308973,0.21813009,-0.054818338,0.707572755,0.421402542,-2.184018311,-0.840037947,0.352290786,0.406918946,1.001034077,0.052454906,1.032655145,0.897591493,-0.398082863,0.807292924,5.666096707,0.114251974,0.260351312,-0.345864508,-0.227590286,-0.575242166,1.380394354,-0.990325543,-0.438962635,-0.108495965,-0.53652873,-0.220393969,-0.080216603,1.431513196,-0.152073695,-0.675422906,-0.00619316,-0.881618542,0.521700033,-0.35255726,-0.643570466,-0.005439357,-0.63722504,0.772420312,0.083707454,-1.103141647,-0.546231904,0.488463469,-0.130195783,-0.653756332,0.339775104,-0.410334309,0.481013101,0.633350906,4.793675061,4.08460321,1.784589011,0.470025631,-0.017088385,-0.622165285,-0.441948907,-1.767293799,-0.600319906,-0.760166167,3.532217185,-0.575360264,0.019005986,-1.616240437,-0.414712612,-0.801306848,0.067857026,-1.244562528,0.655860753,3.498387241,0.027262986,-0.736428451,-0.293747727,-0.557689535,-1.331039578,0.306259733,3.956019314,-0.322178962,-0.27480274,0.015585472,0.459944874,-0.041822977,-0.521320813,-0.16448471,4.344912806,0.591196872,-0.185679367,0.607263633,0.218998648,-0.361500809,-1.016992803,-0.590782724,1.925984344,0.145219721,-0.341964812,0.521835842,1.072470829,1.938330805,0.009861668,-0.359635172,0.046527876,0.591655192,0.447348532,-0.390056575,-0.55104253,-0.742897653,-0.161401108
7Networks_LH_Default_pCunPCC_2,-0.476157755,-0.744218411,0.521649355,0.572840162,-0.233698091,0.431907481,1.050949614,0.522684047,4.867014765,-0.307056042,-0.37952908,0.549191696,0.296815276,-0.969086897,-0.100919136,0.428587696,0.560717105,-0.497051461,0.643613615,-0.730730205,0.333154552,0.556814219,-0.880263408,-0.42926576,0.052923201,-0.539289275,0.554226957,0.793037388,0.125529683,-0.093318324,-0.355410278,1.05623337,4.341657932,0.325938157,-0.151928903,-0.388295186,-0.495008915,-0.668786233,0.8875782,-0.228006973,0.100993622,0.240040088,-0.758626588,-0.328687163,0.277453816,1.372533357,-0.479652358,-0.300320601,0.884414974,-0.830397479,0.368720365,-0.151169472,-0.844643132,0.557565579,-0.199182436,1.36240365,1.098628166,-0.604876655,-0.29864964,-0.106392912,-0.236042262,-0.678956018,-0.522741421,0.921004709,0.977519506,0.686849337,2.954658163,3.442986027,1.774683235,-0.073180162,-0.384681399,-0.83848773,-1.087903639,-1.341290698,-0.913405001,-0.134997689,3.080024128,0.431878319,-0.257141805,-0.533131712,0.102674061,0.315746716,-0.394903352,0.185904229,0.290855258,1.657137797,1.394274597,0.402014696,-0.314387007,-0.665773777,-0.777981206,0.484916951,4.2748735,0.780271828,-0.281364591,-0.538795536,-0.191477013,0.928968608,0.172240022,0.137791529,2.435192873,-0.002505108,-0.287209555,0.291737375,0.203254489,-0.451635843,-0.054348746,-0.345605859,0.432567945,0.660389695,-0.497826871,-0.425549857,0.594818106,1.688527878,0.685739536,0.275486965,-0.447128429,0.199706658,0.107296325,-0.332202424,0.162204107,0.009431172,-0.339635425
7Networks_LH_Default_pCunPCC_3,-1.102184226,-0.830863999,-0.155435804,-0.41474085,-0.001452557,0.163984652,-0.031053129,0.451653554,5.449007015,0.483613867,0.139477093,0.540529056,0.043704257,-0.163528683,-0.404519954,0.465113887,0.525982113,0.518935029,0.384263608,-0.65463393,0.711335108,0.753977253,-0.961493329,-0.071772543,0.633227307,0.333335937,0.369644713,-0.364350659,0.929504135,0.285148409,0.872826835,0.582444902,4.253340035,0.194071019,0.192718734,0.431300335,-0.011102825,-0.725241363,1.472749236,-0.207955305,-0.522169008,0.15624916,-0.978258053,0.619954237,-0.100323283,-0.191481256,-0.590215625,0.648313874,0.638748593,-1.258042272,0.360791729,0.225684288,-0.959976866,0.463812681,-0.768990722,0.48282541,0.677272623,-1.363729396,-0.829464296,-0.701257984,0.106395645,-0.942337287,0.117477978,-0.195713752,0.143782316,-0.2746696,4.117047006,4.571191207,0.244330957,0.435170556,0.090825704,-1.220097944,-1.314683498,-2.24647888,-1.152771126,-0.764572328,-0.494680309,-0.771475227,-0.367830453,-1.659149339,-0.935829366,-0.730860589,0.08619782,-1.245623543,0.650540514,0.710404625,0.340350774,0.302759385,0.11276951,-0.57666041,-0.473294338,0.447665004,4.496169907,-0.06951793,-0.170863339,-0.563487617,-0.182185715,0.941486792,-0.128190876,-0.466264062,2.834506896,0.297652697,-0.796347344,0.701743097,2.823019397,-0.723938039,-0.778331764,0.101421638,1.123977916,1.413548464,0.077843121,-0.513053397,0.726768137,1.780833532,-0.085951332,-0.410072159,0.4923412,0.813606145,0.102006543,0.472998798,-0.629732393,0.076749928,0.703969573
7Networks_LH_Default_pCunPCC_4,-0.345480744,-0.947647185,0.38697148,-0.954006268,-0.191892725,-0.488220427,0.317119703,-0.350197908,1.256371819,-0.225374653,-0.849245172,0.982085816,0.461521409,-0.700816491,-0.501226888,0.476258004,0.684624958,0.610987463,0.347067163,0.035817947,0.405776487,0.221559972,-0.076059361,0.067037482,0.120758128,-0.657085381,0.113634491,-0.552144132,-1.078440588,-0.559944941,-0.228390536,2.478402353,2.099164024,-0.455923601,0.8351898,0.048220448,0.482258014,-0.714591439,2.400035739,-0.834936359,0.340223341,-0.286019384,-1.142519177,0.274838714,-0.553384761,-1.140424161,0.065268772,1.302420056,-0.630565834,-0.802049812,0.463872631,-0.192430928,0.60858222,-0.511950555,-0.327112719,1.246691027,0.899850141,-0.371154,0.728448038,-0.507353249,0.317974513,-0.683604831,0.763723884,0.564312472,-0.421050306,-0.030565507,3.357914841,2.009129283,-0.633557322,0.22063708,0.130386206,0.647149289,-1.034980802,-0.714446363,-0.720256622,-0.151537916,-0.08622019,-0.297158813,0.11870624,-0.410115102,-0.92541137,-0.505644766,0.615587516,-0.254418667,0.671712868,0.771014365,1.622157308,-0.52765121,-0.403065564,-0.026091449,-0.509873154,0.897186952,4.158174274,-0.477757656,-0.751835533,-0.308644351,-0.325586735,0.350679175,0.237836035,-0.743192447,0.787907598,-0.111965913,0.008948111,0.898673413,0.327678623,-0.437552046,-0.42156222,-0.512061536,1.082440571,0.325405273,0.090069121,0.536147868,-0.213381986,0.701332528,-0.83225396,0.266846217,0.209730171,-0.117719243,-0.286494718,-0.356437948,-0.135567835,-0.673472706,0.366929404
7Networks_LH_Default_pCunPCC_5,-0.063038533,-0.656862229,-0.684892976,0.156170242,-0.537406605,0.565413429,0.932684889,0.109526923,2.189134716,0.506515476,0.625824064,0.226652916,0.524565881,-0.493696095,0.163662004,0.567931473,0.564489659,0.406503703,0.311913151,-0.466419676,-0.21018178,-0.260303798,-0.420343963,-0.292208467,0.596378048,-0.950455353,-0.223889021,0.104447771,-0.379701366,0.227367392,0.189630374,1.276559392,3.578077643,-0.090948487,0.168635382,-0.0501376,-0.664411435,-0.082526679,0.388819228,-0.936845246,1.082326966,-0.107283683,-0.8472591,0.482680938,-0.101829767,1.186677833,-0.583288669,0.23272076,-0.01212083,0.001439011,0.15725558,-0.030792176,-0.032047963,-0.536375471,0.006079204,0.306711159,0.748556434,-0.493694259,0.511104998,0.25542231,-0.469324669,-0.04887725,-0.635573635,1.335595657,2.138005101,0.722328601,3.084481917,3.734463113,0.492865746,1.366314381,-0.330436333,-0.985434423,-0.601598752,-0.829137971,0.42514467,1.209791146,1.53981694,0.202516824,0.206868063,-0.933611674,-0.202802745,-0.148699918,0.936890269,0.706489263,-0.257889359,1.401758002,1.65459589,0.29919982,-0.510050282,0.103000622,-0.074661973,-0.206523327,4.757366928,-0.000450192,-0.679137699,-0.5374771,-0.242374263,0.848138154,-0.160876517,-0.608356924,0.759629829,0.909851321,0.20031549,-0.591236277,0.03278549,-0.326189339,-0.255997682,-0.120272207,0.082193763,0.585979932,-0.319678298,-0.283294119,1.080749301,0.884570591,0.446314162,0.040080315,-0.775159301,0.541340831,-0.006130621,-0.174993166,0.241432785,-0.79268747,-0.580314374
7Networks_LH_Default_pCunPCC_6,-0.942670694,-0.886913187,-0.413776434,-0.510443662,-0.052762424,0.477116887,0.247291726,-0.462211367,4.636804905,1.135555142,1.953278101,-0.862333644,-0.12858836,0.837176382,0.395139156,0.59874427,0.376759221,1.082622586,0.293158644,-0.468383383,0.424645586,0.279601688,-0.845700305,-0.728925397,0.356050249,-0.311217783,-0.353553671,0.367688414,1.146777618,0.682518471,1.84269912,0.197520888,3.701595707,-0.395029308,0.888731764,0.458106833,0.104244831,-0.626097311,2.021294178,0.054775215,-0.097496949,0.374387735,-1.104026762,0.309352259,-0.325516562,0.304334089,-0.84455775,0.291969307,0.559502676,-0.730106787,0.100633793,0.280498702,-0.251375068,0.760606413,-1.059069602,0.799388076,1.82369349,-0.495966011,-0.05479482,-0.74038493,-0.439973728,-0.883326955,-0.411410088,0.040521939,0.457343321,0.122637106,3.05927655,3.852409269,0.2989767,0.081017651,-0.137472066,-1.079890881,-0.358230441,-2.164737484,-1.000245911,0.108764377,-0.255187168,-0.526113832,-0.046344096,-0.870184404,-1.131957115,-0.117451055,0.89690006,-0.537655274,1.688218068,1.814671148,1.108847229,-0.474775783,-0.83441747,-0.657798548,-0.284732892,0.363593015,4.676340683,-0.898985978,0.012164083,-0.137934881,-0.085520763,1.027700496,-0.218903906,-0.878213938,2.008362591,0.225383047,-0.180787765,-0.020117062,2.756992257,-0.929856769,-0.883835169,-0.298561164,0.986456446,0.528320672,-0.781109923,-0.090050073,0.734198649,1.092482011,0.163656977,-0.09847566,-0.05380321,1.121980568,-0.176581852,0.26374114,0.164697739,0.121127073,-0.487027996
7Networks_LH_Default_pCunPCC_7,-0.737633708,-0.631639264,0.189078394,-0.754405149,-0.044633605,0.128546397,0.601639538,-0.594554699,2.361220465,0.466832401,0.836007616,-0.613486058,0.077068631,0.901213307,-0.682999116,0.610157695,0.34861378,0.359908013,0.915978107,0.177195933,0.520032488,0.739148405,-0.735375765,-0.228228524,-0.317671873,0.249170357,0.612799962,-0.274395775,-0.420514131,-0.5185693,1.10842059,1.080973063,2.8527123,-0.040428486,-0.150316086,-0.324975331,0.267770414,-0.636983024,1.761300903,-0.920352168,-0.243287969,-0.107756408,-1.008869018,1.708333456,0.299038388,-0.053501429,0.174776991,0.41305473,1.237899887,-0.611357948,0.585477574,-0.210885742,-0.181570314,0.581442319,-0.552524725,0.466159516,0.622943836,-0.491824731,-0.025445045,-0.417916788,-0.141125373,-1.088373476,0.334269102,1.105326499,0.327564852,-0.114902765,3.428930331,2.989640805,0.227257519,-0.025177673,-0.221717063,-0.458616952,-0.601230183,-1.341921105,-1.01050131,-0.479624351,0.11845598,-0.316538077,-0.077752013,-0.955374777,-0.275374084,-0.557129285,0.067012266,-1.139657498,0.893882721,2.047124623,1.925604304,0.504178825,0.313389058,-0.576702432,-0.143944822,-0.45980116,4.401225586,-0.564152006,-0.352019167,-0.240158432,-0.034840188,0.304874232,0.446028836,-1.003261545,1.480689367,-0.420357904,-0.567197713,0.340084564,1.345169098,-0.781769582,-0.651431378,-0.902545346,0.722953619,0.029049781,-0.49249653,0.290583011,1.27372582,0.782394521,0.393733919,0.153055113,0.732977855,0.090168676,0.299308043,0.263354816,-0.378198846,-0.424950714,0.715993169
7Networks_LH_Default_pCunPCC_8,-0.506838994,-0.940887893,0.41708112,0.435681684,-0.424216918,0.889710501,0.67223752,0.14771583,1.39869219,0.236376619,-0.558814874,-0.503536171,1.130252182,-0.379874961,-1.030808176,0.815015289,0.138254938,0.424389252,1.276116822,-0.256233058,1.16367707,1.257716268,-0.439334344,0.409773716,0.291789333,-0.418379635,0.627209587,-0.127598506,0.195414036,0.270038394,-0.105068995,0.864117754,2.74655392,0.250195292,0.581555805,-0.587319361,-0.303500797,-0.406162651,1.554061582,-0.538005308,-0.014626989,-0.363341311,-0.732354024,2.050991201,-0.355313085,-0.379220252,-0.095492531,0.228416341,0.331453853,-0.727135531,0.154850916,-0.596443545,-1.025174143,-0.24987,0.463484347,0.370550505,0.43162304,-0.148556207,0.212049398,1.452026897,-0.77515459,-0.823288807,0.943300428,0.677698273,0.234043548,-0.07447978,2.943789586,2.751031327,-0.269604511,0.714436173,-0.248513119,-0.702350429,0.579346157,-1.109691293,-0.736454555,-0.4182656,0.320989589,-0.844015048,0.476496403,-1.716539907,-0.188796893,0.099070989,-0.487551124,0.245541524,0.47455355,2.39153805,1.711174049,-0.615579454,0.662695504,-1.019304598,-0.315326728,0.387567214,3.564626329,-0.228771296,-0.590394754,0.014893383,0.470467576,1.101785778,-0.23132368,-0.61517697,1.272761606,-0.201622491,0.894053874,0.494539842,0.153640281,-0.187044007,-0.527702557,-0.737226368,0.797167318,0.271410147,-0.058289877,0.022933945,-0.077038985,1.382233412,-0.363183485,0.536750441,0.06280564,0.64503047,-0.266841646,-0.393443946,-0.074264752,-0.000302788,0.104066936
7Networks_LH_Default_pCunPCC_9,-0.49443083,-1.121170658,0.277175716,0.94880747,0.348578249,0.270773203,0.124617555,0.250293288,1.379170053,0.055983963,-0.012643994,0.365793312,1.459184746,-0.682038436,-0.72810639,0.397823013,-0.122431582,0.807648237,0.308464221,0.310780883,0.226314743,0.107891717,-0.258503687,-0.179267153,0.840878832,0.017827536,0.178124305,-0.28964589,0.877851693,0.956355092,0.844101999,1.351468491,0.848320703,0.225341961,0.524660753,-0.431772315,-0.17977617,0.557244064,0.934053851,0.019111979,-0.076047545,0.332608363,-0.282064033,0.180348017,-0.743492139,0.413871092,1.064108854,0.654854651,-0.063333593,0.582271271,1.084286701,-1.015788548,-0.684015192,-0.624936374,0.205153532,0.94622578,0.572634182,-1.068720335,-0.680454136,0.260023646,-0.430193548,-0.082077266,-0.093487162,0.981434186,0.001251445,-0.807861187,1.29727416,0.837390578,0.075151647,0.780250104,0.391309744,-0.558391394,0.135661354,0.58524532,-0.641347525,-0.229493301,0.68632005,-0.728383399,3.160317167,-0.167436597,-0.549082037,-0.586986754,-0.201281324,-0.55406487,-0.364464412,0.024281027,1.279038595,-0.406092489,-0.07906466,1.194695081,0.151576014,0.558331556,1.717970107,0.111175341,-0.854489075,-0.612835271,0.798029661,0.251350887,-0.379914179,0.042172297,0.338553541,0.240149039,0.922376343,0.513805693,2.159420697,-0.184848088,-0.365909543,0.243275754,0.355352158,0.900712766,0.055820282,0.240830069,1.586627189,0.207815533,0.045102177,-0.523289189,-0.346686743,0.626069819,0.093944382,-0.295820465,-0.305562448,-0.413192325,-0.103863599
7Networks_LH_Default_pCunPCC_10,0.160876145,-1.136142899,-0.523903402,-0.490422085,0.178637742,-0.342447682,-0.147415254,-0.068911448,1.585947424,0.108131347,2.432883584,0.388244672,0.858507789,-0.341824294,0.721347667,0.491173112,0.721400206,0.428446467,0.189000752,0.392641797,0.008599177,0.260238491,0.511045617,-0.460990677,0.656673384,-0.731962904,0.543358516,-0.634174168,-0.658007959,0.595506465,0.022336282,0.35896195,3.640374912,0.827312392,0.63023434,-0.803609835,-0.522071198,-0.76036757,1.13075116,-1.381820387,0.571081639,-0.195346621,-0.581075793,0.681136015,-0.4835827,1.421437555,-0.576785015,0.630184232,0.548430813,0.596358284,-0.005286711,-0.508981018,-0.024296711,0.616927114,0.165947362,1.606336813,1.241567971,-0.903692411,-0.101080776,-0.090001328,-0.505058944,-0.486828844,-0.595054515,0.104475273,0.96925735,0.447840829,2.545355823,4.119237697,0.848347563,1.949607869,-0.613754985,-0.958972033,-0.065895505,-0.497562673,-0.73467333,-0.368419848,1.389111545,-0.286246745,-0.997112968,-1.441468143,-0.311410919,-0.665719727,0.840195641,0.221473405,2.111829387,2.068091423,0.725852238,-0.57656512,-0.367036419,0.897617282,0.491863719,0.837369065,4.838871199,-0.509307271,-0.879506485,-0.557300028,1.382185065,0.93865579,-0.226591234,-0.66070851,2.44753885,1.247702686,0.485719028,-0.598933735,0.804395926,-0.013897868,-0.398396312,0.037661047,1.37792771,0.045349153,-0.650319276,0.117933529,-0.161297635,1.474618149,-0.142350526,0.578709945,-0.111956845,-0.070294231,-0.254590798,0.978126546,-0.422603986,-0.357294755,-0.528322922
7Networks_LH_Default_pCunPCC_11,-0.550686739,-1.027208905,-0.235603961,-0.765195819,-0.186959204,-0.294814446,0.522872133,0.105810001,2.514366886,0.471403038,2.59929539,-0.830244571,0.153595393,-0.005585695,-0.411625922,0.160433326,0.586207845,-0.360801849,1.110714888,0.036413939,0.000655082,0.031652976,-0.479495501,-0.950591663,-0.108438588,0.055913478,0.494598185,0.116080327,0.410840868,-0.358140189,1.151199328,0.306425436,1.648117641,0.382087935,0.51113439,-0.720785726,0.434911908,-0.691453046,0.832970873,-0.595323914,-0.164218682,0.348791864,-0.780501243,0.461114268,0.091465787,0.254544743,-0.443472402,-0.450352656,1.186545575,-0.832000602,0.085605371,-0.022939358,-0.08445718,0.976140591,0.026452802,0.451498016,0.750964025,0.693177217,-0.024172067,-0.439141057,-0.014094591,-0.513501298,0.280558115,-0.15905442,0.470331849,0.739929775,1.061395521,1.319212957,0.6021393,-0.200387231,-0.193287448,-1.083594774,-0.399714659,-1.039560681,-0.412346517,-0.259619063,0.842601651,-0.283655946,0.229678197,-0.550380099,0.000415197,-0.611179913,-0.32004826,0.284117689,1.745529439,1.071133838,0.480228978,-0.632234182,-0.596183036,-0.771915589,-0.494189847,0.140586319,2.309872958,-0.94512189,-0.320326532,0.279996378,0.199985321,-0.106847364,0.162858491,-0.34753632,0.723358349,0.566258913,1.1404743,-0.152252057,1.549830517,0.449652957,-0.164238847,0.022557156,0.396714252,-0.021143488,-0.493905186,-0.169244648,-0.067630737,0.917890561,0.015345605,0.062223811,0.402757253,0.564058716,0.399029023,-0.157380675,-0.190618205,0.785537836,-0.81524419
7Networks_RH_Vis_1,-0.145157233,0.920347447,-0.155212247,-0.425481657,-0.736836821,0.268703549,-0.732746701,-0.336428789,1.867342905,-0.72481634,-0.934256098,0.971784635,-0.392916055,-0.405206518,0.713653814,-0.152259535,0.821528563,0.342145891,0.195198847,-0.376384361,-0.339808133,-0.738825026,-0.221573271,0.539935609,0.505087422,-0.372407335,-0.035294783,-0.264535667,0.330841438,0.251104344,-0.445347124,3.496893493,2.365819117,0.215008413,2.359861951,0.84750269,2.049703804,0.979827657,1.419362466,0.968679837,0.477031906,-0.870083402,0.931722697,-0.365308344,0.457413347,0.677183317,-0.725279675,-0.238247666,-0.270463228,-1.051695846,0.081909262,-0.125485723,-0.370754058,-0.66216687,-0.409029146,-0.0887431,-0.180739108,-0.177040904,0.268961415,0.987397723,-0.418688059,0.309305204,-0.535218853,0.219020317,0.231187966,0.145559518,2.724215185,0.361657708,2.177835348,-0.494614702,-0.700648863,-0.089856967,-0.582731194,-1.209620764,0.491035828,0.297969285,3.395671703,2.270955479,-0.66505198,1.48043745,-0.370446729,0.598997455,-0.32099394,0.522905679,-0.212659254,1.784403027,3.76300229,-0.110454507,0.360634386,-0.446874243,-0.162737214,0.337088514,1.438067178,0.144236333,-0.499509063,-1.306551185,-0.413765579,-0.254305096,-0.072910442,-0.286002639,1.892075786,-0.327706928,-0.042462245,0.124176604,-0.220136351,-0.656710269,-0.155303728,-0.860959384,0.227171887,-0.158315474,-1.002763068,-0.353692159,0.030283054,0.667827449,-0.450455699,0.307302053,-0.148994807,0.260010708,-0.76017964,-0.299422823,0.242829889,1.093831906,-0.927099596
7Networks_RH_Vis_2,-0.267540311,0.440897579,0.085479478,0.114311088,-0.087438982,0.559910956,0.110072243,-1.06413213,4.035083153,-0.469468599,-0.695683633,0.355984137,-0.230727345,-0.419734905,-0.089290241,-0.387430692,-0.035376994,1.715458227,0.789445612,-0.92263941,-0.169234961,-0.489701911,-0.885877117,-0.151065803,0.636931516,-0.484639504,-0.411757784,0.171076556,1.261587158,0.752613783,-0.458537017,4.539589545,4.88122372,0.458782041,0.808394277,1.237871394,0.520528021,-0.222302426,2.510229423,0.726836896,0.536661998,-0.57769458,0.525079292,0.161853348,-0.099564153,0.900756714,-0.377064166,0.135424302,0.055159942,-1.053838709,0.517891068,0.423990377,-0.588275076,-0.364878828,-0.677462547,-0.59046059,0.91572453,-1.135039156,-0.064281271,1.201259577,-0.513461044,0.199196559,-0.378891735,0.392027391,0.759335862,-0.333377861,5.459718794,2.263674541,1.90571961,-0.247363398,-0.311590016,0.210209784,-0.628347038,-1.668024945,0.463368745,-0.314193338,6.153321609,0.643425272,0.069384754,0.251530842,-0.319346215,-0.061029611,-0.603372185,-0.788688284,-0.216353237,2.595491006,2.745180547,-0.04715327,0.363015609,-0.651953165,-0.311733721,0.456320661,3.85114415,-0.167445829,-0.353888471,-0.995701815,-0.496521898,0.147467185,-0.277450968,-0.840424939,3.546563334,-0.710093712,-0.345327087,0.945572743,0.023204393,-1.098696581,0.033685792,-0.728994395,0.01066341,0.585888572,-0.266815834,0.473970735,-0.083647498,0.688995596,-0.230103387,-0.147784417,-0.033325441,0.862207552,-0.35211549,-0.219032118,-0.448322069,-0.215856688,-0.528314817
7Networks_RH_Vis_3,0.624525805,1.767850806,-1.238176016,-0.06589512,-0.815907976,0.129309881,-0.925295825,-0.010263884,0.124060962,-0.723900475,-0.95939038,1.603783206,-0.531206451,0.234419498,0.631745109,-0.260900853,1.196309534,-0.286718888,-0.291717867,-0.084124448,-0.740608777,-1.180536194,-0.210391354,1.685317391,0.343268149,0.154184726,-0.393323743,-0.596464617,1.167655852,-0.163783316,0.46492794,3.598558972,0.706028721,-0.020986417,2.036129578,-0.149935896,5.783476668,2.321906959,1.36430424,0.89321037,-0.123290698,-0.13293833,2.098496187,-0.304762523,-0.898332545,0.116206109,-1.080331039,-0.012020943,-0.481503343,-0.997450179,-0.569420649,0.274096225,-1.307888673,-0.311529984,0.755571922,0.154960645,-0.327717884,0.2326002,-0.955793966,0.137915892,-0.738121839,-0.408607168,-0.79602767,-0.319669617,0.279876051,0.36572085,1.366598843,0.549881001,-0.384988123,-0.404941056,-0.811345872,-0.489479511,-0.422222042,-1.630224881,0.923236066,2.009556658,2.035773213,2.765365153,-1.396468657,3.371150134,-0.042757411,0.732733321,-0.669100908,1.555910452,-0.642116413,0.047218059,5.146591978,-0.093272448,0.628861243,-0.331358587,0.020051066,0.113626949,1.726537382,0.314640597,-0.536375209,-2.01219006,-0.775563852,-0.82513723,-0.267481928,-0.653924711,0.267384114,-1.13373917,0.443417375,-0.697216529,0.840945105,-0.123747994,0.19958342,0.00247843,-0.558902922,0.067227991,-1.62442399,-0.466193331,1.125163874,-0.567614202,-0.870414289,0.341542451,-0.938842056,1.502110068,-0.705254292,0.33740712,2.027229281,1.224884312,-0.132513879
7Networks_RH_Vis_4,0.181342768,0.877370083,-0.311558184,-0.670686724,-0.793341323,-0.251765136,-0.518914065,0.627554901,-0.049720314,-0.278834137,-0.096610617,0.739281612,-0.471085146,0.428187874,1.566644311,0.469867691,-0.018311099,-0.027546841,-0.299956769,-0.338723588,0.26400543,-0.818082058,-0.08662339,1.177023624,-0.133881539,0.531830912,0.301907761,-0.784275661,0.690368192,-0.298397055,-0.224672163,1.927178592,0.260780093,0.254619194,0.372012386,-0.044488683,3.304758152,2.047525086,0.611655363,1.431785721,0.114279889,0.135276908,0.638204655,-0.392422828,-0.944794665,0.289929419,-0.682125441,-0.074014132,-0.429515833,-0.801099251,-0.173781337,1.009891268,-0.605830969,-0.381409611,1.324570916,0.135137126,-0.072660108,0.897177647,-0.863004926,1.134568251,-0.782281864,-0.708609414,-0.721268,0.031257439,-0.167429622,0.106494545,0.998203562,-0.196170895,0.513440248,-0.150699601,-0.731326391,-0.708766738,-0.519156995,-1.141700731,0.324525623,1.555237657,0.949503803,1.687491509,-1.758609611,3.764180183,-0.037098741,1.323304985,-0.026744096,3.155232051,-0.083320648,-0.348044431,3.139882532,0.257610797,0.991454438,-0.860269272,-0.035198062,0.915694664,0.837483023,0.07389817,-0.397391312,-2.000358228,0.103801185,0.053596169,0.514089656,1.062799839,-0.291795412,-0.998085393,0.111698031,-0.097660718,0.159062528,1.241542652,-0.48336549,0.127067251,0.07924816,-0.320763396,-1.730804257,-0.625855159,0.992304214,0.395466485,-1.283434604,-0.31615178,-0.903407749,0.027929891,0.526118225,1.230566306,2.661706321,0.376845188,0.280753659
7Networks_RH_Vis_5,0.011647353,0.406716426,-0.356961665,0.710001739,-0.101073036,0.136970682,-1.110473326,0.354320507,0.503422781,-0.17017511,-1.035763394,1.480882556,-0.358491444,-0.555088931,0.656168888,-0.852346018,1.218339156,0.658149198,0.399093732,0.479181414,-0.318002364,-0.341034608,0.143238479,0.726215491,-0.282964253,-0.131350706,-0.058545008,-0.383696903,0.360602885,0.79570668,0.023821003,3.64066177,1.828484643,-0.541611068,0.97827194,0.79039932,1.259029074,0.476404293,1.377477538,0.739136268,0.83841891,-0.277026233,0.980277229,0.010677743,-0.627636965,0.171809717,-0.31656209,-0.519349174,0.30420463,-0.593439093,0.792295843,-0.429514764,-0.206534512,-0.439882271,0.063630984,0.833312945,-0.566195712,-1.016382331,-0.339312958,0.134212051,-0.987292209,0.06217787,-0.72955675,-0.058221556,0.182325244,-0.248474857,1.935404102,-0.040532427,0.321033926,-0.383354634,0.027740226,-0.826766222,-0.813120171,-0.752374462,0.704247691,-0.10040135,3.588530675,0.641897959,-0.541084802,1.191354372,0.260391409,0.241382022,-0.298160656,0.132562183,-0.2661181,0.697513692,2.149026342,0.10424954,0.425777878,-0.374024005,0.05081417,0.660422186,1.317788688,0.28627141,-0.010064792,-1.159413774,-0.436055958,0.026410885,0.008973692,0.08899232,0.892688195,0.057469141,0.241608492,0.133575901,0.386078237,0.186715892,-0.109713443,-0.27534813,0.034193456,0.261835136,-0.609402723,0.081880858,0.838553316,-0.071725621,-0.311563287,0.274263512,-0.410587914,1.011275907,-0.599863601,0.682896446,1.764714171,-0.093480324,-0.360235395
7Networks_RH_Vis_6,0.421083035,-0.228785639,-0.1481281,0.076898576,-0.005318091,-0.35624473,-0.575985796,1.071007691,0.087110183,-0.440590162,-0.002954157,-0.122682488,-0.334145373,0.195546838,1.433847743,0.414021062,0.794631174,-0.069185919,0.290017332,-0.026435061,1.139629078,0.430637692,-0.007662305,0.335822272,0.188946167,0.946545533,-0.133495696,-0.246897576,-0.235640716,0.119601462,-0.257924325,1.814451415,0.362818461,0.188883944,0.919018576,0.374661988,0.399768779,1.040048174,-0.224845728,-0.01245528,0.839938376,-0.45064547,0.913544922,0.385906111,0.031038537,0.442359048,-0.030104874,0.266282748,-0.450695371,-0.542621428,0.453325943,0.632555275,-0.196959852,-0.417097109,0.546710838,0.504804877,-0.994128036,-0.324937815,-0.760467713,0.6389977,-1.038746448,-0.290256794,-0.067130426,-0.002776332,0.475089662,0.039662084,1.013990129,-0.396690077,0.474531616,-0.110002861,-0.186787994,-0.815777055,-0.14824291,-0.241666492,0.689126094,1.119505506,0.927815313,0.59688675,-0.738327032,1.226629742,0.550246206,0.307509018,-0.249556812,0.903721645,0.025468104,-0.199974522,1.210665494,0.58169752,0.565886584,-0.35586473,0.828450387,0.602411371,0.579826673,0.171087949,-0.564805151,-0.957380025,-0.446345392,0.452657566,0.768580187,-0.070898985,0.082309666,-0.602050708,0.392574181,0.470360552,-0.640780127,0.601907729,-0.493285965,0.43913656,0.086883257,0.046399074,-1.101159576,-0.549379132,0.672990151,0.223159888,-0.392870897,0.004400158,-0.370129355,0.027469658,0.43124759,1.258805246,0.987335188,-0.102055321,-0.126293773
7Networks_RH_Vis_7,-0.917742649,-0.187202424,-0.345221952,0.641355272,-0.380150875,0.648111213,0.819420685,-0.652439158,4.175447204,-0.02589153,-0.598710341,0.688069993,-0.87850229,-0.128698495,-0.709655752,-1.066278968,-0.05211582,1.272259598,1.136346212,-0.379668552,-0.69816028,-0.714747956,-1.054093764,-0.317229624,0.892926825,0.41270987,-0.906401788,0.820883116,0.218001021,-0.285188664,-0.839178459,3.568719527,3.581658654,-0.29820264,-0.694340069,2.482665411,0.043478288,-0.077801995,1.513815957,1.147361139,0.673055611,0.397917017,0.745431932,0.020318916,-0.892028445,0.003774695,-0.708161908,0.031977572,0.16956441,-0.414644065,0.102588562,0.394578198,0.546098224,-0.561046205,-0.185634436,0.085507683,0.648564119,-0.650831229,-0.041994328,2.178713056,0.178585594,0.365423161,-0.971177255,0.326684418,-0.231234545,-1.047609594,4.765353641,1.700395458,0.323337838,-0.761087958,-0.086998004,-0.541840689,-0.788857088,-1.21498029,0.303256788,0.214850413,4.623879035,-0.62420219,0.331486918,0.165456908,-0.113791468,0.479091057,-0.654278339,-0.388539873,-0.457659072,3.981687534,1.498544966,0.565143852,-0.445393757,-0.617186145,0.006288241,1.472115372,3.896781183,0.224061821,0.43008457,-0.868871245,-0.694680975,-0.207081431,-0.332085441,-0.060390529,2.498967889,-0.630335224,0.351879776,0.110342314,0.609253992,-0.499437256,-0.682405297,-0.413980852,-0.410720686,-0.278505509,0.327262901,-0.153722063,0.025575956,1.402216878,-0.398651915,0.617400058,-0.190583216,0.380263115,-0.591220488,0.348106984,-0.266727674,-0.352853419,-0.302151128
7Networks_RH_Vis_8,0.143426263,0.026676444,-0.352486527,0.349249716,-0.620284683,0.100339855,-0.215486037,-0.583872427,0.949986092,0.35567375,0.278311428,-0.22837757,-0.766712993,0.448831585,0.942593218,0.139265633,-0.446685089,-0.967821877,0.513651176,0.525654494,0.695113105,0.149354535,-0.385787577,0.225907041,-0.230103728,0.571218808,-0.088385574,-0.258127311,0.390435773,0.02102905,0.265307689,1.412424512,0.50403741,-0.192879013,0.05342338,0.159147295,0.133632025,-0.092314759,0.400665198,0.284162696,0.810267981,0.046828219,0.754197835,0.141103889,0.295456546,0.469136729,0.243447682,-0.008132957,0.325818905,-0.570983365,-0.197550162,1.223341879,-0.883576125,-0.766643855,-0.39766194,1.025030684,0.139907088,1.140245546,-0.091411537,0.259780402,-0.41213333,0.119566403,0.43033905,0.474831725,-0.121236043,0.543417879,0.469454454,0.790840582,0.202361871,-0.256806263,-0.170728415,-0.897807469,0.203271106,-0.591451726,0.08258428,0.17801502,1.21831987,0.294394358,-1.128459131,1.086902419,0.989712036,0.434283138,-0.78902133,3.856171488,0.058394069,-0.31855651,0.481311193,-0.605282443,0.305831243,-0.988847701,-0.2248793,0.446639315,1.376412628,0.401866065,-0.163646889,-1.07341728,1.435091392,-0.331640521,1.080401024,-0.718135385,-0.042799493,0.125476739,-0.300232447,-0.241465831,0.027720459,0.20978994,-0.296500098,0.353511049,0.105787064,-0.943034876,-1.595413225,-0.642680763,-0.267056774,-0.691607308,-0.420026355,0.982537782,-0.788923494,0.20840832,-0.001461714,0.939530423,0.271988175,0.502481354,-0.538480911
7Networks_RH_Vis_9,2.09105373,0.848729527,-0.668159834,-0.517285127,-0.616449262,0.337754236,-1.263369992,1.147776981,-0.269603228,-0.524562019,-0.492621363,-0.422601689,-1.107660631,0.484065381,0.334453015,-0.12782278,-0.14611979,-0.00645515,-0.293126405,0.253148655,-0.49354178,-0.604573088,-0.811508367,1.208119622,0.260036694,0.032622356,0.188301673,-0.313227121,-0.249554432,-0.723142525,0.618408094,1.412516582,-0.360752929,-0.083197482,1.369479964,-0.233784449,2.621375011,1.08593462,0.719428887,-0.235792759,0.948456429,0.387126624,0.943960462,0.80604112,-0.581304313,0.998816642,-1.07997019,-0.354326761,-0.212717645,-0.877727131,-0.692749906,0.814311298,-0.848322934,-0.366839021,0.862663274,-0.157914823,0.620150658,0.57451755,-0.413152711,-0.279133403,-0.593167336,-0.458095482,-1.174407672,0.369555951,1.125328751,0.4515502,-0.320621685,-0.182852205,0.504801552,-0.192750072,-0.823108722,-0.682262375,0.016064022,-0.262192979,1.961256388,0.965889786,0.598084222,3.556391062,-0.560617086,3.41885403,0.262810807,0.275146231,-0.845593984,1.704139701,-0.139319117,-0.642807306,2.847597407,-0.089723289,0.376736753,-0.731001986,-0.222859964,0.908456662,0.152118433,-0.364964811,-0.259847923,-2.150754587,-0.426385325,-0.064329835,0.160893118,0.787791773,-0.225699066,-0.455230252,0.490357246,-0.737185284,-0.018639391,0.802414827,-0.957080289,-0.285658029,-0.345469824,-0.324159164,-1.230696214,-0.527848944,1.419111545,-0.216367229,-0.27759064,-0.852202236,-0.725606427,0.750281112,-0.518235313,1.515741823,3.475556573,0.314254139,-0.183375518
7Networks_RH_Vis_10,0.080680972,1.290762592,-0.720181338,-0.85301257,-0.698757172,0.592528325,-0.373338243,0.152290037,1.089405187,-0.070484787,-0.358796906,0.412003578,-0.758354385,0.317940019,0.686239013,-0.796324819,0.103204192,-0.477224703,0.918343785,-0.585698694,0.43339311,0.236072322,0.012733799,0.155164957,-0.409517194,-0.060039579,0.480277804,-0.573071836,0.755785346,-0.232945728,-0.350626069,0.99984617,0.696922266,0.252332713,-0.264998825,-0.048570139,4.068652917,0.746114731,0.875936799,1.231857391,0.147638877,0.30368376,1.080252097,-0.539027372,-1.032939256,-0.448974716,-1.020397329,0.02065584,-0.376750429,-0.604998207,-0.71520545,0.475184664,-0.470495175,-0.084850681,0.235475913,0.466863314,0.067038148,0.161458317,-0.153664538,-0.22179252,-0.844855145,0.127976591,-0.457674744,0.147848462,0.012766353,0.542615718,-0.089959664,-0.303824641,0.408666,-0.346590691,-0.27584242,-0.105527476,-0.186596227,-1.076446985,-0.182337537,0.494244333,-0.278759859,1.765576331,-1.371434351,1.991862876,-0.548515856,1.051611697,-0.296587541,2.138508398,-0.490502991,-0.452963374,3.028499978,-0.358683367,0.793722822,-0.282353133,0.350243021,0.045551822,0.601303051,-0.212441635,-0.410992319,-1.312959903,0.272766927,-0.261820371,0.007302822,0.616382609,0.341917641,-0.487279421,-0.002079097,-0.381471409,-0.078269847,0.922073055,-0.639254266,0.150995056,-0.117080823,-0.739865232,-0.912868908,-0.639874404,0.002706675,0.252978458,-0.398222853,-0.44901585,-0.930283309,1.075212204,0.195560035,0.522151827,1.783776512,0.752115303,-0.60757323
7Networks_RH_Vis_11,0.050197498,-1.20253563,-0.671666044,0.589115829,-0.318013718,1.096294004,-0.313690577,1.170505287,-0.101375984,-0.536160303,0.160478486,0.104092852,-0.794772817,-0.248652933,0.866944624,-0.389444369,-0.053443876,-0.302244158,-0.625385334,0.454784557,1.089276209,0.804108538,-0.570023734,-0.921509618,-0.116524992,0.061816967,-0.87827233,0.536630755,0.18462216,-0.2645878,-0.003591094,1.387567954,0.814391915,0.528411613,1.087284235,0.060351049,-0.850763165,-0.009369875,-0.454837045,-0.227708,2.107624794,0.575399174,1.075137146,-0.153175356,-0.309028257,0.221320471,-0.491830531,-0.319988383,-0.332462318,-0.839702751,0.244300457,-0.060255702,0.037296018,0.328168521,0.352985877,0.012070253,-0.338358904,-0.363321019,-0.847441986,0.821578988,-1.087318646,-0.811768394,-0.797337763,-0.198802401,0.22513981,0.27455518,1.151762374,-0.366054907,-0.011921915,0.077813909,-0.625187514,-0.752865702,0.2096307,1.147885863,0.186461528,0.12036064,1.681597288,0.287891107,-0.555814174,-0.13045578,-0.263809331,-0.249052517,-0.545549535,0.962913712,0.317617474,0.231403093,0.188037266,0.365756628,0.3969247,-0.272586863,0.67194995,0.383680625,0.93792361,0.587302076,0.157375725,-0.872408835,0.478109645,0.319104094,0.348772136,0.984362561,0.715002969,-0.088549659,0.758499061,-0.271736509,-0.135611654,0.561759425,-0.41260501,0.298563717,0.097397455,0.151220439,-1.027066004,-0.476113589,0.25836226,-0.106663444,-0.31147911,0.925372107,-0.081775534,0.573538146,-0.222466266,1.147940244,0.681291634,0.442319361,-0.211357096
7Networks_RH_Vis_12,-0.444343459,-0.926616408,-0.623497784,0.45028395,0.523455127,-0.162729726,-0.200767062,-0.224787135,0.460681901,-0.291775414,0.081013276,0.095904427,-0.498712305,0.076591033,-0.441951726,-0.339810404,0.459575985,0.006676393,-0.593164918,0.227535626,-0.149576641,-0.278821295,-0.587168743,0.283548875,-0.034910601,-0.491425833,-0.276313274,-0.658732832,-0.166438955,-0.19446269,-0.195207901,1.164417624,1.285534981,0.056469805,-0.14851735,1.180106284,-0.855127235,-0.560767638,-0.153996642,0.51922965,0.582625255,0.124399428,0.785499209,0.040299562,-0.109638911,-0.026841625,0.365129895,-0.21642573,0.710985754,-0.160504573,0.849147269,-0.193562771,-0.140513852,-0.157276324,0.012524834,0.103307216,-0.180546755,-0.423000839,-0.256599335,0.637363417,-0.639889018,-0.339871327,-0.489303821,0.080605027,0.489038296,0.483580235,0.997400961,-0.625134967,-0.007559398,-0.315197973,-0.078632343,-0.444466978,-0.296634912,0.117942807,-0.012078736,-0.537173264,2.274866342,0.17657037,0.188321396,0.097411874,-0.099039659,-0.14712378,-0.58484402,0.75546881,-0.391016594,1.035327087,0.586791082,-0.283607748,0.331250617,0.183476815,0.152434478,-0.157175224,0.623141492,0.656565386,0.261252566,-0.202044358,-0.30836476,0.508000455,0.099972126,-0.194140001,0.86787744,-0.282835809,0.65187656,-0.453575673,-0.294122624,-0.425092315,-0.073009776,-0.536036677,-0.031427235,0.110196197,-0.506244138,-0.246594179,0.844362347,-0.243147912,-0.481106605,0.878703422,0.400290891,0.094320046,-0.533263711,0.359410723,0.22573543,0.063980436,0.220623941
7Networks_RH_Vis_13,0.384201045,0.088002633,-0.70281061,-0.096817936,-0.78974958,-0.142764665,0.042262449,-0.565123163,0.862465189,-0.203797673,-0.304572493,0.497117647,-0.342638642,0.06649366,0.690315551,-0.042950765,-0.374900558,-0.62374439,0.059706328,0.106359173,0.745240436,0.63605798,-0.277497138,-0.050067718,-0.325179344,-0.166544221,0.283596896,-0.580221891,-0.306745816,-0.225629131,-0.269049047,0.142577699,0.564217354,0.38573298,0.579163665,-0.168970665,1.125246476,0.327595113,-0.212610281,-0.073148779,0.315600185,0.086696739,0.676895919,0.394508615,-0.281807095,0.019878327,0.078146171,-0.179045658,-0.028217559,0.163332,-0.66615979,0.743163119,-0.490961451,-0.343733264,0.078643859,1.067118322,1.043167785,1.189930415,0.099462015,0.761251249,-0.835982308,0.250595263,0.060839193,0.008753546,-0.485137672,0.629709682,-0.055923183,-0.353460669,-0.00655203,0.088116232,-0.28367323,-0.146382162,0.273456352,-0.236084869,0.147125908,0.171211339,0.990671708,0.048328875,-0.852951587,0.799535398,0.49863321,-0.218521099,-0.36367581,2.564531118,0.265003004,-0.162210206,-0.337000146,0.095124411,0.407641679,-0.006337829,-0.09089569,0.927591508,0.290444545,-0.057976579,-0.466837586,-0.474704944,0.524511517,0.124723128,0.335713013,-0.356746838,0.377429912,0.264847956,0.777059306,-0.102583283,-0.116837607,0.178319224,-0.166028442,-0.113764519,0.488700206,-1.106670172,-0.554836402,-0.453997971,0.082377287,0.33616516,0.114124992,0.691313483,-0.282672758,-0.290199791,-0.374401602,-0.31528104,0.203801834,-0.122726775,0.007998646
7Networks_RH_Vis_14,-0.3847128,-0.795918409,-0.450847676,-0.853442384,0.01921738,1.244036928,0.323330429,0.194337718,1.468562583,0.15320892,-0.411335393,0.305253265,-0.483666383,-0.655146436,-0.425149689,-0.223463691,0.763897702,0.897938274,0.765667362,-0.122939185,-0.060860803,-0.613372399,-1.074342687,0.128845218,0.311665339,0.33117294,0.467480646,-0.298358808,0.736496756,1.269389224,0.112766012,2.928452598,3.394441767,-0.148900156,-0.163932164,2.594375722,-0.061973321,-0.091991725,1.805637319,0.687692501,0.564361094,-0.479394763,0.156317748,-0.28139651,-0.324909104,0.250433326,0.23903741,-0.332475393,0.247741259,-0.117208634,0.754076031,0.233819374,-0.27534249,-0.121959043,-0.264689232,0.083577837,-0.170214448,-0.940852838,0.182150869,1.398982219,-0.62811145,0.096812567,-0.365194804,0.102109321,-0.677787328,-0.284684507,2.882402153,-0.015716225,0.318879962,-0.164569551,0.185388212,0.245574434,-0.358847834,-1.285853994,-0.293287555,-0.280784715,5.066970372,-0.365573123,-0.300527437,0.06033915,-0.215534774,-0.078007438,-0.437067025,0.278326006,-0.363823485,2.372927063,1.154067157,-0.516318577,-0.037087123,0.22285381,-0.279235643,0.437007274,1.282540116,-0.783803307,-0.541192291,-0.661721211,-0.473591905,0.173531013,0.092979708,0.364072727,0.920546669,0.222851872,0.636963899,0.037428108,-0.26100599,-0.148135702,-0.050552359,-0.613169482,-0.522810537,-0.570940221,0.73968757,-0.343420624,0.34500368,0.19382758,-0.326734267,0.167109552,-0.316561592,1.143733154,-0.847302062,-0.059536078,-0.047599413,-0.566610298,-0.107382063
7Networks_RH_Vis_15,0.340740382,-0.156312196,-0.666251951,0.088603343,-0.528672017,0.404220213,-0.278706357,0.288984853,0.165503913,0.3803379,0.041823686,0.17451409,-0.666187579,-0.043407007,0.584408875,-0.457399113,0.151477003,-0.242055593,0.311958997,0.579486526,0.829798411,0.71913528,-0.324088426,0.612090422,-0.448073464,-0.081487659,-0.219341601,0.157908635,-0.066149627,-0.103236538,-0.375278465,1.25304428,0.232917452,0.396387872,0.513378966,0.335478958,-0.110742122,0.076538841,0.367561659,0.144862376,0.735054091,0.021389259,0.317352999,-0.321888894,-0.512781912,1.497700884,-0.424650244,0.027596348,-0.527381353,-0.500197188,-0.419566476,0.437501393,-0.601464216,-0.281068954,0.363574859,0.952014866,-0.130861233,-0.008114401,-0.184293802,-0.006462888,-0.811764077,0.068266624,-0.395009577,0.50465764,0.187802582,0.257485332,0.407862313,-0.402373363,1.817215339,-0.140837448,0.068129171,-0.713218769,-0.235701146,0.100105019,0.324616498,0.38728598,0.616910512,0.719827335,-0.87458612,1.088934283,0.161519344,-0.38275856,-0.730948669,0.37019339,0.124804138,-0.279323316,0.903922762,-0.013382721,0.540365499,-0.467488819,-0.179157925,-0.061044657,0.664425212,0.753255397,-0.606172375,-0.654384241,0.066397096,0.354927878,0.974869536,0.246859212,-0.172863483,-0.352322081,0.419099307,0.056162496,-0.260356313,0.241316274,-0.172577083,0.020298577,0.173390119,-0.173666193,-0.595117184,-0.316403565,-0.246942378,0.044169819,0.218002286,0.465232591,-0.348059915,0.434883917,-0.009981206,0.572145598,0.219079013,0.212756232,-0.062929833
7Networks_RH_Vis_16,4.561606315,0.583377371,-1.121625373,-0.452780179,-1.441330075,1.000992085,-1.127413357,1.48580833,0.412351417,-0.323546825,0.098782835,-0.556493212,-1.267517619,1.968661555,0.323501206,-0.878485969,0.879009387,-0.247329646,-0.133068115,0.599407473,-1.710203144,-1.473766857,0.242269466,0.560462371,0.479712899,-0.312026497,0.123940274,-0.321917037,0.629116907,-0.162507676,1.715373338,0.214004421,-0.40970837,-0.669793292,1.004314191,-0.121229955,0.723681199,0.906069503,0.698740057,0.400824534,2.502766742,0.074687771,2.999359042,-0.053229239,-1.00688473,1.159973931,-0.829576329,-0.401735744,-0.085738785,-1.249615127,-0.720496983,1.189310338,-0.833520458,0.768690155,0.104935525,-0.473017712,-0.62308202,-0.448581002,-0.650388017,-1.517956634,-0.731486593,0.449289229,-1.055865525,-0.981238909,0.330480846,-0.26359772,-1.923393749,0.190961729,1.038086313,-0.206204436,-1.485809288,-0.731639114,-0.242145378,1.416172862,2.157084607,0.344091099,0.655024514,2.479433812,-0.608193152,5.120302667,0.496889895,-0.581171433,-1.129157073,0.034238068,-0.371392846,-0.685644465,1.5925374,-0.40073882,-0.689917012,-0.7025779,0.304916719,0.353794986,-0.66194799,-0.866258068,0.236989122,-1.998353755,-1.038683807,-0.735784577,-0.10436538,0.450053766,0.461115896,-0.427385175,-0.213909573,-0.863747997,1.315210224,1.815475758,-0.191958264,-0.378555347,-0.535225833,-0.607960472,-1.46220871,-0.402626903,0.09384815,-0.127328893,-0.601482984,-0.37812864,-0.69091899,0.984561882,-0.854934196,0.916661753,3.547237321,-0.381319618,-1.970503734
7Networks_RH_Vis_17,-0.783392957,-0.39714215,0.657000325,-0.475999644,-0.364910095,0.16951601,-0.383768508,-0.190114842,4.080912101,-0.453854782,-0.133338956,0.723138857,-0.655312538,-0.49389787,0.625100504,-0.214840479,-0.278142707,0.539990311,0.861922285,-0.070111141,0.701500842,-0.14204676,-0.814321957,0.18540615,0.512346463,0.051391824,0.171048761,-0.180233161,0.642443991,1.099538497,0.430937991,1.986978128,5.164717677,-0.749260575,0.271124347,1.093596753,-0.224236787,-0.344004586,0.71596163,-0.002957558,0.678911456,-0.903521096,-0.479819624,0.244621353,0.283590303,0.531723589,-0.093069849,0.467654704,0.207580869,-0.955101997,0.477706582,1.345696163,-0.0915017,-0.213102083,-0.113191807,0.650708545,-0.174953166,-0.36504123,-0.414976922,0.201927355,-0.507054749,-0.585345596,-0.823499373,-0.402296558,-0.273967487,0.606376889,3.60552639,1.601393588,0.461167584,0.228146023,0.931592439,0.271562684,-0.340843088,-2.03455272,-0.244358655,-0.008282178,6.391360487,-0.179920496,-0.735921758,-0.434710056,-0.455950022,0.271908009,-0.783716211,0.389173596,0.331479128,3.709493998,0.687368713,-0.362740116,-0.58218208,-0.672492198,-0.545208604,0.79998808,3.234889552,-0.744827156,-0.943323787,-0.34106741,-0.451758221,-0.504359586,-0.069413557,0.099316397,2.617716708,-0.131187978,0.338740228,-0.102038612,0.143199745,-0.306522256,-0.395243826,-0.139974793,0.153162066,0.527907648,0.451743377,-0.685370699,0.344937824,0.871965726,0.055375717,0.516480403,-0.463153384,1.172203424,-0.43949888,-0.295698619,0.070098995,-0.445455783,-0.392420644
7Networks_RH_Vis_18,1.041293537,0.445428402,-0.456236716,0.663518771,-0.303420468,0.828131262,-0.982135105,1.374245764,0.358483991,-0.240488673,-0.505156749,0.238928663,-0.685449068,0.376886133,0.321850575,-0.394886088,-0.337108144,-0.241050168,0.13898539,0.199482113,0.394780842,0.096267454,0.49341256,0.371892393,-0.001006784,-0.276411355,1.004033492,-0.0624344,-0.914960701,-0.411047117,0.591872134,1.343427529,-0.376079931,0.61713437,0.905871006,-0.260600012,1.597495781,0.592277692,1.127345795,-0.847460728,1.010150244,0.324789699,0.709873311,1.092931311,-0.82379914,0.139266007,0.222702487,0.120515055,-0.121169142,-0.556142709,-0.338737829,0.32770963,0.113616469,-0.405973975,0.474595977,0.536028064,0.565311265,1.018710564,-0.046885506,0.332418689,-0.687986636,0.570162231,-0.12699289,-0.149737472,0.312057329,1.42216756,-0.077271982,-0.177292388,-0.361828623,0.128511613,-0.80848438,-0.083352482,0.822457026,-1.102110274,0.281520531,1.576372014,-0.142429222,0.254849025,-1.325340836,1.232591371,-0.375442012,0.457634294,-0.753549638,3.60751326,0.857702834,-1.047449745,1.701674517,-0.482918226,0.492270831,-0.230990458,-0.150424376,0.906658994,0.548325084,0.509921801,0.463034719,-1.807903759,0.857897199,-0.028232315,0.388413744,1.01232332,0.209787893,0.900397156,0.139325918,-0.312190005,-0.236924514,1.155451002,-0.347104821,0.635519859,-0.136775557,-1.501044116,-0.910995065,-0.069587706,0.915497333,0.49496164,-0.674822399,0.171292439,-0.595784121,0.084734623,0.216524184,1.013087999,0.898539417,0.672757647,-0.322914327
7Networks_RH_Vis_19,-0.086838931,-0.457975462,-0.484673843,-0.435159834,-0.626979588,0.061824637,0.605006991,0.871795925,-0.04340001,-0.114216811,-0.257016768,0.562288859,0.062454199,-0.597351656,0.040884627,-0.439135163,0.470905215,-0.599449825,0.274722413,0.446271972,0.111886753,0.124807238,-0.451224597,0.015216846,-0.208657626,-0.142906005,-0.233435223,0.529784947,-0.169428098,-0.710885857,-0.026716922,0.556324904,0.664884225,-0.323134687,0.532169536,0.495316468,-0.694396499,0.215400763,0.064883065,-0.191296986,1.486431558,0.317757046,1.453326959,-0.153890602,-0.188270834,1.548079864,-0.892950451,0.33485902,0.204245937,-0.43217159,-0.320556501,0.220989238,0.198572699,-0.385935948,0.114233633,0.247162792,0.031430157,0.849260953,-0.229940566,-0.128377861,-0.813661505,-0.737383732,-0.718701283,0.171026945,0.524424809,0.353902497,1.208173817,-0.164284525,1.61132852,0.001191936,-0.125413835,-0.976149036,-0.438715562,0.361423024,0.199179564,-0.293847733,1.299550469,0.595854351,-0.495203622,0.205623211,-0.093556451,-0.003830659,-0.053756597,1.151165715,0.096632751,1.118517814,0.212211615,0.168505933,0.138032904,0.079797028,-0.142620913,-0.044042206,0.879417519,-0.324271039,-0.380201784,-0.909335594,0.368964689,0.093475573,0.679901669,0.005808536,0.795011332,0.188342018,0.692619873,-0.64150583,0.091663792,0.018386533,-0.34802636,0.108588024,-0.01602858,0.357621076,-0.597337081,-0.372007847,-0.067192067,0.323411472,-0.065316116,0.217385227,-0.290874943,0.039080562,-0.425487363,1.134842621,0.435727756,0.241847195,-0.044878879
7Networks_RH_Vis_20,0.007099036,-0.863746948,-0.143186368,0.144956939,-0.499465785,-0.225953398,0.754576893,0.552782218,0.377169612,-0.306163388,0.056582315,-0.441954077,-0.066826123,-0.69803224,0.551496887,-0.352204229,-0.474315599,0.173633674,-0.441544585,0.488536385,0.26996384,-0.059432989,0.254704844,-0.420179353,-0.094892347,0.045720928,0.275151606,0.230470711,-0.094651892,0.37532545,0.081161288,1.090105618,1.415149812,-0.483030092,-0.218410692,0.706034082,0.280799283,-0.070808738,0.804839286,0.002769303,1.406013532,-0.307079311,0.960355353,0.14915004,-0.029794218,0.744994827,-0.752398593,-0.071613446,0.03968876,0.397819036,0.163986951,0.091497201,-0.231129995,-0.710919633,0.39129024,0.528198009,0.281077968,0.538760892,-0.490055412,0.208858549,-0.478045467,-0.798662059,-0.25142474,0.025165196,0.510024043,-0.194058459,1.136380227,0.140928796,1.200225236,0.005537285,0.668118181,-0.232488317,0.187174734,0.043962061,-0.165189133,-0.175423556,2.354177543,-0.079133996,-0.02307376,-0.314691815,-0.688412124,-0.064011497,0.131266932,0.25405546,-0.203168259,1.359477674,0.418635087,-0.428882571,-0.126441144,0.412667899,-0.208431977,0.71336557,1.081998403,0.248845566,-0.179906462,0.031106305,-0.169338033,0.719384765,0.100228927,0.322625898,0.944525285,-0.571544165,0.636597091,-0.077134508,0.095852567,-0.017930979,0.152069131,-0.090802609,0.053305171,0.159745804,-0.514190602,-0.722517739,-0.13658455,0.03839452,-0.450679144,0.818005779,-0.118841084,0.922966196,0.221300524,0.216702301,-0.256145661,-0.20393969,-0.500694129
7Networks_RH_Vis_21,1.197515443,-0.079038453,-0.576259208,0.223326687,-0.806976475,0.077090828,-0.895222208,0.553573974,0.225149651,-0.074585172,0.050450919,-0.003326571,-0.361352697,0.292104174,0.405683697,-0.165873817,-0.132163085,-0.249971544,0.486305517,-0.247715811,1.447036733,1.258319787,0.336695987,0.02783263,0.394972126,-0.007771853,-0.559273599,0.257921854,-0.291053179,-0.347144087,0.087797463,0.493698014,-0.410732093,0.264655523,0.616996765,-0.080626149,0.504541747,0.144400572,-0.042018406,0.417481618,0.321510084,0.282449759,1.767485024,1.514998383,-0.47697645,0.418750738,0.051366494,-0.315533403,-0.006129074,-0.41909748,-0.059101273,0.222745659,-0.540155532,0.018580026,-0.10416745,0.763134915,-0.595529743,1.09800763,-0.046537588,0.234089045,-0.592207284,-0.405199331,-0.180937418,0.426432926,0.439953111,0.4196931,-0.130495283,-0.479574098,0.509442983,-0.247632414,-0.713198699,-0.726935804,0.109102566,-0.56622212,0.225242779,1.234754558,0.636748835,0.055825101,-1.02362898,0.455672891,0.229016943,-0.557353767,-0.450551955,1.865843229,0.469338745,-0.273138623,-0.204426286,-0.230540199,0.93071528,-0.160619773,-0.385000158,0.553269991,-0.243578762,-0.112780764,0.287296142,-0.864288607,-0.029674873,0.56855731,1.666976471,0.244707112,-0.154619329,0.08928653,-0.19764834,0.3485,0.372251474,0.352325131,-0.22950176,-0.190635184,0.479903787,-1.028049579,-1.02652096,0.795137081,0.235962747,-0.344046298,0.647762422,-0.011280349,0.257450473,0.208545292,0.088550219,0.08324211,0.022468764,0.242934825,-0.262557892
7Networks_RH_Vis_22,1.112858719,0.493451964,-0.589961525,-0.199054981,-0.86611051,0.339388502,-1.028189335,2.157067378,0.376957126,-0.359068502,-0.387519698,0.384891295,-0.413286016,-0.33264787,0.228077922,-0.377416628,0.658821366,-0.29422106,-0.648727921,-0.376527223,-0.825485774,-0.855494441,0.460933036,0.321815576,0.587771282,-0.796709955,-0.049768533,-0.828010801,-0.563165903,-0.438007396,0.878790208,1.363741991,0.599401006,0.134874874,0.786460769,0.302931458,0.570327487,0.444499791,0.42945477,0.035988695,1.145426419,0.090557798,1.330031243,0.807649586,-0.73265664,0.007071648,-0.508363186,-0.306572118,-0.074343751,-0.947657948,0.181862982,0.084986805,-0.87181996,-0.243086491,0.077324822,0.611059743,0.459677089,-0.307998767,-0.396093867,-0.27688943,-0.723868377,1.304418904,-0.729632263,-0.121770143,0.32654528,-0.094616984,0.215999482,0.711839236,0.36712847,-0.022523699,-1.230328502,-0.16557585,-0.08368355,0.15069722,1.000844662,1.107506086,1.553501922,1.182815779,-0.324125558,2.007583514,-0.175562218,0.52718736,-0.671147749,1.406847791,0.217001091,-0.637754383,1.426137676,-0.205800308,-0.589080681,-0.885929868,-0.252181074,0.471289556,1.151976087,0.094111956,-0.571970825,-1.716178945,0.267654966,-0.341470735,0.509298296,0.726979881,0.019006674,-0.00247411,0.620565666,-0.794830715,0.193684455,1.130220018,-0.326806215,-0.145119416,-0.171532532,-0.891369828,-1.084283795,-0.233901149,1.21288693,-0.174047442,-0.558281878,0.574312532,-0.464029092,0.041266591,-0.410909095,1.429167543,1.356972981,0.650997257,-0.663933295
7Networks_RH_Vis_23,0.914869293,-0.907657176,-0.273134908,0.13896213,-0.158462231,0.448338257,-0.749806701,0.601322963,0.302551141,0.262870967,0.184621726,-0.187331304,-0.178552486,-0.1344005,0.174173688,-0.439395181,0.301209819,0.343370205,0.806157229,-0.17779301,0.895653157,0.706076046,0.136966532,0.222128301,0.278917449,0.046321886,0.029437446,0.437527335,0.733079767,-0.664416607,0.80237346,1.769545404,0.756052143,0.155094487,0.221262818,0.301862674,-0.049545372,-0.44118308,0.098416135,0.061849876,0.393592098,-0.159158387,1.521310805,0.513081986,-0.383196323,0.679948657,0.040260244,0.206973066,-0.130319958,-0.164877318,0.282253615,-0.387085308,-0.541823954,0.801832555,0.095044364,0.05512562,0.181066916,0.497871757,0.341100027,0.127474391,-0.466658975,0.189366702,-0.432905432,-0.000284856,0.288799069,-0.066563623,0.425149411,-0.266650876,0.411578722,0.06009155,-0.383921254,-0.197218457,-0.323067357,-0.224454784,0.524831594,0.629128682,1.512557621,1.131324439,-0.85248733,0.880321392,0.583017949,-0.571622302,-0.579485102,1.439353842,0.489418766,-0.199353963,0.808082642,-0.072221835,-0.064724424,-0.271877569,-0.182596153,-0.32330087,0.349780539,0.917455973,0.494436021,-0.471982021,0.61325079,0.324661522,0.843187103,0.999662497,-0.349254486,-0.378409049,0.411267446,-0.306379721,0.010613486,-0.163954186,-0.261920981,-0.675694603,-0.415812156,0.073274811,-0.608802801,-0.089352608,-0.381390632,0.057475404,0.017650533,-0.132170774,0.236890549,0.285406846,-0.633313134,0.088267052,0.652561038,0.721476414,-0.231111847
7Networks_RH_Vis_24,0.080060984,-0.180315908,0.249415118,0.424794623,-0.707487549,0.1225569,0.090653432,0.885956633,1.285271369,-0.479564888,-0.4803565,0.073533785,-0.57146836,-0.319282199,-0.297820743,-0.647387773,0.677456645,-0.244323641,0.072118431,-0.201068856,-0.526455448,-0.389428111,-0.220040075,-1.016810253,0.366662598,0.151864034,-0.50873543,-0.245132955,0.086773473,0.556320607,-0.593370568,1.035910263,1.42085854,0.707992955,0.629509526,0.047375775,-0.04586802,0.247149989,0.580332464,-0.341583825,0.699952499,-0.142975328,0.182939103,0.542895707,-0.357927512,1.180308762,-0.322988669,-0.197311641,0.717337367,-0.34763247,0.517787486,-0.360543211,0.056755189,0.192040485,-0.3363649,-0.655782448,0.156214788,-1.082037754,-0.420108793,0.418904595,-0.400778689,-0.626652902,-0.036558318,0.13755976,0.122318418,-0.078885963,1.644384071,1.11987246,0.822618712,-0.099753556,0.216941226,-0.761994355,0.051128528,-0.87030267,0.420899115,-0.097684206,3.197319135,0.118732096,-0.207813343,-0.143332518,-0.070993061,-0.064320327,0.43122887,-0.990071473,-0.192030465,1.781758855,0.182753148,-0.296520467,-0.046503488,-0.203777755,-0.175888065,0.019151052,1.811358428,0.55108047,-0.204227517,-0.220623117,-0.049016455,-0.196414509,0.775611155,0.348740901,0.40232071,-0.792944381,0.74740602,0.609530632,0.453993405,0.390078339,0.026078145,-0.376904971,0.226834215,0.248879033,-0.066846539,-0.465930937,-0.336414845,0.420221687,-0.802076742,0.878291979,-0.000216852,-0.594284158,-0.333382453,0.550993764,0.415811616,-0.551678019,-0.553768362
7Networks_RH_Vis_25,0.183626935,-0.262531372,0.321477194,0.060334009,-0.099556562,0.835049168,0.37761265,0.661102246,0.397870433,0.703699494,0.075904813,0.342859547,0.01511255,-0.474119483,0.991861097,-0.850919937,0.180194546,-0.359631383,0.091987062,0.355154558,0.376760603,0.455128671,0.362785658,-0.277903866,0.077953223,-0.018155241,-0.826790417,-0.251777202,-0.166853662,-0.490315578,0.519783922,-0.0792505,0.73817571,-0.106749468,0.155406594,-0.072364872,-0.451812295,-0.103355919,0.305869714,-0.438433648,1.066575851,-0.293535099,0.4677706,-0.505404331,-0.412958171,1.263825386,-0.24617762,-0.053300018,-0.16947926,-0.060942469,-0.142164967,0.671399535,0.605568662,1.177569013,-0.611667192,-0.257896849,0.34571912,-0.322013766,-0.271439613,0.313317507,-0.211355611,-0.276400094,0.153488236,0.279019451,-0.131865609,0.027457282,0.333171188,0.085464469,1.148686363,0.931369585,-0.5378895,-0.565452969,-0.048864873,0.050246377,1.066506941,0.060649635,1.277649506,0.844929147,-0.190351661,-0.006919497,0.89471975,0.150298969,-0.147988306,0.391423769,0.755773962,-0.299669879,-0.041617979,-0.137353055,-0.186672159,-0.052556912,-0.06950756,-0.317602908,0.535185561,0.376962694,-0.328997488,0.306670768,0.031800268,0.1845005,0.370375923,0.40311497,-0.00989753,0.043522266,-0.055961704,-0.662981688,0.23715431,-0.024104272,-0.497397196,-0.423430067,0.570484258,0.085013754,0.29627355,0.047950138,-0.354682178,0.816032058,0.338946692,0.475666505,-0.292096223,-0.132161082,-0.500258128,0.669950974,1.487223773,-0.193013432,-0.899610685
7Networks_RH_Vis_26,0.691639089,-0.316769797,-0.311233021,-0.2846405,-0.368110339,0.344543455,-0.844031581,2.021769669,0.228902045,-0.623520026,0.254609598,0.217122345,0.066243384,-0.435334156,0.059256248,-0.25374217,-0.515940298,-0.226479506,0.07225166,0.110763084,0.654064236,0.342185563,0.138005055,0.881088868,-0.24676064,-0.70967681,0.320792371,-0.362089862,-0.293128887,-0.360307749,-0.171103437,1.443831197,0.397603138,-0.262177557,0.459832214,0.337556033,0.488015315,0.114066542,0.068768641,-0.54856049,1.34625949,0.127058577,1.586371684,0.314495338,-0.142685276,0.793413368,0.502092098,-0.418144044,-0.008223794,0.125373192,-0.202363726,-0.810494576,-0.240813977,-0.201036134,-0.181950611,-0.176081642,0.320466278,-0.205740002,-0.279793805,0.703667607,-0.355829001,0.692594051,-0.597943794,0.626117041,0.177203975,-0.334855896,0.964122963,-0.175051984,0.284586497,-0.647797827,-0.36314241,-0.748824658,0.045213724,-0.206357635,0.371783389,0.471369969,1.603150543,1.292648939,-1.379058932,0.955511552,0.493109492,-0.168487762,-0.839370723,0.850349608,-0.214853083,-0.843202679,0.787681433,0.130197443,-0.272219441,-0.026263848,-0.0214947,0.952400817,0.565840256,0.120849927,0.220976545,-1.196500665,0.596947358,0.513475316,0.666546875,1.040050664,-0.075887584,0.620607635,0.88844501,-0.220416506,-0.19566831,1.977212321,-0.156629202,-0.669586553,0.58415234,-0.970830142,-1.092134895,-0.162656091,1.022634716,-0.262805491,0.083963601,-0.308198357,0.688265958,0.060946946,-0.511772279,0.759313127,1.426340793,0.560285849,0.503883633
7Networks_RH_Vis_27,0.998293451,-0.151286684,-0.516113921,0.089558171,-0.833420112,-0.467419655,-0.77967903,2.156697732,0.590063312,-0.439572938,-0.114319485,-0.115088509,-0.325916942,-0.473258978,0.172476185,-0.589742567,-0.135292734,-0.276532318,-0.101204281,-1.040509525,0.069244064,0.372040661,0.441089576,0.462282959,-0.183361703,-0.451746715,0.485948165,-0.176358246,-1.13572686,-0.182348973,-0.211433494,1.872408153,2.040396676,-0.812104686,-0.149359576,0.000758737,0.389191612,-0.375225136,0.407716299,-0.32504332,1.021044088,0.097683525,1.943439895,1.05303218,-0.615795697,0.470034584,0.100988598,-0.465382771,0.135176205,-1.006087205,-0.135087414,-0.303335585,-0.3489344,-0.736380125,0.022925123,0.831454411,0.405617533,-0.451112934,-0.2681621,0.230374556,-0.803794975,1.544241768,-0.509505784,0.736392037,0.851783395,-0.54486986,2.38161702,0.504591372,1.186700601,0.073045965,-0.884997398,-0.52764098,0.094135193,-0.617373191,-0.006654894,0.089781515,3.331063409,0.190845858,-0.641317135,0.518660254,1.139236669,0.537610379,-0.474752526,0.10607301,0.577884586,-0.19482039,0.70216642,0.331106863,-0.334725934,-0.286068286,0.561799406,0.313836641,1.594348056,-0.050614088,-0.128850274,-1.381157419,-0.129759582,-0.223642853,-0.110431715,1.884232541,0.585728296,0.189374035,0.574094304,-0.708289767,-0.7133521,2.836932522,-0.622285626,-0.6610053,0.10329799,-0.451001569,-1.371743993,-0.62729094,1.386542104,0.186447568,0.057407351,1.341688238,-0.260676531,-0.033391073,-0.449684897,0.494665382,0.705163024,-0.181825641,1.249762396
7Networks_RH_Vis_28,0.6631353,-0.202464335,-0.631280984,0.223697536,0.150002242,-0.62847531,0.576663072,1.407432976,0.026247279,0.102401463,-0.405501769,0.598988007,0.375808648,-0.623907456,-0.165963827,-0.59851862,-0.184185538,0.898778332,-0.086520562,-0.246779345,-0.097097957,0.124146872,0.613159129,-0.040316537,-0.250343655,-0.389978658,-0.521275784,-0.054427906,-0.061834335,-0.046333396,-0.336906786,0.684383179,0.153764236,0.391112743,0.861112937,0.22472618,-0.526727603,-0.148237592,-0.206428696,0.018699497,1.490107586,-0.655483537,0.141430524,0.049079272,-0.172265706,0.360707534,-0.315724564,0.160037146,-0.026802272,0.179118927,0.148769095,-0.076699439,0.015540084,-0.075096135,0.593521133,-0.438363312,0.051446283,-1.149472766,-0.231873305,0.753960592,-0.883873865,0.704012813,0.594426324,0.696098033,0.46485915,-0.004750583,0.418555885,0.842576838,0.471750765,-0.240344923,-0.632672115,-0.750026803,-0.073434962,0.944485976,0.992227643,-0.196615913,1.058452336,0.078951081,0.322279006,-0.002080792,0.429178712,-0.73458791,-0.272142599,0.032648741,-0.260925284,-0.289626911,0.152736359,-0.212110643,0.432587841,0.497532046,-0.471512324,0.245357847,0.141789029,0.542386337,-0.380632137,-0.124529399,0.065244368,0.153262576,0.019431422,0.424264901,-0.225791326,-0.036165242,-0.076873112,0.196241375,0.113089745,0.877258032,-0.758337273,-0.874710599,0.321932001,0.417842683,-1.040376147,-0.170320973,-0.176398919,-0.356241467,-0.324138193,-0.428170279,-0.488315812,-0.206271911,-0.23772986,0.550080993,0.266669968,-0.262511156,-0.175983053
7Networks_RH_Vis_29,0.871047087,-0.996808474,0.167491218,0.112313841,0.071631946,0.357998428,-0.050958886,1.317850768,0.222225972,0.739563093,-0.319127573,-0.467349808,0.206834285,-0.539759924,0.271587171,-0.171808033,0.255790248,0.441656584,-0.047330923,-0.003316057,0.250989344,0.376255052,0.182139704,-0.880517812,-0.540631382,-0.523832829,0.0688463,0.248082509,-0.346204069,-0.569041846,0.382294233,0.666284383,-0.045664677,-0.019978188,0.253984636,-0.227337862,-0.350625864,0.237481743,0.008058142,-0.462578687,1.209353847,-0.484451019,0.598356711,0.216206177,-0.106378765,0.7831067,0.074378768,-0.077300089,-0.177060977,-0.267059124,-0.061054019,-0.23454512,-0.219297139,0.826197085,0.360196098,-0.400552391,-0.519785429,-0.334102467,-0.353088463,0.4934552,-0.807432382,0.821781714,-0.07010424,0.370746539,-0.191103105,-0.190351148,0.391541268,-0.177319007,0.722482166,0.465984128,-1.091195527,-0.628526477,0.180010406,0.114581377,2.500181362,-0.039734237,0.877244461,-0.06015327,-0.134256525,-0.017811318,0.276741938,-0.461515891,-0.202135996,0.666312282,-0.082241206,-0.560472846,-0.283101593,0.508764353,0.235627314,-0.346325141,-0.208953275,0.643528281,-0.512955657,0.22136491,-0.555448849,-0.424524254,0.115034434,-0.039581455,-0.077503787,0.540002339,0.023024384,0.084606352,0.877303466,-0.078340195,0.24608928,1.138254357,-0.224353265,-0.378054781,-0.018136584,-0.286331094,-0.602553098,0.089369969,-0.086559879,0.471870998,0.410067152,0.26939421,-0.158965057,0.201584432,-0.667226451,1.390029706,0.554095096,-0.162699335,-0.086629454
7Networks_RH_Vis_30,0.619992105,0.228616775,-1.113276255,-0.31561767,-0.900004004,-0.594380406,-0.721211149,2.276889295,0.150017958,-0.236908636,0.176883027,-0.11985317,-0.042519335,-0.1130654,-0.311003049,-0.357443663,-0.033223682,-0.536659623,0.231781486,0.299157349,-0.431701873,-0.453284317,0.704502531,0.40113177,-0.167523945,-0.639749347,1.146446859,0.24596637,-1.147371025,-0.591503901,-0.463790403,0.816403066,0.17914838,-0.166116016,0.448557136,-0.431697497,-0.024258439,-0.10382489,1.128454294,-0.965234597,1.733306116,-0.408649102,0.948601065,1.196874356,-0.402224047,1.268334618,-0.476177494,1.071764177,-0.317369795,-0.15971308,-0.477223722,-0.641209508,-0.218098738,-0.750439122,0.565449048,0.516531394,0.823668048,-0.943414275,-0.784307296,0.580781321,-0.745278904,1.369076896,-1.060490415,0.259639467,0.935145607,-0.030722891,1.516809988,-0.403569011,1.841160539,-0.196958897,-1.002135612,-0.948190837,0.023767143,-0.1194536,1.489050317,-0.405537381,2.031097786,1.433876805,-0.467514464,0.996113487,1.650467719,-0.197401642,-0.73613517,0.028226949,0.451124744,-0.256964674,1.010272066,-0.268872637,-0.264993516,-0.434690944,0.246774869,-0.588689124,0.923209781,-0.161177365,-0.522180489,-1.188518908,0.790937794,-1.007346613,-0.528618025,1.462395253,-0.693198521,0.15524326,1.184439201,-1.113954188,-0.404994052,2.033189804,-0.563804705,-0.294534321,0.586962702,-0.953828402,-1.285279053,-0.708552241,1.223002905,-0.417987743,-0.287215655,0.811875754,-0.532363463,0.065687853,-0.439840817,1.290132552,2.142906865,-0.341521084,1.851916762
7Networks_RH_SomMot_1,-0.482620007,-0.028201534,-0.705472559,0.218395566,-0.396800349,0.931027563,0.437118373,-0.89195662,0.528397881,-0.137160113,-0.069757835,-0.228479379,-0.863925172,0.467521105,-0.102069477,-0.44840715,-0.509102318,0.05851035,-0.294415452,0.214231476,-0.920390798,-1.300027725,0.407850274,0.983449961,-0.027345591,0.008384985,-0.791989692,-0.436176132,1.342800152,1.226823233,1.010771081,-0.0137777,0.097972117,-0.055706856,0.885153381,0.686417393,-0.655445335,0.043757629,-0.173689393,0.692944469,-0.603645974,-0.081340138,-0.47746464,-0.395249845,-0.394366351,0.959272047,0.031320342,0.324931127,-0.180362024,0.135682267,-0.331882588,1.353839252,-0.687716097,-0.981699994,-0.224347287,-0.521275062,0.024090894,1.106452808,0.701564541,0.232687198,5.788654271,-0.161212892,0.196279784,-0.327332775,-0.126760973,0.233263257,-0.823473528,0.033812409,-0.000992182,0.479989245,0.013492691,0.378138168,0.861093474,0.262388676,0.763408923,0.164844585,-0.081759807,-0.451639045,2.337500116,1.357546499,0.406093932,-0.193963065,-0.559582183,-0.127575767,-0.342325827,0.325312161,-0.321852788,0.090017853,-0.44740272,0.194581266,-0.410321822,0.200782404,-0.266905329,0.080375116,1.11448522,-1.354130408,-0.752972862,-0.271670485,0.675273439,0.401882238,-0.038239092,-0.033390786,-0.060534918,-0.64417613,-0.10828973,-0.949484091,2.010416158,1.611518172,0.211557455,-0.208467836,-0.220408233,-0.03335885,-0.450022292,-0.652003694,-0.068456193,-0.034569566,-0.019505315,1.780198366,-0.152912726,-0.453227488,0.108206102,0.137927529,-0.6841405
7Networks_RH_SomMot_2,-0.81371466,0.739467946,-0.120456284,-1.669284377,-1.731222999,-0.375994954,-0.757484773,-0.291630031,0.102035439,0.602818556,-0.538425152,0.838152158,-0.955455522,2.397257969,0.779968229,-0.842166995,-0.033487921,0.074885539,0.438358857,-0.727801192,-0.421933546,-1.447690148,0.331950773,1.276731697,-0.064956175,-0.852375503,-0.378220066,0.033462562,-0.140018113,-0.681522719,0.225358962,-0.209104678,-0.478037808,0.013135009,0.214272208,-0.371781559,-0.779997532,0.233760599,0.090879547,-0.555729414,-0.833827186,-0.568715793,-0.081757185,-1.451215491,-1.080916985,0.320375371,-1.144737076,0.078000943,0.148755018,-1.256331907,-0.854369238,3.443713781,-0.807348458,-0.848339433,-1.452477407,0.044597337,-0.102354567,5.958636175,3.529248564,-0.116319026,11.40426077,1.159222975,0.383064571,-0.453591343,-0.122929818,4.30076285,-1.501939086,-0.479558413,0.496461368,-0.202026563,-0.406556173,1.386365609,0.011714441,0.176314884,2.217331656,0.808545513,-0.045841466,-0.140698997,-1.424678457,4.42790177,-0.265542502,0.375702556,-0.831779886,0.999531778,-0.525142197,0.67292018,0.295441916,0.230276699,-0.491307296,-0.962862045,-0.2982803,-0.26570882,-0.785215239,-0.730430713,1.760544045,-2.214571507,-0.381922176,-1.097674583,-0.671957042,0.592014939,-0.019552487,1.774335253,1.225958424,-0.312305393,0.100223901,-0.376775918,6.235331127,4.720036422,-0.631619394,-0.56135922,-1.016432963,-0.435192578,-0.317617139,-0.83863327,-0.736450219,-0.426452989,-0.512937256,-0.59434607,0.000651186,0.062110474,0.251596186,0.314438814,-0.892246225
7Networks_RH_SomMot_3,-1.058340067,-0.293271407,-0.829532661,-0.533687458,-0.918163001,0.239929559,-0.38515088,-0.207339223,-0.054139677,0.446247635,-0.372000882,0.892150242,-0.728918823,0.905871097,-0.34011059,-0.73758568,0.073832143,-0.63120377,0.568013048,0.975137335,-0.770661985,-1.291016413,1.189538745,1.04057547,0.265937653,-0.931192108,-0.850748142,1.123339036,0.138733213,-0.172802214,0.171555811,-0.533538346,-0.758413997,-0.213623558,0.386584871,-0.356272271,-0.922840921,-0.262550681,-0.640625668,-0.524096066,-0.601020792,0.039444289,-0.538849113,-0.97318882,-1.128659193,0.330922511,-1.044815707,0.640407023,0.163754573,-0.673810181,-0.895192332,2.688808827,-0.658052142,-0.540437098,-0.744454901,-0.891790747,-0.162274154,2.549570981,1.579386648,-0.743687949,9.572989248,1.381171296,0.113176418,-0.018765771,0.68902219,1.337104488,-1.500994497,-0.201513522,-0.270347799,0.01709065,-0.311489409,-0.060967448,0.352188186,0.685265556,2.884874697,-0.083765487,-0.272812068,-0.803519265,1.220138482,2.983714135,-0.599857686,-0.764826294,-0.35752022,0.456502209,-1.010492515,0.261240333,-0.242031045,0.749535983,-0.758007746,-0.642614673,-0.041612014,-0.005968564,-0.739701167,-0.682532033,1.450753118,-1.65560118,-0.837708655,-0.399206959,0.37091479,0.187889345,-0.141022849,0.413021585,0.00984445,0.046391971,-0.007563483,-0.439244202,5.282452577,4.455538715,0.140629198,-0.034279058,-0.907121798,-0.226075136,-0.144124089,-0.58138014,-0.493594813,-0.990390729,-0.100783041,0.511244245,0.695487928,0.185935755,-0.124382701,-0.019446994,-1.065185782
7Networks_RH_SomMot_4,-1.622825355,-0.863473537,-0.153469376,0.48929857,0.96214244,0.151440287,0.154348677,-0.225719939,0.302689274,1.131306048,0.08409069,0.457062695,-1.426329038,0.00706856,-0.536597164,0.14584566,0.568524788,-0.355645063,0.530597005,0.132043392,-0.618956846,-0.578477828,0.915018193,0.392049964,0.672954219,0.027433746,-1.032963573,-0.515222302,1.505648264,1.286777463,-0.667393142,-0.281745156,-0.295256408,-0.076401727,-0.112088604,0.787944881,-0.772751853,-0.278463913,-0.688879721,0.714257278,0.085722699,0.457610673,0.397378581,-1.069230883,-0.712826188,0.094966835,-1.127122988,1.52261191,0.277668702,-0.093861447,0.428287684,1.67925552,-0.575838388,-0.265455823,-0.409639438,-0.28837341,-0.862354186,-0.754149164,0.261842379,-0.270056545,4.521651269,1.108903286,0.221492338,-0.095373207,0.352761285,0.705947773,-1.305063648,-0.718262197,0.383549804,0.238038614,0.004665692,-0.246479854,0.071823208,-0.268603032,2.184370171,-1.225244158,-0.537090605,-0.522582868,4.504570368,1.217656115,-1.2498077,-0.624582905,0.028724789,-1.306407053,-0.153684883,-0.368319343,-1.038725264,0.997769923,-0.497543146,0.103213519,-0.510130801,0.117807047,-0.975416469,-0.149181817,-0.048536138,-0.626439891,-0.603864065,0.78358856,0.089471261,1.379807371,0.528081487,-0.51202111,-0.425917953,-0.040652841,-0.296921144,-1.025763255,1.698883482,1.196836285,0.344374093,-0.320681556,-0.192525948,0.514409166,-0.095795424,-0.088660543,-0.099008711,-0.827468007,-0.527386324,0.438077122,-0.304617903,0.195452489,0.600242239,-0.461397797,-0.973611114
7Networks_RH_SomMot_5,-1.20558053,-0.736812942,0.179358861,-0.160966596,1.793433204,0.532376115,-0.705078121,0.053727532,-0.000247612,0.254535604,-0.119285098,0.147843311,-1.374468118,-0.454539561,-0.49754244,0.573562773,0.087161417,-1.033925534,0.061657423,0.145157043,0.49274478,0.672526296,-0.152207702,1.519860947,1.680979321,0.454370815,-1.01627676,-0.068262768,1.191197564,-0.081299158,0.299049666,-0.196006543,-0.524174409,-0.297508068,-0.0116647,-0.517638165,-0.680521329,0.971487418,-0.31097871,1.457328418,-0.526657894,-0.127561917,0.257400839,-0.292228935,0.080815167,0.765214059,-0.971564688,0.539193533,-0.909817584,-0.223576919,0.180392099,-0.154209729,-0.84989271,-0.500308905,-0.586528303,-1.376382982,-0.667315184,-1.168650534,-0.355994226,0.283036541,0.869692487,-0.328072308,0.324017647,-0.899206308,0.194900523,-0.109059064,-1.598648514,-0.379302278,0.923709073,0.418857475,-0.496920877,-0.725864468,0.914900282,-0.400330644,1.222962106,-0.342429768,-0.127326106,-0.658431077,7.479868915,1.16638855,-0.227906872,-1.038725168,-0.204491952,-0.873953843,-0.507784369,-0.128346974,-0.017206853,-0.190535264,0.943922759,0.131735048,-0.470775712,0.524332834,-0.471647448,-0.594751625,-0.452847984,0.187965305,-0.308885478,0.515394503,0.108028164,0.588676758,-0.021716868,0.004408306,-0.329342594,0.128156646,-0.833079393,-1.085433022,0.411161992,2.158743314,-0.553120163,0.052305073,0.350819359,0.077636459,-0.278999001,-0.572219626,-0.021499758,-0.187235715,0.511652122,1.410610016,-0.789678603,0.406972188,0.37026372,-0.942694296,-1.57677023
7Networks_RH_SomMot_6,-0.438970419,-0.926634134,-0.697106568,1.758880457,2.177232439,1.075147351,-0.606618759,-0.540538184,1.217341371,0.915258401,-0.875764705,-0.006687944,-0.984105287,1.10742459,-0.287176741,0.272683567,0.994708017,0.205642315,0.403427447,0.425971144,0.091872727,0.306859793,-1.122222405,-0.69400407,-0.323262177,-0.666207661,-0.578460329,0.099575411,1.469219052,0.971068824,-0.494469068,0.177021868,-0.991367235,-0.422543413,-0.040512278,0.453045484,-0.906846941,0.548736702,-0.932827726,1.265901953,-0.459426895,-0.436197859,0.113932532,-1.141962545,-0.313707896,0.643904562,-0.749369841,1.142682937,-0.261219952,-0.100085596,0.716307921,0.32376539,-1.146644767,-0.63495087,-1.200018512,-0.496619991,0.407767893,-0.171991272,0.238078363,0.193981522,1.782888131,2.516939317,0.777483007,0.104444841,-0.734166207,0.317974931,-1.633969839,-0.560463838,1.09490742,-0.379381486,-0.506678503,-0.134808642,1.085193294,1.211288807,1.812192114,0.246936261,0.443657546,-0.888708104,7.1241546,1.457502254,-1.09958143,-0.164585164,0.108990427,-0.125509673,-0.742773288,-0.451383,-0.985984726,-0.057065564,0.106005356,0.081680126,-0.525019571,0.533319144,0.068244989,0.027571832,-0.164361591,-0.272983343,-0.997352633,0.202520388,0.002962738,-0.660951148,0.387739098,-0.388026719,0.044457428,1.49492781,-0.325678495,-1.346790031,-0.440549782,1.253771955,-0.098781153,-0.687569664,-0.367024885,-0.190924615,-0.022740156,0.160952205,0.320302286,-0.25244332,-0.549651739,0.331385664,-0.409289355,0.82352146,0.597764901,-0.264518699,-1.340811756
7Networks_RH_SomMot_7,-0.173965817,-0.395164895,-0.825302465,-0.881069371,-1.620740031,0.229005869,0.243343057,0.152891715,-0.636696469,0.290298318,-0.400869442,1.647725111,-1.361532757,0.496280435,0.160341481,-0.458256657,0.193461005,-0.833604178,0.416566674,0.977310457,-0.865560033,-1.191231085,1.187784462,0.80128595,-0.401477481,-0.854182936,-1.054478789,0.063866445,0.164998051,-0.549484246,-0.528778174,-0.586878847,-1.109858506,0.324068297,0.499677684,-0.108679161,-0.49116139,0.768608014,-0.369385272,-0.368657942,-0.517499908,-0.433249893,0.262193667,-0.76900015,-1.182957698,0.603538618,-1.324475461,0.818928805,0.425586156,-1.081666204,-0.380705523,3.175367815,-0.707516145,-0.87560359,-1.003584689,-0.94394451,-0.427936295,1.918302324,0.595233758,-0.828064742,6.235587635,1.399870367,0.653146111,-0.616755096,-0.267526639,1.604045377,-1.900787925,-0.214711088,0.310704854,0.279037428,-0.897159897,-0.27130369,0.74464249,1.90076776,3.629968943,0.206177184,-0.320723632,-0.754728748,1.39181169,3.418275334,0.060909323,-0.51168733,-0.589984906,-0.108193928,-1.178711932,-0.061652649,-0.10220449,0.474226376,-0.664816326,-1.36306865,0.203619851,0.285270564,-0.026412436,-0.827782007,1.145992604,-2.387416893,-0.691827684,-0.355331284,-0.546146616,1.217362132,-0.18503408,0.976992107,0.691794314,0.178435239,-0.163365668,0.064320561,4.122307123,3.992045878,-0.74630743,0.252326924,-1.302812351,-0.936631542,0.10656245,-0.996401955,-0.579912418,-0.992522485,-0.291820231,0.488037539,-0.089092911,-0.079802021,0.197417972,-0.29405818,-1.336297459
7Networks_RH_SomMot_8,2.299382242,0.277635883,-0.647803251,-0.520217519,-1.218843171,0.304979642,-0.148151743,0.962632845,-0.124763505,0.082299991,0.145250448,1.260716226,-1.03918551,2.448315094,0.622704834,-0.924538009,-0.122897239,-0.001952842,0.541983754,0.487974681,-1.454058186,-1.342844258,0.643986353,1.189390012,-0.144089489,-0.098002822,-0.456520066,-0.113076168,0.475568463,-0.82318603,0.276931117,-1.167423091,-0.538603851,-0.33714474,1.32233379,-0.460580544,-0.195851136,1.809155362,-0.124871899,-0.281354091,-0.085226616,0.122981768,0.553767731,-0.27132468,-0.244630794,0.953500229,-1.037818306,0.166233554,0.609458439,0.027954362,-0.82923342,1.721629391,-0.688066909,-0.624655397,-0.53326433,-0.911176904,-0.194867746,1.917720186,0.057671124,-0.753850611,4.921901961,1.97230725,0.843191907,-0.57069106,-0.204406301,0.315319119,-1.697367338,-0.145310127,0.352753813,-0.404482691,-0.747844028,0.420979171,-0.15327797,0.766037013,3.419296283,0.939262125,-0.805463546,-0.187115992,-0.384852336,3.358577388,-0.096159481,0.065453963,0.310213191,0.419600552,-0.79727709,-0.195234212,-0.037531176,0.522559778,-0.343722879,0.210641827,0.894771101,-0.478626662,0.088377932,-0.512213298,1.839907739,-2.119290216,0.324318559,-1.302582579,-0.278678828,1.105411903,1.070146264,0.185533593,0.454270285,0.168172178,0.36513262,0.985655199,3.160744682,2.263519944,-0.934837859,-0.046305739,-1.433847418,-0.263187108,-0.173113608,-0.104229275,-0.616196419,-0.202096685,-0.96418974,0.116358113,-0.103199783,0.196627549,0.309877953,0.019337138,-1.369472186
7Networks_RH_SomMot_9,-1.305023165,-0.820158666,0.278024144,0.315662726,1.995760552,0.594931571,-0.854167134,0.003550333,0.198469486,0.818284873,-0.708713694,0.045407753,-0.686987801,-0.674144466,0.191122103,0.109023365,-0.100666139,-0.978337916,0.504556562,0.408715831,1.329834733,1.503932341,0.433805829,0.045749387,0.351869327,0.172621715,-0.956197146,0.396497909,0.675015002,1.338929857,1.244352844,1.025680089,0.410389123,0.287587029,0.707518809,-0.226254424,-0.957198736,-0.190484325,-0.34957122,0.506146293,-0.365599384,-0.112265566,0.109554558,-0.379454812,-0.36812995,1.359138766,-0.971846781,0.076360112,-0.715516041,-0.307567159,0.020468302,-0.628386159,-1.112244019,-0.819482779,-0.548012871,-0.971935003,-0.490580759,-1.651782726,-0.401377511,0.899642297,0.752264089,0.117652047,0.232029799,-0.057783314,-0.311514947,-0.720837631,0.207373891,0.143265683,1.283141245,0.450057415,-1.051458504,-0.931657451,0.072489155,0.026878523,0.672966227,-0.685004792,-0.051799287,-0.727839414,7.417809635,0.999275971,0.009452652,-0.890493256,0.579848376,-0.442642887,-0.807716463,-0.668828628,0.292483609,-0.029212123,0.953121025,-0.229843002,-0.079081951,0.048770946,0.465042491,-0.194265297,-0.471067977,-0.307690789,-0.327800324,0.595550111,0.604294964,0.015609216,0.449386951,-0.178315877,0.377818475,-0.446094223,-0.374415808,-1.44392715,1.02412343,1.808227301,0.233570687,-0.57489453,0.516101324,-0.271025828,-0.186065655,-0.046298052,0.609750004,-0.560455834,0.637285488,0.586462595,-0.308853153,0.153198422,0.181440291,-0.528426855,-0.013795884
7Networks_RH_SomMot_10,-1.080394651,0.041624068,-0.445608835,0.135646492,0.03213646,1.100380313,0.0319374,-0.419459033,-0.255376117,1.239747108,-0.314718346,1.073859255,-0.951752595,-0.05902702,0.203546736,-0.215104389,0.091911465,0.094067347,-0.234776788,1.860887047,-0.319230895,-0.53102546,0.45132155,0.450335236,-0.493292696,-0.580181712,-0.676254156,0.975739482,0.52841111,0.036164422,0.5316894,-0.234301743,-0.781464695,-0.164845561,0.290884202,0.485595944,-0.173425416,0.397935803,0.143514213,0.907849855,-0.401509075,-0.008086533,-0.042899159,-0.694352824,0.358643747,0.923856098,-0.921986996,0.891981448,-0.528561933,-0.734523271,-0.622946999,2.077165886,-0.974262821,-0.651346086,-0.920042183,-0.771967516,-0.954102314,0.371162921,0.022681909,0.108865873,1.982516217,1.349937064,0.449805827,-0.032938932,-0.444449843,-0.234384266,-1.525942616,-0.607343791,-0.260358209,0.606353616,-0.150991677,-0.429132602,1.548972297,2.678749638,3.474773262,0.171170118,0.302521003,-0.866962974,3.062093846,0.997220098,0.973898999,-0.194472044,-0.533288197,-0.036946536,-0.709336206,-0.719904944,-1.132120423,-0.010314134,-0.568738836,-0.578778524,-0.202861683,-0.31491772,-0.100521005,-0.540137119,0.060478877,-1.079666611,-0.744905106,-0.585699515,-0.012679749,-0.770006035,0.137888506,-0.401137824,0.626469835,-0.137462455,-0.525414263,-0.626567166,0.676149791,2.060843399,-0.284139926,-0.520048964,-0.23883368,-0.194770242,0.254900579,0.133090519,-0.577590624,-0.90836779,-0.759481221,0.909258432,-0.620289712,0.162196686,1.2757836,-0.001821621,-0.65754776
7Networks_RH_SomMot_11,-0.90620959,0.161916361,-0.881109299,0.06922594,0.228547387,1.074488815,-1.063242965,0.036758667,-0.994125042,0.323092076,-0.465895488,0.13453718,0.164225653,-0.980845416,-0.456112571,0.3572787,1.374581305,-1.012634021,-0.093123872,0.871883975,0.085984059,0.469814812,0.288629515,0.36185966,-0.441673077,-0.023811108,-0.604493707,0.235670745,0.314366278,0.472985749,0.393600206,0.785366709,-0.039777549,0.780997122,-0.205285552,-1.003026089,-0.435871676,-0.705243174,-0.683933283,-0.274026532,-0.303465534,0.076144271,-0.907723587,0.024209359,-0.219649186,0.011073311,0.180990754,1.112528173,-0.237962621,-0.014402951,-0.535794533,0.566644275,-0.710989951,-0.964567883,0.078177339,-0.44326114,-0.332230426,-0.23151898,-0.004867934,-0.692177475,1.802246971,0.708820303,-0.257731355,0.041585456,0.129081668,-0.191739585,-0.603350285,-0.146048175,0.223263321,0.536147592,-0.739186037,-0.758051625,-0.352798884,1.160996264,1.367954252,-0.489516595,0.202482344,-0.733139509,6.228474393,0.720386504,-0.943520983,-0.943217138,-0.381525658,0.419034261,-0.381068014,0.280554749,-0.569529333,-0.44946827,-0.337849268,-0.113548767,0.987855458,-0.438787469,-0.238728249,-0.325410282,1.202964751,-0.758537542,-0.531806163,-0.087152395,0.302373771,0.084988363,-0.151533265,-0.321234454,-0.603988935,-0.198414498,-0.621004217,-0.497211145,1.582082568,3.250172495,-0.009957822,-0.019363448,-0.450128889,0.701983711,0.630403738,-0.224806774,-0.442959908,-0.641671684,-0.721416848,0.187678793,0.376215622,0.836956174,-0.047635593,-0.872210229,-0.520025668
7Networks_RH_SomMot_12,-0.073683419,-1.029127395,-0.341010783,0.435904924,-0.593555529,0.54176249,0.070689269,-0.548274627,-0.031495846,0.647083146,0.521656175,0.87299413,-0.420521834,0.148222314,0.943763572,0.302646571,-0.391766409,-0.480800091,0.308771986,1.233764457,-0.246006287,0.155916071,0.312524745,0.300215681,-0.031498121,-0.513750776,-0.471580187,-0.17920582,-0.428045274,0.452754512,1.138056381,0.571447136,-0.707697041,0.608089305,0.066077294,0.020365927,-0.188286512,-0.165757134,-0.343216173,-0.83028575,0.215707678,0.120106294,-0.031787341,0.048579495,-0.851041298,0.899070292,-0.629481184,1.631438643,-0.113500342,-0.225132168,-0.967632759,0.791203073,-0.847992375,-0.651819352,-0.3141428,-0.959742251,-0.303964792,0.276867325,-0.075794917,-0.062152256,1.400992107,0.051837688,0.346779679,0.37809822,0.371436996,-0.359289533,-0.518786933,-0.779860073,0.319734363,-0.384900995,-0.341705578,-0.221515805,0.539725732,1.774692342,0.335500514,1.019566911,-0.164115888,-0.813995041,3.747455659,0.563703692,0.724792156,-0.757048204,-0.192179634,-0.26100515,-0.123133234,-0.060009976,-1.011332271,-0.005579588,0.680678589,-0.650122993,-0.177985149,-0.152273412,-0.061276537,-0.639886188,0.721593842,-1.211261457,-0.020056563,-0.323533925,0.602690963,-0.036428633,-0.058561369,-0.414959343,-0.203173343,-0.352284372,-0.661897064,-1.095323217,1.198170607,3.495210299,0.335656117,0.038313635,-1.185035171,0.27262205,-0.194443355,-0.188417894,0.743262761,-0.493911684,-0.118412811,1.009437444,0.7888464,0.368451742,0.337144685,0.192404492,0.040102426
7Networks_RH_SomMot_13,-0.796783476,0.228849243,-0.78612749,-0.149482121,-0.630794501,0.422541245,0.887544784,-0.218806573,-0.23470194,1.849479968,0.191127338,1.029471556,-0.936041434,-0.819415718,0.614471972,0.389942996,0.11861758,-0.773172504,-0.642082417,2.661004876,-0.844149026,-0.460099536,1.009471337,0.577459292,0.396375519,-0.87071306,-0.768485236,1.157102608,-0.57829799,0.221881647,0.001564554,0.494115794,-0.568501012,0.121042956,-0.588321472,0.366617941,-0.411587157,-0.472715691,-0.115923607,0.301568881,0.005791882,0.31806109,-0.272544933,-0.622945551,-0.486760645,1.337487508,-1.052753921,1.930091124,-0.405350754,-0.066697341,-0.579158277,0.874092476,-1.29323202,-0.583641414,0.269203615,-0.839698306,-0.179342038,-0.554376193,0.520751698,-0.673009571,0.41794497,1.421898696,-0.037903286,0.769237492,0.69440971,-1.026746375,-0.96993044,-0.858287114,0.506002272,0.571560044,-1.145693623,-0.951835646,0.808688336,2.888096086,2.962499503,-1.105407549,-0.454935535,-0.685459937,6.438949135,0.873950442,0.298854721,-0.659575814,-0.006510159,-1.027212892,-1.253952298,-0.718926744,-1.045638095,1.00658399,-0.71407766,-0.96153527,0.943339011,-0.0443819,-0.769137202,-0.785340121,1.033318225,-1.747009169,-0.872626766,-0.391418807,0.327664102,-0.631458293,0.280505632,-0.523605771,-0.272017002,0.333372255,-0.491380243,-0.575906597,0.683150759,0.450372301,-0.570484385,0.524422377,-0.043165591,1.109178723,1.190329152,0.754543065,-0.291941848,-0.009886613,-0.292776353,-0.426400804,0.594213722,-0.332700407,0.337464583,0.107280953,0.092105402
7Networks_RH_SomMot_14,-0.646852784,-0.981556541,-0.737348412,-0.09877747,-0.48862683,-0.895450698,-0.067092347,-0.792177513,-0.11113152,-0.265033788,-0.60184676,0.125796161,-0.393368773,-0.145297501,0.473466418,0.094791851,-0.38735834,-0.212551738,-0.175166108,0.812407076,-0.672486033,-0.757302578,0.700235945,0.040994997,-0.033819999,0.038809745,-0.463279832,-0.498449061,-0.551587658,-0.030737608,0.440934502,-0.740720576,-0.700041698,-0.170741902,0.031518352,-0.096733207,0.276700179,0.191557485,-0.719696485,-0.735779861,-1.053173152,-0.041074051,-0.241679924,-0.761326473,-0.75593471,-0.399236714,-0.073835216,1.111734346,-0.373026679,0.478746091,-0.439099767,1.342512191,-0.475744118,-0.651552119,0.055046711,-0.835537441,0.282668113,0.872304558,0.399179422,-0.877623597,3.311982897,0.406449305,0.320281018,-0.06332458,-0.300372024,0.903702664,-1.120832288,-0.657087181,-0.562181974,-0.929885503,-0.859794572,0.288936748,0.58311893,1.210134911,2.800124587,1.235424992,-0.085520835,0.093250893,3.863488435,1.116474662,-0.640019844,-0.841949865,-0.135909195,0.498209411,-1.400478577,-0.269712508,-0.695459865,-0.209832363,-0.395068006,-0.035949539,0.900076053,0.475020246,-0.783262737,-0.871613062,1.380551909,-0.696484484,-0.825905182,0.317206401,-0.528722049,-0.195382786,-0.656069738,-0.686568742,-0.695049888,0.077775226,-0.296724126,-0.046586182,1.867302998,3.693238557,-0.970882036,-0.061847453,-1.259332289,-0.145280171,0.728800369,0.112604346,-0.575252667,-0.818049701,0.647998626,-0.870132567,0.6604072,0.264798896,-0.111239886,0.16764405,-0.467580082
7Networks_RH_SomMot_15,3.099508376,-0.627113102,0.195481224,-0.337714804,-1.258583413,-0.06836484,0.145023409,-0.808394707,-0.245985663,-0.437190504,-0.536997944,-0.168594577,-0.103189347,0.599177701,0.011765512,-0.543574217,-0.214704964,0.990355555,0.143368138,1.737516117,-1.107112489,-1.222579475,-0.654573771,1.022907888,-0.68007133,-0.744531162,-0.089648644,0.183040693,-1.071803983,-0.687911263,0.892228316,0.478570659,-0.251639169,0.101911185,0.13457766,-0.250464464,-0.770574989,0.210329655,0.640899482,-0.805523221,1.212378816,-0.140957677,0.225269477,0.536300665,-1.303392371,3.244915043,-0.33506812,-0.710806927,-0.362618392,-0.25095904,-0.290250343,0.152828608,-0.257048714,-0.152624569,0.403162022,-0.928484511,-0.361479625,-0.219927548,-0.201296173,1.085396072,0.18389399,-0.424446795,-1.031090065,0.056158071,0.185951975,-0.528068078,-0.164883624,-0.628252986,-0.24489029,0.101933804,-1.126248608,-0.022750357,2.601222738,5.40951234,0.199115841,0.279449379,0.516768971,-0.706921298,0.363858996,0.522443249,2.549133502,-0.991277149,-0.68388559,0.152387302,-0.540195272,0.099634593,-1.232524453,0.986288092,-0.129571401,-0.235125929,0.623682535,-0.378901156,0.143829736,-0.795442423,0.957195577,-1.205743207,-0.193933882,-0.997226551,-0.517830074,-0.110641994,-0.126589373,-0.704123594,1.690904636,-0.637695433,-0.093287298,-1.071353619,-0.798656749,2.633168278,0.874533753,0.135734635,-0.896831464,-0.620971359,0.21756375,-0.335208477,-0.617112892,-0.629606831,-0.79200335,-0.031877054,0.490341257,-0.652698585,-0.102872098,-0.836950584,-0.039403778
7Networks_RH_SomMot_16,0.59810769,-0.240122779,0.053930414,-0.236426281,-0.462177927,-0.673550826,0.19699473,-0.768410707,-0.401757081,-0.244064635,-0.642158234,0.068561493,-0.425703223,0.044141121,0.134959474,0.370787073,-0.216185685,0.095335952,-0.205630261,0.89516482,-0.40179153,-0.634334334,-0.247802068,0.158121248,-0.420656555,0.240502245,-0.086572329,0.513367969,-0.826663583,-0.338213244,0.340249671,-0.178445551,0.272500352,-0.645619144,0.126538155,0.35084208,-0.651597929,0.398311411,-0.08630125,-0.740327298,0.044518779,-0.201476191,0.164128293,-0.18581089,-0.564068144,0.265235774,-0.169418782,0.323521709,0.287045457,-0.388440068,-0.4147462,-0.056887566,-0.47774009,-0.222702903,-0.718956482,-1.270515071,0.143945114,1.382861774,0.002131838,0.025973249,0.701747891,-0.266696671,-0.388079,0.506102427,-0.186986424,0.220943221,-0.81609789,-0.845883345,-0.216880539,-0.45142479,-0.480413756,-0.237064962,2.811934742,2.625253389,0.437160685,3.548128638,0.10524431,-0.250072636,0.240595762,0.025772561,0.588317507,-0.529954871,-0.223692022,1.284888995,-0.594720297,0.390450636,-1.0545014,0.588887763,0.270397734,-0.233264673,-0.144335307,0.409731905,-0.339510459,-0.744768606,1.576975445,-0.156923884,-0.149507189,-0.165596366,-0.678168925,-0.334272507,-0.03701557,0.058592788,0.508025368,-0.032129072,-0.376197868,-0.728859894,1.014777739,7.074984108,0.248592472,0.256767221,-0.839053115,-0.053237633,-0.682449746,-0.075692615,-0.209881042,-0.437078621,-0.216817146,-0.459890112,0.537613457,0.26027733,0.085341105,-0.066330126,-0.623942594
7Networks_RH_SomMot_17,1.59877043,-1.05765517,-0.407344662,0.394742848,0.324259913,0.041740003,0.280587951,-0.732711444,-0.72515927,-0.473584855,-0.709919764,-0.114168505,-0.668990393,0.574450986,-0.326945256,-0.759758873,0.46000405,0.11468681,-0.135823579,1.54627487,-0.761010449,-0.719871702,0.176941792,0.20267637,-0.673032161,0.354142813,-0.751039522,0.098304365,-0.197702045,0.044360621,1.583371355,-0.87609953,-0.604331139,-0.781782507,-0.352544591,-0.159721877,-0.3538697,0.581866092,0.335461735,-0.621658162,-0.116495672,-0.009933656,0.049978899,-0.380295943,0.73313984,0.995215359,-0.527841213,0.343170992,0.772068164,-0.764153311,0.17379317,0.610350757,0.190109627,-0.304239866,-0.996904432,-1.019730012,-0.239456329,-1.10807671,-0.489154424,-0.602615231,-0.378275475,0.671996919,-0.603737659,-1.121457046,0.653899858,0.083681645,-1.442632448,-0.353104573,0.041377133,-0.473981011,-0.460710293,-0.753001052,2.512921686,3.770297318,0.256009111,2.032841241,0.222210259,0.926153686,4.148188704,1.258593157,0.197381552,-0.6569423,0.140974779,-0.276498374,-0.01890429,-0.89136148,-0.34126911,0.672317333,-0.012684922,-0.118792444,-0.427926821,0.688844876,-0.51304265,-0.72511222,0.924810672,-0.000828091,-0.919059262,-1.124448117,-0.839640218,-0.069037896,0.458621045,-0.691264565,0.178093825,-0.067333685,-0.142209001,-0.47305881,-0.505999495,1.935038889,-0.163448037,0.214337999,0.027085616,-0.298591895,0.14857535,0.218843676,-0.479179833,-0.700271638,-0.241672985,-0.439688669,-0.260771786,0.734943822,0.448174463,-0.585122856,-1.298973428
7Networks_RH_SomMot_18,1.376447189,-0.632893934,-0.783747884,-0.1703045,-0.845744224,-0.491242415,-0.205447197,-0.837687534,-0.414954491,-0.267978446,-0.530472705,-0.509588359,-0.686965056,0.214222787,0.324959366,-0.300208629,0.051293547,0.164215251,-0.414386611,0.783991622,-0.960538385,-1.411382072,-0.4137893,-0.458998014,-0.566721529,-0.795102835,-0.45247797,0.155969753,-0.584919775,-0.469324907,0.774184706,0.340130271,0.554440796,-0.338039232,0.40118095,-0.072300245,-0.846764557,0.744911356,-0.131974849,-0.932376667,0.289656553,-0.106682887,0.621400519,-0.437461733,-0.467965328,1.144259602,-0.874312643,0.655232313,0.233797592,0.132530348,-0.688744974,-0.194164381,-0.627999017,-0.252426239,-0.867403473,-1.026259156,-0.081949128,2.63066935,0.265240452,0.427054916,1.278318033,-0.105796765,-0.675556149,0.880399681,-0.563759527,0.278959645,-0.903573024,-0.399137619,0.374385693,0.09894424,-0.526701303,-0.217028574,2.157272758,3.868869973,0.260224583,3.202670314,0.018607287,-0.425262252,-0.25238215,0.342308349,1.22483067,-0.677993266,-0.163388416,1.173782141,-0.615144548,0.203342061,-1.199675444,1.139679049,-0.513749179,-0.243975331,0.274544938,0.272206024,0.09835972,-0.209906307,1.205028072,-1.178221238,-0.655524862,-0.675516322,-0.488461562,-0.286035887,0.061770271,-0.471553827,0.994411135,-0.342706913,-0.455209168,-0.214193265,1.550233918,6.099041798,0.333469961,-0.541710777,-0.330827643,-0.498082271,-0.056856572,-0.140095114,-1.071846616,-0.214631462,-0.887661301,0.072296762,1.004693613,-0.001921867,0.207047607,-0.35554382,-0.353409618
7Networks_RH_SomMot_19,1.685622833,-0.485841171,-0.861732337,-0.16357581,-0.20917162,-0.958049654,-0.28264721,0.097301176,-0.303815745,-0.487414066,0.687545572,-0.586629305,-1.302433791,0.586795305,-0.199014077,-0.839883908,0.298949908,-0.508053769,-0.322284816,2.497349716,0.190841237,-0.219540756,-0.365996237,1.099641356,0.449275144,-0.523879191,-0.254146375,-0.410541327,-1.018128249,0.4967533,1.058096003,-0.629167391,-0.5408924,-0.535610519,-0.003176922,0.282143432,-0.310310636,-0.382765984,0.1818089,-0.599649038,-0.036877529,0.667325689,1.437336909,0.665615366,0.141993786,2.052444054,-0.120970054,0.988492628,0.426158469,-0.41802521,0.317275061,0.440711977,-0.531282564,0.040003751,-0.446647363,-0.85735369,-0.185157919,-0.535222725,-0.251465423,0.157923784,-0.019792858,-0.748541298,-0.922129869,-0.688441717,0.895108757,-0.208710102,-1.597894177,-1.03908349,0.350815409,-0.500433608,0.0987586,-0.185070471,1.796872112,3.615378883,0.786680834,-0.036394969,-0.707212917,-0.347847252,2.528979816,0.895339551,1.025483918,-0.763508929,-0.719340689,-0.015249827,-0.132213764,-0.520849124,-0.59288544,-0.022478459,-0.639527114,-0.245511649,-0.407622179,0.198270332,-0.718598328,-0.550043298,0.736397323,-1.225153462,-0.704251159,-0.442346605,-0.444502219,-0.936163801,-0.035470394,-0.26498522,1.055688675,-0.370353159,-0.818283779,-0.003109357,0.00911414,1.762648055,-0.494784683,0.354633418,-0.520052199,0.626173599,0.541079796,-0.559806793,-0.077179949,-0.60693743,-0.453814491,-1.154935775,-0.411073448,0.719575745,1.403100202,-0.932648214,-0.59917792
7Networks_RH_SomMot_20,0.288717653,-0.63828731,-0.069717953,0.43560992,0.04114988,1.630708937,0.241050691,0.061742608,1.114890745,0.517765836,-0.040126045,0.418275557,0.322222648,-0.771509864,-0.435817854,-0.097059864,-0.429087755,0.385054939,-0.134594236,0.836823567,0.063221008,-0.164248186,0.028496318,-1.019790252,-0.126686467,-0.206201836,-0.280162699,-0.318591315,0.80544538,0.717917214,0.464960006,1.168967706,-0.129559441,0.5107833,0.38254495,-0.444356428,-0.422516832,-0.266698961,-0.107051287,-0.459545496,-0.944477534,-0.117438272,0.771737439,0.370454725,-0.429657478,-0.203732184,-0.62236206,0.227050562,0.235140781,0.082833125,0.41133526,0.796399825,-0.789972985,-0.229769412,1.196949647,-0.548656253,0.216370036,-0.519314754,0.205756797,0.251222483,0.344915864,0.35938481,0.278179831,0.281305511,0.419006281,0.41417395,0.306504008,0.22252216,-0.365131182,0.366037018,0.851247566,-0.137499218,0.273404908,1.33004668,1.133059564,-0.146241756,1.290049813,-0.575094848,1.688506408,0.112796371,0.192363053,-0.538925695,-0.66673855,-0.139623114,-0.156534145,-0.646868692,0.067988569,-0.255854358,0.42859655,0.162261387,1.142182256,-0.283256891,0.651853439,-0.557139384,0.012065912,-0.31273642,-0.130101799,-0.302963045,1.086297631,-0.536336076,0.444756636,-0.046885475,0.699582239,0.462253201,-0.526349402,-0.593843429,-0.579883631,0.08921677,-0.221003351,1.219785673,-0.339979764,0.517864748,0.099166329,0.66967558,-0.473599427,-0.317840552,0.170331348,0.515140996,-0.375165791,-0.319468787,-0.37399533,0.814951126,0.511157089
7Networks_RH_SomMot_21,1.692355834,-0.965155051,-1.038616482,0.182347386,-0.968345786,-0.574208919,-0.083664112,0.150564582,-0.315650393,0.123502278,0.855424509,-0.447081242,-0.911742344,0.15079454,0.118555728,-0.810852106,-0.163969628,0.646391785,-0.396615221,1.010879897,0.419948768,-0.225865819,-0.136968927,0.46002608,0.352183712,-0.299802095,0.138960505,-0.524888885,-0.191013027,-0.29050604,0.599932157,-0.128471103,-0.42712315,-0.165138878,0.715442381,-0.085988924,-0.756376424,0.934414871,-0.31444504,-0.839101706,-0.085446788,-0.295405064,0.524683949,-0.123572061,-0.594736227,0.974228098,-0.431089522,0.140672171,0.243053674,0.275194743,0.215206895,0.843971734,-0.37882984,0.013193421,-0.716441358,-1.094976392,-0.349738714,0.021666713,-0.744026396,0.350751418,0.157468442,-0.140633654,0.018479765,0.875463328,0.097563021,-0.175673869,-1.153352459,-0.328660438,-0.522403074,0.37762931,-0.345352844,0.94481603,1.386471624,3.089389029,0.870317355,-0.265563919,-0.600013957,-0.428674806,0.242394207,1.113964962,0.243043063,-0.688575079,-0.593837747,-0.120142723,-0.37563454,-0.65926357,-0.577760765,0.28290124,0.250333381,-0.08292445,-0.204037598,1.270907965,-0.402957295,0.010549395,2.011023202,-1.020625509,-0.699649669,-0.408631397,0.761825679,-0.370245208,0.238977597,-0.642210132,1.290909362,0.136228725,0.316485584,0.488367843,0.427752225,1.174505346,-0.491550567,1.001073287,-0.806078991,-0.325780872,-0.092574849,0.127483293,-0.083115639,0.041893606,-0.366329307,0.116766928,-0.584592122,0.044486817,1.229237387,-0.57290836,-0.76349983
7Networks_RH_SomMot_22,2.433019987,-0.803249383,-1.082617901,1.03317751,-0.572007712,0.296465091,-0.878303701,-0.27179861,-0.314583884,0.20789257,0.813814743,-0.483437418,-0.966832485,-0.18830016,0.042651409,-0.819782729,-0.525589645,0.627843964,-0.550749052,1.420755255,-0.581297553,-0.73861229,-0.235022388,-0.485008658,-0.306286247,-0.104818516,-0.212819709,-0.381386053,-0.833155247,-0.480444791,0.96585365,0.263071545,-0.571083941,-0.740764081,0.468427793,-0.256751234,-0.734171536,0.990508544,-0.145568215,-0.493751361,0.340319979,-0.26458547,0.321054131,-0.273780425,-0.354633062,2.269980275,-0.578953926,0.04739325,0.043763969,-0.02666453,0.388832207,0.337954345,-0.545983651,-0.225547807,-0.604063529,-0.981581633,-0.669634622,0.113697355,-0.634733156,0.197824642,0.392810052,0.201640946,-0.025765696,1.240622671,-0.113721997,-0.375263654,-1.465572871,-0.413242546,0.547882809,-0.159217053,-0.930417597,0.601032818,1.511267005,5.326363532,0.472988011,0.057946568,0.030577239,-0.464614401,0.689469728,0.740156832,0.897642784,-0.205540247,-0.553634891,-0.724624586,-0.752087945,-0.412911337,-0.340641005,0.727920791,0.172212532,-0.588761164,-0.19785877,1.510882935,-0.205674112,0.87117888,1.203267326,-1.467037563,-0.526296251,-0.817000221,0.460596266,-0.237979428,-0.247373067,-0.368165594,1.207945163,-0.23000299,0.153358361,1.037343361,0.077610607,0.690434314,-0.195057396,0.709908706,-0.487449272,-0.646098259,-0.358581709,-0.026734079,-0.02554307,-0.191131358,-0.810272247,-0.14487457,-0.369919386,-0.487546582,0.854228574,-0.90021115,-1.156432673
7Networks_RH_SomMot_23,1.285494001,-1.055503624,-0.681138845,0.291525395,-0.804596127,-0.224652282,-0.315750565,0.093218181,-0.596279711,0.469123944,-0.298916719,-0.613437714,-0.980468516,-0.359217004,-0.17472663,-0.548872935,0.865626368,-0.024075028,-0.682175011,1.174739367,0.209575881,0.115233404,-0.296515545,0.715260125,0.450587262,-0.467435214,-0.175360364,0.408707264,-1.585538063,-0.54941096,0.121206496,0.159058837,-0.702566105,0.448111181,0.597671363,-0.061187711,0.0603871,-0.012713769,0.112953894,-1.210321463,0.087229932,-0.208318408,-0.099382795,0.424847039,-0.650014896,2.892005234,-0.803762044,0.075750997,-0.379631011,0.050053572,0.296759447,0.052634234,-0.12763498,-0.16350603,0.949614516,-0.445811123,-0.259459197,-0.911147202,-0.085918019,0.15390411,-0.140285402,-0.304385598,-0.843261365,0.229484974,0.856036756,-0.29419172,-1.033374678,-0.419927813,1.264158241,0.808137485,-1.035445335,-0.644279246,1.444634287,3.589805884,0.434351435,-0.230572535,-0.142218619,-0.327975096,1.296670312,0.673655912,1.412415254,-0.82716511,-0.983301727,-0.50432345,0.175884468,-0.711315037,-0.599894249,0.069723532,-0.315157351,-0.484715412,-0.493701327,0.528516365,-0.382574561,-0.30092007,1.398244297,-1.669252682,-0.363337187,-0.606652382,0.399071234,0.233670152,-0.310453642,-0.326466295,1.456057175,0.064340601,0.876914121,0.4512662,-0.641978126,-0.114072041,-0.497812309,0.085782977,0.157751848,-0.20359772,0.069659614,-0.628016304,-0.107212928,0.102086317,-0.387692842,-0.946866654,-0.423642846,-0.004166119,-0.153483776,-0.625381688,-0.428150201
7Networks_RH_SomMot_24,1.951729108,-0.978565745,-0.629400559,0.497403735,-0.491412251,0.465806862,-1.171971689,0.065290659,-0.057565967,-0.309301656,-0.242240925,-0.127718782,-0.076691343,-0.347934466,-0.20062061,-0.333693456,0.313161592,0.110826547,-0.31410859,4.048288328,0.197464675,0.166150562,0.227867785,-0.580855991,-0.025582217,-0.081216419,0.184852082,-0.023738725,-0.472153678,-0.181644246,-0.347901054,-0.093435768,-0.796407123,0.554890925,-0.196708498,-0.505006044,-0.838318004,-0.452823792,-0.3002045,-0.75613578,-0.037592267,-0.25658866,0.036179011,0.52035347,-0.037413824,2.942584372,-0.366569958,0.00156254,0.139663302,0.229750149,0.969616297,0.270262408,-1.080885098,-0.401389679,0.307984351,-1.129700484,-0.823463304,-1.170113257,-0.796186513,0.901503384,-0.219227672,0.243697152,0.370277676,-0.438055113,0.019007874,-0.48959675,-1.217229597,-0.859884537,0.296554025,1.496917838,-0.283628317,-0.224760686,2.384712986,5.969661342,-0.357333043,-0.338381103,-0.170784201,-0.867900337,1.642054026,-0.030152018,2.279983631,-1.04872477,-0.330502838,-1.376748841,-0.530648487,-0.902508798,-1.433267216,1.036391397,1.222522298,-0.210183446,0.99760235,-0.04885784,-0.812209972,-0.11708211,0.363638881,-1.512220841,0.087808343,-0.554624552,0.404572508,0.030557994,-0.427130139,-0.664938166,1.504080317,0.998914887,-0.517459054,-0.028257155,-0.591341393,0.873981515,0.31332637,0.195743219,-0.257817756,-0.05957774,1.117746094,0.272515259,-0.421286501,-0.089432435,-0.519594564,-0.082745189,-0.004761582,-0.222915387,-0.675906269,0.108819168,-0.059066953
7Networks_RH_SomMot_25,1.449643853,-0.827457823,-0.746277742,-0.130133884,-1.13773688,0.377249646,-0.742632103,-0.530829316,-1.080337831,1.896659644,0.503525028,-0.190347737,-0.797952586,-0.172753404,-0.194907984,-0.149474729,-0.433121441,0.94227716,-0.434655917,3.099415528,0.777322856,0.341263226,0.229368042,-0.568466197,0.481507874,-0.639589932,0.451044142,0.090036171,-1.638242618,-0.635311765,0.741334169,-0.669734549,-0.69564229,-0.134545273,-0.020414365,-0.576532086,-0.887068225,-0.255649673,-0.440259276,-1.621763443,0.15664815,-0.239238149,-0.490047783,-0.421512628,-0.425348394,2.537626452,-0.326189676,-0.80018462,0.146107178,2.193636378,1.029525632,0.219672881,-0.038389337,-0.514257129,0.813263858,-1.379643638,-1.058497437,-0.93714813,-0.528260295,0.394100264,0.128664086,0.550131743,-0.335122343,0.209847798,-0.109945135,0.176702668,-1.408495106,-0.299067433,-0.196286718,0.572629384,-1.162450311,0.00051243,1.256123132,5.588966409,0.142034906,-0.632515857,0.354239136,-0.989315132,0.656019433,-0.481265179,2.385658809,-0.916521965,-0.701537549,-1.021518012,-0.082280461,-0.846327062,-0.268906749,1.241668921,-0.126824342,0.181953373,-0.038456458,0.427546932,-0.092860212,-0.50959574,1.656008095,-2.061041301,-0.213720566,-0.65257824,-0.26826634,0.07078744,-0.802742956,-0.687171838,1.638489481,0.234350822,-0.058445393,-0.79176676,-0.508314658,-0.311999468,-0.93571573,-0.058964326,-0.229473992,-0.60056869,-0.146083048,0.449367551,-0.042760111,-0.090987466,-0.215392215,-1.172081678,-0.306338133,-0.142961678,-0.076372288,-0.083060865,-0.671946483
7Networks_RH_SomMot_26,1.405150035,-0.53121998,-0.870224107,-0.282364997,-1.225969775,0.042953548,-0.140614089,-1.395148834,-0.743059591,0.376974537,0.206159312,-0.328881632,-1.049397225,-0.214186237,0.511648764,-0.593057465,0.036219377,0.8569853,-0.225895747,1.981507588,-0.161689093,-0.190547185,-0.338040712,-0.593850458,-0.614108567,-0.790693383,-0.332976008,-0.44228527,-1.596293884,-0.787361165,-0.261978951,0.095631346,-0.255853647,-0.627791108,-0.094304144,-0.169101809,-0.625619322,-0.207922914,0.041813474,-0.754219879,0.445237835,0.054653617,0.77815462,-0.146475047,-0.14087996,2.857713129,-0.518164585,0.532391482,0.138517856,1.406928289,0.237780412,-0.15529502,-0.064932456,-0.493742498,0.335632091,-0.17183618,-0.219552358,-0.419316788,-0.14484746,0.170619786,-0.517231663,-0.064707323,-0.209035569,-0.024654406,-0.377188035,0.169663208,-1.030001823,0.520407894,-0.406888071,1.014298912,-0.646860572,-0.188192252,1.281983382,6.119949628,0.192586114,-0.003038485,0.265830115,-0.588881979,0.349644501,-0.685052382,1.206641441,-0.560172108,-0.584213703,-0.143527213,-0.367027125,-0.714955538,-0.448689227,1.045612143,-0.158829643,-0.076715189,0.485996228,0.056085786,0.738052651,-0.230124737,0.208414995,-1.607191144,-0.542751674,-1.076267074,-0.225810013,-0.534161439,-0.483668473,-0.303597738,1.948981079,0.140341321,-0.215686764,-0.399940079,-0.383410827,-0.456757038,-0.642592663,0.368473417,-0.495165483,-0.789478349,-0.012655992,-0.442388905,-0.199049604,-0.245233748,0.19416795,-0.351696302,-0.370539411,-0.900284778,-0.249016623,-0.208129193,-0.948172361
7Networks_RH_SomMot_27,1.600727769,-0.60017206,0.071045803,-0.041440686,-0.981640468,0.800782778,0.143173052,0.000666811,-0.239863206,0.647972604,0.390774941,-0.013325564,-0.916878123,-0.665985559,-0.446028393,-0.177695025,0.56813711,-0.193387454,-0.623731542,1.84674666,-0.449845114,-0.441365001,-0.195147593,-0.169760306,-0.623573624,-0.337714781,1.202150695,0.010728565,-0.837583499,-0.55664193,-0.023598377,-0.256937251,0.268855199,0.107513972,0.714552227,-0.120064425,-0.513962646,-0.369486596,0.477773189,-0.788354463,-0.215543161,-0.451081269,0.118056776,0.273766769,-0.554680504,2.687612611,-0.867940851,-0.041824396,0.728661789,-0.093243528,0.441884495,0.149303328,-0.159714037,-0.510661094,0.69737222,-0.883326195,0.077120385,-1.567946448,-0.759117572,-0.837131678,-0.784746313,0.030879357,0.2824269,-0.652043534,0.394012653,-0.848223101,0.003385429,0.598522722,0.532997183,0.740950448,-0.907596795,0.943488155,0.751576879,3.804328875,0.804583072,-0.57487943,0.389776746,0.133063968,3.187397381,0.142438679,1.676030063,-0.13679706,-0.7950537,-0.457479539,-0.103496432,-0.195199115,-0.748876477,-0.111446091,-0.110981616,-0.500250142,0.793831186,0.324877494,0.107942155,-0.542822628,1.3617213,-1.354727767,-0.377082037,-0.213648168,0.170406363,0.070853549,-0.639484451,-0.686536737,0.120739686,-0.179584615,-0.372707994,-0.606879031,0.295298985,-0.163906713,-0.624813354,-0.112630653,-0.677084552,-0.747425594,0.66887518,-0.416666694,-0.393190255,-0.438546055,-0.158571332,-0.489736033,-0.764108803,0.344600962,0.097838511,-0.613464924,0.279232278
7Networks_RH_SomMot_28,1.685056343,-0.225148156,-0.20538313,0.094180486,-0.642493129,0.643258234,-0.616083328,1.27064795,-0.552932459,0.027926491,0.462876864,-0.412956381,-1.176567796,-0.313656392,-0.354835762,0.422557713,-0.045248349,0.146072219,-0.573509367,1.351897901,-0.041961587,-0.057561767,0.18924056,-0.08412167,-0.361748859,-0.612542437,0.449383096,0.103625979,-0.651759734,-0.408446921,0.644110079,0.129558645,-0.239655626,0.175552131,0.171687911,0.106119692,-0.554555758,-0.484634158,0.25035362,-0.707065107,0.494282248,0.100397197,0.881015534,0.442320072,0.039534636,2.099444532,-0.514104931,-0.253817619,0.163105995,0.525744746,-0.005276244,-0.207852991,-0.092447234,-0.705322119,0.518209389,-0.642544531,-0.580295019,-1.358456148,-0.594461229,-0.377799547,-0.798906644,-0.465512907,-0.589629315,-0.248538013,0.625102687,-0.813687177,-0.62549918,-0.103366542,-0.550257977,0.410594218,-0.845531509,1.263746124,0.839324676,2.992043838,1.474891417,-0.263868499,-0.026724675,1.020760772,3.017311498,0.54984921,1.952675765,0.038605042,-0.591497444,-0.389316566,-0.019700267,-0.465843953,-0.345901235,-0.434604765,-0.289960271,0.443641734,0.383992377,0.574840255,-0.449921963,-0.418153404,0.99705938,-1.00922882,-0.039482253,-0.058530237,0.041165385,0.403711457,-0.604162692,-0.101930572,0.522245906,-0.489637775,-0.625979425,0.268977993,0.276272046,-0.09532849,-0.37826237,-0.444851206,-0.957826548,-0.090862135,-0.389724017,0.256439029,-0.773937431,-0.434930318,0.533371366,-0.815515202,-0.460601684,0.708551955,0.509318342,-0.658314479,-0.241941542
7Networks_RH_SomMot_29,0.46931948,0.007617882,-0.5163611,-0.315615462,-1.237467294,0.447437907,0.237586438,-1.239345968,-0.984471295,1.701177537,0.135619667,0.128016116,-0.781146521,-0.313985856,0.347775274,-0.635123524,-0.170610626,0.835656874,0.238684519,2.992497135,-0.175787052,-0.434490329,-0.643993065,-0.519412824,-0.498612425,-0.841173256,0.294570476,-0.370669285,-1.381344728,-0.364258021,-0.517104124,-0.192114898,0.45451739,-0.660470365,-0.089872757,-0.032181729,-0.954816199,-0.404853381,0.396181665,-0.616466876,-0.318623942,0.361530547,0.462036354,0.204287225,-0.463473853,2.983777839,-0.42150753,0.295486735,-0.016461071,0.390902565,0.226251255,0.309117111,-0.326317504,-0.481562936,0.316762897,-0.438626612,-1.089633677,-1.36170633,-0.368494592,-0.315777275,-0.386242159,0.477869397,0.43443433,-0.227668623,0.014378459,-0.454663062,-0.931707691,0.747986314,0.551249915,0.328598699,-1.27702299,-0.096984597,0.827364462,5.736780734,-0.243987455,-0.234779054,-0.12281678,-0.502802356,2.057413684,-0.578465631,1.154521367,-0.852266127,-0.983636192,-1.268885709,-0.648797734,-0.336234041,-0.59852074,2.020063463,-0.382983024,-0.816169008,0.512370113,0.104986787,0.649070343,-0.349997565,0.826453033,-1.383429191,-0.398359097,-0.249304555,-0.349214704,-0.469564325,-0.438792779,-0.697833011,1.53702599,0.388428743,-0.353003778,-0.823587891,-0.017833932,-0.290318043,-0.685805424,0.046974639,-0.368951868,-0.862477275,0.483910795,-0.806081927,0.604213652,-0.309890452,-0.03612388,-0.55592112,-0.829609518,-0.667132139,-0.2933615,-0.171888822,-0.844927047
7Networks_RH_SomMot_30,0.070632394,-0.913976715,0.549966974,0.99425686,-0.24535679,0.574822552,-0.297248476,0.175780445,0.188694341,0.789912592,-0.297453925,-0.216434022,-0.394338278,0.069372544,-0.485847835,-0.250101062,0.815967099,0.006724432,-0.096579671,2.488824265,0.079359359,0.67893942,0.163831073,-0.550537803,0.063740962,0.061524783,-0.118270478,-0.547765434,-0.444150244,-0.444101484,0.292753994,0.021091769,-0.594046036,-0.142093779,0.234228242,0.022453429,-0.331442245,-0.10058907,-0.815376846,-0.262743201,-0.923731472,-0.918360701,0.000637008,0.048849969,-0.441282228,2.175571892,-0.64852003,0.386243448,0.94576555,-0.11600302,1.192257686,0.727049859,0.148471566,0.250421111,-0.609357096,-1.13392351,-0.138107413,-0.938935122,-0.535830547,-0.203941014,0.324351698,0.114900172,0.504077491,-0.153515477,-0.175842555,-0.503357219,-0.824396069,-0.128065867,1.174723764,0.621848919,-0.35618312,-0.394862382,1.236026367,3.419931957,-0.404996251,-0.370331415,0.352150799,-0.525580756,1.720202089,0.577107974,1.205363475,-0.099545252,-0.331063927,-0.378767572,-0.423162276,-0.274440653,-0.93967401,0.393730338,0.144003814,-0.220568395,-0.506113094,-0.039923371,-0.573117417,-0.419348474,1.454171732,-0.460275537,0.152295794,0.111013083,-0.364020282,-0.662266025,-0.293734073,0.463159674,0.553421346,0.565264174,-0.085365641,-0.582942955,-0.578734705,0.140991028,0.343549499,0.738309273,-0.239979495,-0.201066598,-0.11577596,-0.051838006,-0.340575676,0.550275774,-0.026213419,-0.600356605,-0.353307085,-0.67194988,0.241423889,-0.411068094,-1.031122705
7Networks_RH_SomMot_31,3.914109828,-0.827043655,-0.255951445,0.532811058,-1.507884004,0.345366267,0.063574457,0.035051861,-0.520067637,-0.228347889,-0.334447492,-0.617044476,-0.351193312,-0.398079644,-0.451981324,-0.196338927,-0.52439279,0.250568997,-0.894384732,3.933605048,-1.08507202,-1.060250962,-0.573289974,-0.43224875,-0.229906899,0.062698176,0.116324802,0.600483859,-0.964971094,-0.150126092,-0.509591586,0.765974277,-0.791504911,-0.90259529,1.075097634,-0.649800596,-0.619062956,-0.241414958,-0.141429429,-0.520068009,0.773723113,0.146357567,1.410066457,0.8765748,0.891256762,4.136296931,0.031567579,0.300310099,-0.354653374,0.047495267,-0.343632772,-0.056821404,-0.053124018,-0.565480405,0.696853623,-0.019287463,-0.098883731,-0.771470364,-0.379849179,0.750981684,-0.652097038,-0.359096809,-0.191300568,0.873049484,1.093335754,-0.418370587,-1.033684736,-0.501447011,-0.218046531,1.085903437,-1.168176505,0.046709885,2.072558227,5.230738152,-0.224578304,0.166788291,-0.1716345,-0.167494147,-0.472972647,-1.371071568,1.663428193,-0.874515288,-0.416659185,-0.465420675,0.204253518,-0.224190874,-0.642823914,1.218970858,-0.157836764,0.02765036,0.691644354,-0.147033103,-0.72918289,1.173847713,-0.340410201,-1.649268981,-0.21317656,-1.149248394,-0.837440107,-0.154821964,-0.85158491,-0.690674225,0.295594848,0.293846375,0.101172335,-0.140324577,-0.765221567,-0.071875924,0.970329033,-0.118989868,-0.455317227,0.080232557,0.850652179,-0.457471171,-0.792378196,-0.333553758,-0.338231479,-0.43394866,-0.761910417,-0.528843395,0.06159602,-0.982373669,-0.462652361
7Networks_RH_SomMot_32,0.230825858,-0.646495208,-0.427680021,0.290475389,0.583544488,0.961839533,0.485549373,-0.508940914,-0.40091401,0.794560685,0.30821547,-0.677291451,-0.209293217,0.478405503,0.496250899,0.607143536,0.448799926,0.341320694,-0.321381767,0.488835491,0.217157696,0.843949909,-0.022720691,0.328233788,-0.054232601,0.256289753,-0.192787782,-0.232030367,-0.006638307,-0.201497819,0.85190474,-0.108325415,-0.421374768,-0.111112112,0.274343606,-0.595519509,-0.517111971,0.342535455,-0.861821847,0.143757968,-0.337983992,-0.070731596,-0.264685162,-0.453393301,-0.18733049,0.961502964,-0.625559891,1.293593574,0.066243341,0.435377461,0.274696618,0.01106789,0.29581519,-0.212354342,0.030886323,-1.024424833,0.231326203,-1.201719137,-0.304726225,-0.506022087,-0.34680503,-0.697969875,-0.253308167,-0.225052123,0.407124254,-0.677935267,-0.95857716,-0.386904237,0.094662298,-0.038402254,-0.147201421,-0.227701164,0.527690061,2.538961566,-0.702640328,-0.525904035,0.551287963,-0.187939766,3.717346967,1.272270364,0.995104175,-0.539258266,0.062267669,-0.603173064,0.433932872,-0.19908619,-0.709848093,0.008027904,-0.432365419,-0.328485224,0.125165292,-0.137307345,-0.879551936,0.04527007,1.514545379,-0.278701494,-0.447954887,0.827466195,0.187360736,-0.338378836,-0.687885042,-0.077354698,-0.67030472,0.172518793,-0.74579744,-0.149185387,-0.414461502,-0.10469861,-0.61121294,0.035960383,-0.11241025,-0.642687376,-0.538754264,0.37411115,0.313564382,0.420642116,0.258777327,0.197517488,-0.495301192,-0.535452663,0.380049303,-0.592030406,-0.538393397
7Networks_RH_SomMot_33,0.523568382,-0.795870727,0.177514279,-0.225957419,-0.981735604,0.592799311,0.187405929,-0.54104185,-0.70028481,0.030245226,-0.2772139,0.77292434,-0.223506474,-0.660522424,0.378300641,-0.838822847,-0.617667994,-0.217467526,-0.095649452,1.029137423,-0.398493773,-0.533241662,-0.60925379,-0.686153194,-0.06168014,-0.79168941,-0.134238636,0.031745144,-0.707437221,-0.48655531,0.47767914,-0.875575762,-0.200491743,-0.501347413,0.234489269,0.407941784,-0.692199424,-0.534013759,-0.898653806,-0.134426493,-0.444896913,-0.22121043,1.113090973,0.072938725,-0.514978149,1.383147704,-0.890037037,2.282362127,0.048784703,-0.540742325,0.243330902,0.845561165,-0.04291612,-0.303593147,0.004962665,-0.813077654,0.467216446,-0.139898498,-0.021780445,0.058869269,-0.449475207,-0.178842149,-0.073236889,-0.604804742,-0.620382422,0.54276028,-0.581597229,1.173583679,1.053372215,0.941562367,-0.546452299,0.081369344,0.667379428,2.729133067,0.009716006,1.922296661,0.755043133,-0.810681279,2.476517171,0.325346693,0.55443631,-0.852052111,-0.827456125,0.405233524,0.203962017,-0.77339724,-1.328260641,-0.384197603,-0.171042681,-0.836192289,0.24061593,0.464798064,0.926973573,-0.153878236,0.462898419,-0.794821488,0.221553975,-1.059066171,-0.20549958,-0.438924074,0.107673689,-0.545740941,1.388113052,-0.592096923,-0.208809737,-0.794310061,0.095985331,0.805092355,-0.564338043,-0.022896064,0.273418486,-0.343092199,-0.275549842,-0.432257156,-0.443707931,-0.149152968,-0.473374153,0.216446708,-0.505152917,-0.488782145,0.715243492,-0.180747959,-0.723659964
7Networks_RH_SomMot_34,0.332241911,-0.26326864,0.043421485,-0.323292237,-0.665975861,0.954859182,0.177304308,-0.124243636,-0.719233789,0.081308202,0.022175997,0.756283146,0.078497666,-0.502047102,-0.564794371,-0.81548519,-0.549073151,-0.009199354,-0.092016117,1.092656962,0.136835123,0.153196709,-0.89159271,-0.282584043,-0.238574514,-0.574290382,-0.01420983,-0.051023486,-0.88863492,-0.504465475,0.627822027,-0.953609528,0.244713028,-0.37094333,-0.425308704,0.364283163,-0.785595325,-0.067626949,-0.234920631,0.240659151,-0.514684107,-0.416317055,0.916889886,0.736696067,0.118643876,1.025448525,-0.749436037,0.947503318,0.303155433,-0.497594857,0.014168736,0.321327732,-0.159352677,-0.23419664,0.381286978,-1.023362885,0.533474494,-0.80301049,-0.548692963,0.233789153,-0.232282988,0.221622603,-0.098076656,-0.762432307,-0.145419613,-0.006080991,-0.62763675,0.8760346,0.119143953,0.482985666,-0.46168809,0.089641636,0.386650699,3.000226805,0.06632352,1.158291298,0.632648594,-0.705295515,3.502283521,-0.275289814,0.657600538,-0.583123126,-0.748567212,-0.296422166,-0.142581721,-0.177713365,-1.424877071,-0.348829049,-0.143697985,-0.676995011,0.351898777,0.099864699,0.547247895,-0.664558239,-0.23410975,-0.335926943,0.272067692,-0.376952231,-0.406661544,-0.563157377,-0.485708643,-0.775533071,1.126056285,-0.912272809,-0.030341696,-0.512070505,0.100074565,0.48635542,-0.533188135,0.410590068,0.308585609,0.012450302,0.171736715,-0.481842512,0.459306074,0.43603872,-0.635875227,0.195717362,-0.46051404,-0.139313869,0.147513357,-0.405359552,-0.692928597
7Networks_RH_SomMot_35,0.524253938,0.301043234,0.332230848,0.722603302,-0.213804699,0.817862902,0.138705279,0.584811346,-0.72799271,1.216708806,0.193900224,-0.26093094,-0.140519728,-0.034923884,0.315930185,1.116894439,0.192597002,0.283226892,-0.159291066,1.232111342,0.662385585,1.204988805,0.096030574,0.319302223,-0.505904646,-0.347581681,0.247814877,-0.079330325,-0.855787314,-0.423720126,-0.044242884,-1.383131672,-0.567458983,0.575008291,-0.35511596,-0.003412135,-0.705870369,-0.510003828,-0.145251837,0.457862293,0.207991831,-0.176689101,0.916838463,1.298286813,0.236964438,0.381007446,-0.468902968,0.925929666,-0.093515135,0.392443492,0.146498105,0.200426268,0.75908224,-0.754603131,-0.445129185,-1.177533546,0.186251458,-0.893851547,-0.758273387,0.082273156,-0.474701452,-0.265580994,0.42267153,-0.500275665,-0.275870696,-0.594934556,-1.162201968,-0.065202675,-0.380597762,0.591743625,-0.334282956,0.100088642,0.952974322,2.053145332,-0.169200529,-0.008716249,0.198648393,-0.338891222,4.252685415,-0.324976849,0.820158224,-0.339882315,-0.304329547,-0.114603144,0.745279698,-0.572634964,-1.10430487,-0.640741047,-0.525928886,-0.261655021,0.713438972,0.395369841,-0.85151584,-0.287266791,-0.04919315,-0.36334431,-0.375885015,1.356027896,-0.614898803,-0.633467027,-0.621767607,-0.689193306,0.714903335,-0.810688731,0.567968038,-0.844994827,-0.607850152,0.602091751,-0.444804092,0.553380557,0.124878864,0.025677158,-0.213973357,-0.600638228,0.127722163,1.615056375,0.275991245,-0.624911514,-0.424252727,-0.173093297,-0.647553289,-0.504927639,-0.291530179
7Networks_RH_SomMot_36,2.923976524,-0.65056255,0.797316453,0.688832805,-0.676475396,0.426281733,0.098997307,0.245277158,0.374039859,0.947167674,-0.398190413,0.019273376,-0.723084991,-0.240752458,-0.309488472,-0.593007525,0.402811681,-0.309505647,-0.986657698,3.488527085,-0.546777824,-0.431607707,-0.009481799,-0.038195873,0.131606908,-0.520238136,0.218523581,0.746434355,-0.24313935,0.341312438,-0.32782976,-1.078516168,-0.893551447,0.106329692,0.63110215,-0.354957133,-0.454164727,-0.282320497,-0.5850566,0.191408608,0.499627709,-0.811172356,1.501917522,0.135518992,0.326177207,2.253270855,-0.700541055,0.110152165,0.006163916,0.09110369,-0.737145162,-0.094191303,0.127307427,-0.172734871,0.318855595,-0.334336365,0.645571899,-1.114774457,-0.457473801,0.124245138,0.094173089,0.143944669,0.275460632,0.851316102,-0.50596771,-0.593819404,-1.311349725,-0.239632766,0.281079492,0.520938497,-0.917540951,0.24062824,1.190645687,3.108573527,0.397599237,-0.289404438,0.447417108,-0.287430279,0.523162809,-0.207668749,1.698991523,-0.278397049,-0.174270099,-0.536782656,-0.535098468,-0.751194475,-1.002015802,0.106308903,0.257310171,1.097092688,-0.088672088,0.18702817,-0.579180645,0.60287181,-0.034755297,-0.250855947,0.185438218,-0.392313446,-0.828808784,0.52785648,-0.070913316,-0.258884644,0.666591163,-0.55628314,0.279686188,-0.450749989,0.279206582,0.141446896,-0.635912904,0.306053116,-0.192254192,-0.68564391,0.298831918,-0.534608297,-0.320274281,-0.65031283,0.180576076,-0.456486927,-0.203901872,-0.516598738,-0.642362431,-0.222182808,-0.538309157
7Networks_RH_SomMot_37,1.273271817,0.504633781,-0.228376573,0.589134466,-0.754775182,0.116751471,-0.095889184,0.000758484,-0.161194108,0.101569122,-0.057285498,-0.621221362,-0.172466575,0.094303259,0.781256815,0.252537852,-0.028192353,0.867134243,-0.371087515,0.743098249,-0.071873126,0.198584466,0.409885278,-0.117768989,-0.354094314,-0.320298773,0.278876563,1.079821665,0.220157144,-0.181419155,0.238965539,0.696358551,-0.27836902,0.521711129,-0.129940706,-0.109385689,-0.556079928,-0.089478978,-0.268064345,-0.021740031,0.052536482,-0.23995933,0.249219694,-0.130434802,-0.363954454,0.73854194,-0.687189188,0.288767043,-0.228406711,0.090753293,0.070979162,0.118033863,0.300460495,-0.366681838,0.077372917,-0.572855783,0.629111905,-1.047605837,-0.357692883,0.545547334,-0.364462255,-0.28541828,-0.440200096,0.030090582,0.79450955,-0.091770703,-0.111637969,-0.287938106,-0.174755193,0.066181002,-0.789771473,-0.000906779,-0.116778335,2.384341816,-0.07784098,-0.346583788,0.137551002,0.102023691,2.659227132,-0.021393112,0.422597836,-0.557647541,-0.228429939,-0.639624093,0.713301431,0.149103621,-0.687536049,0.584952253,-0.543208099,-0.03823409,0.340603734,0.191690152,-0.489622889,0.84530035,0.465138666,-0.127564912,-0.081300083,0.809443982,-0.491776957,-0.16650796,-0.052461891,0.016847417,0.330636752,0.10096092,-0.188049314,-0.203388104,-0.581995806,-0.486169142,0.37969875,1.128254558,-0.595544607,-0.528902186,-0.626491263,0.569006496,-0.142266864,0.021586912,-0.213178964,-0.160169955,-0.07129888,-0.545254941,-0.476398293,-0.54920278,-0.025096104
7Networks_RH_SomMot_38,0.904301337,-0.426789646,0.108836191,-0.129494109,-0.031468438,0.81072919,-0.164165105,-0.039283408,-0.15185546,0.624123695,-0.158522214,0.047146668,-0.067066027,-0.179456235,-0.665592002,0.48579717,-0.353034209,-0.077825577,0.1880172,3.012649041,0.544004534,0.241142831,-0.524075752,-0.089267922,-0.58496271,-0.114888824,-0.316918486,0.005595982,-0.601642093,-0.515009176,-0.017459006,-0.730228794,-1.009645114,0.0661436,0.155013856,-0.378627902,-0.695986655,-0.381725531,-0.578022363,-0.605417367,-0.235588484,-0.560297358,0.641343037,-0.53911355,-0.085052404,2.313699471,-0.340427076,0.537813678,0.616960065,0.230037601,-0.445438353,0.400015833,-0.063338053,0.093046825,-0.453076728,-0.591180124,-0.412510746,-1.042881797,-0.413548229,0.497486293,0.733800642,1.230039067,0.520775635,-0.68242411,0.15171069,-0.711715064,-2.024760034,-0.718291734,0.515242637,0.117551622,-0.449377482,-0.765564272,0.832252959,4.01272681,-0.384286956,-0.243291309,-0.05867193,-0.658587914,1.485833273,0.905173062,1.908370519,-0.915985852,-0.37890037,-0.820011888,-0.242714424,-0.713738348,-1.321539299,-0.43085467,-0.236699494,0.097611229,0.05258146,0.122659071,-0.24425388,-0.040567019,1.668488226,-0.618182839,-0.342460885,-0.039252927,-0.625951848,-0.385575665,-0.326865782,-0.038309795,1.762701888,-0.185361475,-0.280635694,-0.384577242,0.603236403,0.574083935,-0.434589323,1.149601542,-0.177990144,-0.281082242,-0.460475511,0.343841367,0.157755794,-0.02778946,-0.294686399,-0.484022923,-0.505075197,-0.267475701,0.698845239,-0.344782037,-1.401268396
7Networks_RH_SomMot_39,1.297230082,-0.438166383,0.831014884,0.037753523,0.015478733,0.98199561,0.485824378,0.033232685,0.125936103,0.131327452,0.131199105,-0.332487451,0.111111103,0.152648989,-0.332676771,0.114960539,-0.363488327,0.221262338,-0.199782105,1.916929529,-0.11018698,-0.295305294,-0.307364856,-0.226772889,0.08392764,-0.286396615,-0.527302811,0.249980038,0.197995687,-0.070476688,-0.326210732,-0.522720005,-0.24505561,-0.365459437,-0.359835827,-0.093253645,-0.57132892,-0.405656328,-0.387729319,0.105160085,-0.113985407,-0.354630988,1.21730447,-0.228650859,-0.032254393,1.878901282,-0.628633331,1.613335172,0.739200097,-0.213612057,0.108420633,0.540273755,0.228416261,-0.307465436,0.402079883,-0.607750935,0.031879847,-0.454539621,0.083256438,-0.021538464,-0.245680149,0.734646897,1.236472421,-0.486313424,-0.336011901,-0.40573938,-1.079859653,0.09972066,0.332136367,1.540409178,0.158234018,-0.016022436,0.478360015,2.206527691,0.302256189,-0.13639907,-0.030809776,-0.515683264,0.660583667,0.126270037,1.316069627,-0.271750414,-0.146385808,-0.008724172,0.133310056,-0.653224349,-1.331905579,0.176442966,-0.031560124,-0.126961382,-0.357808296,0.032493176,0.152695175,0.251082543,0.96041418,-0.522118316,-0.073122451,-0.658045527,-0.608331975,0.292552701,0.096423952,-0.58332229,1.588245275,-0.4507082,1.161657726,-0.568602101,0.304090158,0.030238794,-0.44013296,0.726254503,-0.561801508,0.026310258,-0.016035482,-0.157914076,-0.422321857,0.02166887,-0.297947439,0.104951244,0.104418903,-0.592512273,0.881374435,-0.582575803,-1.005360155
7Networks_RH_SomMot_40,0.176238001,-0.726137995,-0.111946725,1.197605871,0.261486928,-0.137000035,-0.14853906,-0.034108051,-0.365373873,-0.315797684,0.293393704,-0.641685541,-0.482790961,-0.061142564,-0.501444181,0.135238529,-0.216819783,-0.219493268,0.317415474,1.408125651,0.380525733,0.660217696,0.047602142,0.174229091,-0.258039213,-0.153075534,-0.705576835,-0.171827537,-0.857464755,0.0287231,-0.242991303,-0.707154005,-0.370775368,1.008946188,-0.015930654,-0.230082244,-0.55277426,-0.291791521,-0.334700058,1.394783366,0.338446525,-0.772377216,0.374599668,-0.86827544,-0.477495583,0.595187217,0.227231385,0.841305767,0.3167775,0.710588843,0.788474533,-0.233631174,0.56045105,-0.070946086,-0.157748174,-0.387149179,0.566882686,-0.606539913,0.140132442,-0.185164921,-0.431187696,0.771034482,0.537646447,-0.403656338,0.882331184,-0.540297365,-1.194328897,-0.315395329,-0.280072434,-0.084595563,-0.075518098,-0.250742235,0.841954828,0.941384057,-0.421765328,0.063532087,0.259205448,0.124463675,3.650738656,0.604442126,0.062242934,-0.503741603,0.396027583,-0.831645315,-0.086071605,-0.951140016,-1.455448169,-0.507292649,-0.500059477,-0.054767612,-0.139646468,-0.32667721,-0.402762371,-0.224971118,1.152687628,-0.254183971,-0.112759655,-0.023060522,-0.013800531,-0.343649435,-0.54426278,-0.163715365,0.987013798,-0.141911805,-0.213555432,-0.212949312,0.378732307,0.266848234,-0.680262643,0.37342484,-0.910934854,-0.466910734,-0.52547448,0.135402264,0.001531852,0.534165942,0.30617643,0.172229216,-0.559162888,-0.399094163,0.475966683,-0.580250436,-1.236414815
7Networks_RH_DorsAttn_Post_1,0.167532481,0.371962871,-0.18626463,-0.658590259,-0.188435341,0.75283874,0.01911471,-0.253662714,-0.345719273,0.25644904,0.312855801,0.493130271,-0.433329598,0.502171424,0.328843926,0.05466907,0.680920487,0.304124513,-0.513238775,-0.019106534,-0.226715479,-0.608910557,0.286207878,0.17755897,0.279208185,0.602904694,-0.319212045,-0.821439208,1.275595779,0.095571682,0.658247246,1.716195018,0.359881979,0.124373358,1.419337154,0.057872695,3.363546832,1.179215254,1.342564384,0.743252653,-0.111081608,0.271568735,0.435851516,-0.421722154,-0.284481414,0.237413612,-0.781785065,-0.004114812,-0.129276543,-1.025922851,-0.79072181,0.105762293,-0.608030094,0.196067117,0.36665844,0.196640865,0.158199225,0.042839439,-0.593578135,-0.274273532,-0.419183888,-0.198313715,-0.464322988,0.376161376,-0.355717114,0.133430559,1.127996194,-0.09908717,0.514359017,-0.757682071,-0.52737409,-0.528558,-0.357774221,-1.266024854,-0.117688046,0.331187999,0.694397628,1.387804261,-0.73537147,1.949177567,-0.521095621,0.378484779,-0.848579364,0.856628354,0.211908806,0.351454275,3.176110402,-0.667912902,-0.001464461,-0.832479822,0.12900995,0.501929238,0.782030496,-0.401990925,-0.2551884,-1.282689998,0.033560945,-0.165459099,0.012209801,0.264654335,0.013962976,-0.372761723,0.408520033,-0.2047213,0.962824573,-0.26759638,-0.324267518,-0.78148917,-0.293173057,-0.545009099,-0.752907441,-0.353492572,0.425614212,0.283334791,-0.172542203,0.162097129,-0.645762888,0.782488973,-0.365622327,0.545338387,1.444882961,1.106557564,0.108732272
7Networks_RH_DorsAttn_Post_2,1.71836922,-0.800702819,-0.293975099,-0.594671923,-0.061950497,0.422265,-0.729957028,0.538920988,-0.396182218,0.320987857,0.359101567,-0.557078363,-0.571227486,0.499103546,0.482940371,-0.106914057,-0.358661211,-0.005539997,-0.064075858,0.870347532,-0.690031504,-1.059936204,-0.116085513,1.388465957,0.144945765,-0.657243402,-0.352540212,-0.395844621,0.452670058,-0.52483007,0.628577104,0.785544821,0.314151996,0.026627718,0.394221584,-0.190539275,-0.168745751,0.115129196,0.543097587,0.424073001,0.84209429,0.45504918,1.298181673,0.486308026,0.028966051,0.472738312,-0.30908124,0.613096393,-0.089742637,-0.173316632,0.348468765,0.973008809,0.099166887,-0.674523512,0.924073583,-0.033613085,0.498674389,0.23305048,-0.358533315,0.064567542,-0.113036566,0.449064791,0.104270205,0.156255472,0.233643099,0.081703009,-0.245434496,0.625120447,0.025256037,-0.0924651,-0.659925842,-0.127814896,-0.395045288,0.388149907,1.74001266,-0.068411622,0.879751657,1.171868962,-0.31837575,2.780445954,0.129871308,-0.814392722,-0.54080717,-0.406065899,0.341557229,0.017843566,0.957186776,0.204205382,-0.292651936,0.102938695,0.176542571,0.75608868,1.48524004,0.112932271,-0.29988727,-1.083966303,-0.068145979,-0.205098904,0.902326252,0.579800281,0.577188047,-0.326735657,0.099651287,-0.113818396,1.172895464,-0.065170931,0.407447598,0.189202117,0.162534898,-0.229690039,-0.812838836,-0.723122832,0.214393244,0.326983705,0.329893254,-0.406701342,-0.210795819,0.124194419,-0.870137323,-0.389718759,1.366038183,0.125361663,-0.208275478
7Networks_RH_DorsAttn_Post_3,2.30874243,0.072749911,-0.564936292,-0.780406443,-0.797088074,0.092299569,-0.182254572,0.705753623,1.728512337,0.268570532,2.001098857,-0.244688569,-0.800779224,0.637946658,-0.01532168,-0.365095771,-0.246490075,-0.097409736,0.566979537,-0.533926131,-0.361753935,-0.675180116,0.309236018,0.42402442,-0.027910639,-0.629355721,-0.138722332,0.310889283,0.852881034,0.369506959,2.498148568,-0.232903615,0.053362444,-0.128314232,0.897739934,-0.758520611,0.123358305,1.19588918,-0.01943298,0.267222225,-0.007769424,-0.337499204,3.085607896,0.100700055,0.132816971,0.099063345,-0.706480701,-0.110139061,0.915067497,-0.124584147,-0.013703015,0.456102061,-0.637242697,0.919358315,-0.124596211,0.056151572,1.043284032,0.947400206,0.392315136,-0.883499174,0.364611669,0.131330564,-0.627876375,-0.112783473,0.268158535,0.325851559,-0.233570886,0.559594409,1.056073007,-0.035143399,-1.237681898,-0.368187376,-0.407399856,-0.3145478,0.965529062,-0.013625484,0.980474345,0.605339353,-0.208633772,2.077751475,0.45425754,-0.725338885,-0.283859798,0.122833017,0.441167882,-0.229135604,0.68104222,0.014025336,0.403422496,-0.435144493,-0.201604735,-0.024245918,0.523390723,-0.716987103,-0.22489399,-0.30682655,-0.125909812,-0.573242393,0.4798669,-0.054790322,1.584152899,-0.110244341,0.385683487,-0.967970972,3.623182242,-0.343840609,-0.128386623,-0.147168923,-0.260380731,-1.172535555,-0.844427683,-0.637928359,0.385694707,0.582822882,0.333687693,0.129620125,-0.21122961,0.08946777,-0.39632122,0.393756002,1.217992737,0.305121109,-0.63106965
7Networks_RH_DorsAttn_Post_4,0.690669169,-0.428236837,-0.391740559,-0.636049623,-0.754871098,-0.497854517,-0.355421804,1.375134624,2.660287056,-0.314456019,0.394386177,-0.701571381,-0.545081983,-0.168372036,0.393379245,-0.163430834,0.716314149,-0.057900684,0.459338888,-0.128739952,0.320290716,-0.044713196,0.322534028,-0.03619595,0.308805589,-0.484664173,-0.892501979,0.579737756,-0.331707,-0.059471754,0.056545238,0.697909628,2.177745471,-0.239006463,-0.217065618,0.207851687,-0.717869831,-0.395376041,0.457938464,-0.243693167,0.674573364,1.173339723,0.054457126,0.665181639,0.043494213,0.195417618,-0.313691163,0.144250676,0.037512587,-1.005314138,-0.057001452,-0.013276159,0.248799638,-0.06790377,-0.992899741,0.636864086,1.084035711,0.396166346,-0.136928528,-0.610848912,-0.336963117,0.637641266,-0.520372202,1.096384725,0.388412914,1.106866212,1.864833571,1.354215843,0.39934202,0.129904687,-0.443328764,-0.42787885,0.021315086,-0.682431266,0.313350723,-0.329402512,2.15987877,-0.261795124,-0.493968504,-0.649566892,0.533134247,0.090873903,-0.745933304,0.154361603,0.497349616,0.566300967,0.292732089,0.088139731,-0.386713075,-0.790007581,-0.141722853,0.60776295,2.964734222,-0.425180782,-0.633261647,-0.754671465,0.293201371,0.461588542,0.288706556,-0.186865102,1.510763589,0.311796922,-0.016133478,-0.587939785,0.601440456,0.329973067,-0.729431937,-0.366761498,0.586126864,0.254129183,-0.04399116,-0.216249165,1.776994559,0.780810009,0.131083592,0.63121769,-0.531535118,0.303869778,0.235376664,-0.107632501,-0.48985827,0.79990635,0.200669163
7Networks_RH_DorsAttn_Post_5,0.574252601,0.135843391,-0.655482369,0.305686011,-1.255661648,-0.461058678,-0.921317175,3.773332599,0.376850095,-0.780299205,0.011948348,0.766081451,1.559125022,0.334453266,1.109354355,-0.254497098,-0.013103593,-0.559231043,-0.187428961,0.459017706,0.870053923,0.241160544,1.167366792,0.540191371,0.301344275,-1.023243339,1.005368049,0.631509224,-1.843699563,-1.099454581,-1.147962907,2.127182066,0.571413644,0.064978159,0.699034566,-0.423908811,0.692766029,-0.430028827,1.144825718,-1.710944823,1.324940445,-0.351078396,0.446612566,1.134484504,-0.330768838,0.99809142,-0.274406304,0.677267741,0.077566394,-0.228218111,-0.566120779,-0.391976415,-0.199094142,0.133265644,1.633409361,1.504946891,-0.331836745,-0.258778106,-0.127761238,-0.005864716,-1.150890118,-0.323496492,-1.210157448,1.55543279,1.074806089,0.471097219,3.364777067,0.629289571,1.450822191,0.311168544,-0.180485908,-0.767783548,0.138223697,-0.981844139,0.418985646,-0.160802735,1.508356967,-0.098712855,-1.438125941,-0.344711247,1.198481505,0.56295806,-1.182896439,2.273434062,0.6535538,0.795063885,1.558697583,0.126977696,0.225710252,0.283195475,0.319392594,0.01381719,3.051801919,0.199029273,-0.166951423,-0.52117447,1.242630356,-0.868482846,0.783996944,2.850807845,-0.111995232,-0.356573567,0.277241594,-0.229685262,-0.573461828,2.466356386,-1.251858219,-0.472895631,0.450297415,-0.310725275,-1.546195333,-0.733334584,1.748689709,-0.053433249,0.485459164,1.064187447,-0.88313831,-0.690651053,-0.416996164,1.735370807,0.248940115,0.448036438,3.339138753
7Networks_RH_DorsAttn_Post_6,2.702593493,-0.246718864,-0.511106262,0.655724982,-0.308790958,0.221914832,-0.033736066,-0.417726082,-0.362149837,-0.599020951,-0.250343502,-0.909594929,-1.411766491,0.583951788,0.488174097,-0.330209145,-0.178492118,0.45496848,-0.344376138,0.955782147,-0.537310917,-0.569378673,-0.24413261,0.788489918,0.036499073,-0.488784547,-0.579498699,-0.385880111,-1.992771262,-0.644330859,2.584580621,0.153125251,-0.317280949,0.118142314,-0.207403215,-0.672386694,0.746959568,0.208319726,0.190531274,-0.995518323,-0.441305325,-0.346136812,0.4453972,0.986991011,-0.316969292,2.107972737,-0.806637302,0.852770071,-0.364706073,-0.643777195,0.424012471,0.395372852,-0.399085552,-0.159526295,-0.486067699,0.013248675,-0.786739954,-1.169388712,-0.588716062,-0.095071742,0.046439416,-0.449274853,-0.700875231,-0.438639817,0.684361843,-0.076345716,-0.964457509,-0.833231521,0.034966607,-0.596550811,-0.994838037,-0.601860231,1.846562782,3.574362151,0.619550404,-0.10017371,-0.055455231,-0.087158521,3.519036794,0.827967522,0.706317958,-0.760900153,-1.159383465,-0.287609024,-0.452178223,-0.864485188,-0.316421959,-0.323122984,0.459894239,-0.39103852,0.563986034,-0.154413426,-0.807474184,-0.730386197,0.699069443,-1.313809958,-1.120985246,-0.603350414,-0.183399041,-0.585167465,0.464813605,-0.309347615,0.642142131,-0.25942702,-0.608673746,0.217887798,-0.733411797,-0.306832495,-1.055286896,0.739110588,-0.902655793,0.595913316,0.307013227,-0.500331622,-0.085247883,-0.229076437,-0.892450338,-1.031523721,-0.694860298,-0.601224188,1.408529689,-0.555421903,-0.693040405
7Networks_RH_DorsAttn_Post_7,0.49425411,0.110849797,-1.031689882,-0.439825036,-0.56168651,1.02966531,-0.341873842,0.518299492,0.152835544,0.130805728,-0.016236624,0.158986883,-0.738333149,0.230693022,0.252656037,-0.75196626,-0.115233427,-0.013436867,-0.054382913,0.113437512,-0.083651284,0.43176158,0.055731413,0.341868475,0.143911471,-0.297628559,-0.828606335,-0.144302719,-1.392475415,-0.647486151,-0.60375773,0.4195527,0.422223415,-0.492800057,0.339924312,0.011566961,-0.616411383,-0.204734135,0.303069113,0.359092454,1.938201666,-1.054144682,0.752509711,0.727686806,-0.356218623,1.546447198,-0.728203475,0.530720452,0.154868896,-0.253443908,-0.275412701,-0.615485633,-0.904414285,-0.629205805,-0.156649572,0.949962577,0.861568581,-0.412578796,0.083407938,-0.089272215,-0.072532437,0.914005639,-0.734936031,0.465355946,1.426091363,-0.098118543,0.815979438,0.82921466,0.417381725,-0.112167646,-0.941632801,-0.897765446,-0.161266709,0.720200721,0.247011841,-0.13486906,3.521934202,-0.121599393,-0.57414312,0.414950598,1.193542058,-0.880156604,-0.220238377,0.707836697,0.044895818,-0.0105693,0.351672887,-0.332652032,-0.300894338,-0.20659848,0.100396511,0.187993898,0.527766683,-0.403482423,-0.765091072,-0.073086536,0.384883306,-1.170145638,-0.442395294,0.592831317,-0.807174525,-0.536636613,0.450195594,-0.793888536,-0.357299666,1.410391555,-0.053104742,0.086626807,0.165991524,-0.172287069,-1.067353558,-0.046041612,0.056657684,0.65709899,0.764379128,0.285532033,-0.483528746,0.06115625,-0.752771181,1.789867911,0.414750594,-0.174254212,0.910614932
7Networks_RH_DorsAttn_Post_8,1.796744077,-0.582056227,-0.758407028,-0.410897251,-1.32611101,-0.495841198,-1.265467986,1.99808551,-0.079400581,0.025325958,0.076866751,-0.562984418,0.066556804,-0.988413348,0.565422567,-0.168066727,0.86934912,-0.337319566,-1.00790588,1.865137234,-0.452761087,-0.310655337,0.234766098,1.381409418,0.113311243,-0.623916631,0.810314371,0.518904774,-2.335738128,-0.78861789,0.245479858,-0.458201154,-0.683798662,1.133889103,1.545825753,-0.629228932,-0.266480054,-0.568142575,0.848575024,-1.842435424,0.605499645,0.229760256,0.326272006,1.186759704,-0.489156352,3.286524005,-0.650689566,-0.502713196,-0.085489176,0.22279444,0.540050847,0.573849739,-0.173654951,-0.283692011,2.092241354,0.096985112,-0.919082489,-1.495476159,-0.655214723,0.199540367,-1.081425983,-0.110325942,-1.207648542,1.000937719,0.894028946,-0.804110947,1.048818655,0.378491455,1.489697487,0.623423398,-1.175552549,-0.710859775,1.63975443,3.356374369,1.296670846,-1.279866896,0.709318465,-0.139220343,0.626902296,0.885605839,1.644898643,-0.754764627,-1.174031121,-0.457127128,-0.198726017,0.016123575,-0.061020302,1.822807072,-0.963715923,-0.468557196,1.446766721,0.158567105,0.899754606,-0.623395421,0.798050182,-2.267665155,0.319635871,-1.060147297,0.010186941,1.017363944,-0.269584511,0.114053142,1.958284274,-0.820845312,-0.43467078,1.529529372,-1.319786559,-0.495999963,0.283992345,-0.225544162,-1.554265683,0.129698672,1.045883201,-0.623988834,-0.117781127,0.818670604,-0.582184757,-1.183742322,-0.513244689,0.636211747,1.00776285,-0.027346375,2.932450264
7Networks_RH_DorsAttn_Post_9,3.021594553,-1.072592623,-0.503615587,0.071906479,-0.534697941,-0.225221479,-0.479745609,0.796114148,-0.18041662,0.06745131,0.729904719,0.0094324,-0.55956764,0.038618022,-0.107528703,-0.714884304,-0.411558299,0.026360587,-0.793870147,2.154992432,-0.181454797,0.043849195,-1.015334341,2.16794563,0.195451992,-0.328565128,0.896272505,0.768425001,-1.807354206,-0.365394466,0.969503972,-0.093136541,-0.146778588,0.272539259,-0.207550885,-0.386754103,-0.260779334,-0.031211988,0.48201546,-0.898027123,0.450626751,-0.737292391,0.508771538,0.909511989,0.008027777,2.132465276,-0.622623437,0.017609197,0.249570569,-0.840003532,0.236436996,0.069798771,-0.982271506,-0.587702876,1.939947815,-0.733262845,-0.545667395,-0.865683735,-1.065306432,0.839462757,-0.747253938,-0.583185136,-0.424483274,0.221909465,0.806596428,-0.633034699,-0.222962076,-0.051823449,0.13298299,0.263867391,-0.798102955,-0.671126997,1.557690346,2.736002151,1.573839638,0.451340963,-0.164108215,0.161829137,1.359865163,0.925056773,2.146357277,-1.067717637,-0.881319283,0.294991624,-0.203875092,-0.097039405,-0.352726755,1.396016427,-0.518537397,-0.580217777,0.647170776,0.448706029,-0.195874824,-0.466103044,1.084324453,-1.530727429,-0.242970906,-0.627300008,0.756308006,0.809841394,-0.342064012,-0.610075313,0.64669035,-0.595849046,0.104888786,0.447999457,-1.17454079,0.591591361,0.118847468,-0.674561222,-0.880595142,0.022288124,0.746987151,-0.677852151,0.463851992,-0.180800719,-0.444592466,-0.81517334,-0.454416692,0.125408138,0.913752419,-0.294447058,1.808723379
7Networks_RH_DorsAttn_Post_10,1.63923693,0.186915074,-1.079783648,-1.067948198,-1.73655766,-0.319815872,-0.762732227,3.234144996,-0.49352668,0.132280735,0.159241764,0.832898204,0.19391396,-0.747304929,1.166548076,0.310049759,0.639453605,-0.669727394,-0.903126499,0.359622304,0.27679876,-0.043262775,1.035311414,0.43563778,0.718840721,-0.451939391,1.013679868,0.404630052,-2.559868469,-0.916270887,-0.801507848,1.786794457,-0.242202111,0.667378503,0.493165414,-0.359545879,0.617508849,0.051470107,1.313821699,-1.548647071,2.079495431,0.481383361,0.475953675,0.666533997,-0.250868602,2.414959628,-0.134876034,0.358539567,0.077132559,-0.022467991,-0.888921355,-0.040958294,-0.11690296,-0.203262675,1.713071591,1.036650465,0.261467217,-0.93554962,-0.406397072,0.003081936,-0.61731176,-0.549662382,-0.084002784,1.584220758,1.116200359,-0.448129602,2.3402281,0.492284676,1.89474304,1.386291572,-0.929269762,-1.502927627,-0.222624804,0.06372854,1.073270819,0.250498595,0.423128277,0.168728316,-2.00389844,-0.261333404,0.51744778,-0.38717203,-0.731028008,3.208235873,1.294664732,0.155411275,0.44968747,0.591812034,0.185171353,0.332116678,0.534795767,0.82572306,1.853542404,-0.86933839,-0.071398974,-1.31968515,1.427351573,-1.558083774,1.210304057,1.782237236,-0.578018882,0.11016151,0.249420819,-0.104765211,-1.099296565,1.899780077,-0.234786939,-0.215756485,0.541826519,-0.426882593,-1.780955509,-0.227784009,1.822954027,-0.307198638,0.564453612,0.450771941,-0.543691815,-1.415544533,0.021949428,1.695520865,-0.17057617,1.071754281,3.346837613
7Networks_RH_DorsAttn_Post_11,1.916367894,0.061697311,-0.755283051,-0.456249781,-1.931416568,-0.799501279,-1.657268166,3.000954599,-0.61141213,-0.092299576,-0.490984549,-0.05451394,1.001665693,-0.794441683,-0.071814754,-0.194589699,0.156744185,-0.658635964,-0.484973223,1.802638539,-0.221086135,-0.260173467,0.251170207,1.673857007,0.098853101,-0.430839437,0.924053166,1.668479381,-2.702614822,-0.980239022,-0.079967716,0.227604074,-0.660404845,0.942151875,1.479648443,-0.659063468,-0.352749478,-0.66283174,0.820460941,-1.861434579,1.127129144,0.477905602,0.738125292,1.304137061,-1.251697701,2.368372116,-1.146758838,-0.060690872,-0.442770923,0.144997543,-0.730146915,-0.204390782,-0.257644065,-0.187725868,1.474395316,0.39028098,-0.768989804,-0.886701978,-0.514150115,0.704585833,-0.971045667,0.323440644,-1.927598651,2.158575676,2.149006177,-0.807255377,2.739380466,0.692957328,1.350112516,0.505948122,-1.351607085,-0.963114183,1.452235721,2.114161102,0.461182511,-1.37236113,1.490302092,-0.250246506,-0.384297845,0.54975367,1.397704757,-0.375882117,-1.374365735,0.465416387,0.728641932,-0.242488702,-0.013683475,1.134999765,-0.663103308,0.460943918,2.170642672,0.295998755,1.094721836,-0.309787563,-0.04064231,-2.440202036,1.46595221,-0.608814541,0.360380132,1.123480454,-0.771499103,0.089360061,2.362705567,-0.71620261,-0.282481949,2.456726659,-0.900951006,-0.149659373,-0.026615374,-0.570909697,-1.523153011,0.116446067,2.120455552,-1.088661833,0.305528276,1.036379058,-0.242241059,-1.423797996,-0.824532606,1.584227672,0.859626402,0.067881351,4.915531262
7Networks_RH_DorsAttn_Post_12,1.91226774,-0.18391825,-1.056137249,-0.749611709,-1.118740564,-0.153321582,-1.486645001,3.852325148,-0.331296574,-0.097621444,-0.324360757,-0.13238557,0.193582313,-0.5546669,1.045848591,-0.242010121,0.769992549,-0.044730031,-0.926621194,0.660423538,-0.42474509,-0.16490013,1.665902721,0.93341044,0.010445623,-0.67492073,0.652482278,0.330225039,-2.34598888,-0.932729453,-1.061081908,1.427877659,0.34499491,0.067509904,1.174745076,-0.521769509,0.084268875,-0.391094901,0.446404555,-1.166295693,2.502171826,-0.282436605,1.909708556,1.924213977,-0.155333492,3.101722043,-1.052187493,0.547446193,-0.204385531,-0.429154099,-0.506852198,0.29116312,-0.277697026,0.232153363,1.530358838,1.294847636,0.724945659,-1.544363608,-1.143101167,-0.318698966,-0.817589128,0.731757219,-1.358613605,2.19376538,0.89260269,-0.822340199,2.016933153,0.926808613,1.740537867,0.318283777,-1.150102897,-1.156325602,0.572784813,1.807549197,1.159115264,-0.20206073,2.151476475,0.337167674,-1.352265748,0.49015363,2.383478362,-0.902692533,-0.605475209,0.484449255,1.106550699,-0.218371773,-0.199427957,0.292388681,-0.782028529,-0.118230098,0.915659625,1.10874577,1.450698203,-0.033154021,-0.094034363,-1.234018796,1.787856094,-0.898701948,1.721200125,1.637152886,-0.33514957,-0.440179581,0.044744706,-0.397688026,-1.492822679,4.234687483,-0.521339331,-0.574646315,0.546141101,0.073839031,-1.698023504,-0.577445864,2.038003612,-0.098400075,0.73895549,0.553641808,-0.793864278,-1.480236047,-0.522060539,1.340627284,0.37992342,-0.337500732,2.904984084
7Networks_RH_DorsAttn_Post_13,4.591495581,-0.208454318,-0.684191157,0.213828437,-1.229297831,0.233163883,-0.691663885,0.990755881,-0.523180962,1.165905526,0.040777924,-0.496396846,-0.851145366,-0.103053757,0.466480909,-0.709248614,-0.019101502,-0.090271302,-0.79923667,2.695316901,-1.473277295,-1.295573937,0.420873176,-0.803145619,-0.478601899,-0.674680011,0.959125823,0.272057733,-1.554372967,-0.315963113,1.058115083,-0.564987119,-1.063147408,0.230223227,1.993605338,-0.423888715,-0.432152869,0.055240073,0.400004326,-1.477655888,0.588385315,0.461034668,0.262892,1.241835081,-0.211917446,3.447970428,-0.739263209,0.434965749,0.635047518,-0.117217005,0.045252869,0.905802549,0.265176666,-0.035707426,1.767626682,-0.812889008,-0.693016057,-1.312275107,-0.761728356,-0.375627799,-0.419549525,-0.107462756,-0.992175147,-0.540420295,0.959430088,-0.878404555,-1.031936582,-0.640061457,0.091702233,0.471230166,-1.282486198,-0.054717516,1.024309334,5.108529309,1.601486431,-0.767424454,0.20066998,0.284935783,0.601653136,1.208776997,2.293726831,-0.917939646,-1.134154128,-0.500140958,-0.068377221,-0.483768012,-0.73384506,0.435021926,-0.882370905,-0.200973916,0.670406998,-0.35199042,-0.296902337,-0.365743073,0.249875479,-1.961007892,0.499564522,-0.83471967,-0.284274602,0.700895899,-0.704608352,-0.51879203,0.82729484,-0.595688533,-0.280160924,0.279809969,-0.734143177,-0.091972352,-0.207917677,-0.541793296,-1.590816824,0.092143914,-0.041591512,-0.542877663,-0.705143869,-0.479346039,-0.19026181,-1.112661955,-0.587363969,1.135490875,0.059139103,-0.529124682,0.352267441
7Networks_RH_DorsAttn_Post_14,3.074292215,-0.071169145,-0.823181078,-0.292227939,-1.716677547,-0.151103232,-0.89164353,2.906374821,-0.720051395,-0.069776957,-0.501688261,-0.090003455,0.164096196,-0.060985055,0.45573775,-0.312778724,-0.199875568,-0.180445662,-0.84627038,1.403879537,-0.254992062,-0.295368907,0.455017942,-0.430476113,0.320723016,-0.524274172,0.833688583,0.709282688,-1.595044196,-0.165196413,0.598657665,0.539447477,-0.850434227,0.663172854,1.560895916,-0.700471564,0.44518718,-0.101347174,1.264989076,-1.002490678,2.13031346,0.103870304,1.335568284,0.872061556,-0.767131062,2.763334054,-0.190477696,0.177673927,0.159393078,-0.140063023,-0.446667723,0.797546796,0.167861333,-0.20473015,1.996663216,-0.026244904,-0.10888284,-0.396038093,-0.576016993,-0.314220335,-0.544544469,-0.252847476,-1.742586419,1.394730602,2.205444265,-0.250959532,0.936961357,-0.20756739,0.920300479,0.448944005,-1.421099897,-0.989463493,0.622345216,2.153310435,1.080004917,-0.280538191,1.014909192,0.631072287,-0.488205331,0.624354899,1.979545461,-0.054326536,-1.453754844,0.891254795,0.520914417,-0.480551574,0.151930213,1.036273758,-0.623129053,0.294835039,0.811286563,0.155114885,0.148851598,-0.805024466,0.766342682,-1.891831296,1.111141845,-0.637843106,0.878340864,1.091965036,-0.678136884,-0.189490948,0.31328535,-0.667423575,-0.144614413,2.394980871,-0.268388054,-0.240113472,0.166558315,-0.688395774,-0.816634634,0.261376402,1.811317777,-0.739142486,-0.037952361,0.893584221,-0.860482014,-1.218825257,-0.498337189,2.530552296,1.143855739,0.164422546,2.208258996
7Networks_RH_DorsAttn_Post_15,1.199708012,-0.729888257,-0.583590591,0.261031565,-1.072371286,-0.098763849,-1.346447367,1.445030027,-0.470936291,0.344735873,0.243555556,-0.185038362,0.185225553,0.022457798,0.856643269,0.224681591,-0.01626332,-0.323052805,-0.292061812,0.873556407,0.759456772,0.928590028,0.181574526,0.104531035,0.069281265,-0.35114117,-0.28290947,0.431684581,-1.656079798,-0.334824959,-0.837022129,0.926794145,1.430295108,0.680878688,0.153464328,-0.464857273,-0.837137903,-0.815750909,0.361624938,-1.139547896,1.200392864,-0.50770006,0.638660575,0.820613883,-0.436469902,1.135332278,0.046008424,-0.032335253,-0.769348867,0.808976657,-0.468424489,-0.473916236,-0.286902378,0.018261075,0.646937525,0.319387177,-0.362309575,-1.353876448,-0.279127981,0.151722425,-0.784660061,-0.18512887,-0.835903029,1.80157964,0.11319019,-0.891808579,3.44775652,1.567203845,0.279828329,0.86601334,-0.636268856,-0.519950108,1.020405406,0.694632315,-0.135937398,-0.806426749,1.700906957,0.235609943,-1.05127079,-0.121242935,1.739030879,-0.702224362,-1.181102556,-1.288087971,0.252090961,0.619510589,0.459421986,0.203757891,0.496273308,1.107499502,0.195295468,1.015727914,2.052846309,0.152832224,-0.747739352,-0.325832374,1.483520729,0.080209068,-0.540285384,0.470627189,0.150120646,-0.636647821,0.828893759,-0.798623277,-0.371216736,1.348234029,-0.600623313,-0.818615982,1.326018115,0.150004674,-1.325285364,0.025225858,1.773517031,-0.230791174,0.722669973,1.587283296,-1.194437119,-0.636473703,-0.64830313,0.116479165,-0.238969838,-0.511185392,4.022130598
7Networks_RH_DorsAttn_Post_16,4.180636694,-0.441008758,-1.13951668,-0.362566928,-1.702863167,-0.329331628,-0.513541275,3.533877076,-0.585178499,-0.651375289,-0.053893622,-1.020598858,-0.476888554,0.000346329,-0.031550955,-0.050799742,-0.134650455,-0.518895056,-0.730922287,1.069935949,-1.113005203,-0.708310537,0.634942678,0.344227069,-0.017978851,-0.136647583,0.594843107,0.166537493,-1.80857548,-0.452730499,-0.289533493,0.968404186,-0.351985815,-0.683043414,1.003511127,-0.417112232,-0.133901476,-0.243534499,0.454843355,-1.226881242,3.127195533,0.305369892,2.10625071,1.822630828,-0.535904532,3.627116363,-0.606531775,-0.393616229,0.200501138,-0.77447625,-0.255337847,0.45531682,0.102524158,0.356418248,0.555827792,0.1794391,0.089203198,-1.220803785,-0.960008843,-0.802758626,-1.047759451,-0.223121201,-1.244373357,0.417927838,1.28092328,-0.559927428,0.336510803,-0.447627502,1.29063177,-0.018801974,-1.484268666,-0.969986904,0.775596788,3.772836518,1.372732204,0.417925411,0.402989005,0.705853016,-1.19290517,0.300641181,1.559349098,-0.320493895,-1.348810575,0.042271176,0.259324297,-0.543798477,-0.207914832,0.278488317,-0.920301642,-0.297948859,0.817256773,0.695709443,-0.127488921,-0.518056272,0.34046031,-1.486541804,0.620820517,-1.071018393,1.363212281,0.869130703,-0.121090928,-0.050355201,0.010417033,-0.432146517,-0.475193902,3.3109314,-0.388782621,-0.827681407,0.433334509,-0.376406335,-0.946813722,-0.339923782,0.284517246,-0.600967648,0.031049018,-0.114701726,-0.729613532,-1.046010304,-0.31924131,1.528763975,0.959524669,0.088791806,0.716629408
7Networks_RH_DorsAttn_Post_17,0.979806828,-0.105024348,-0.3584017,0.211728803,-0.486409189,0.359105707,-0.510708021,2.505626491,0.663945073,0.343416148,-0.224823773,-0.68992365,-0.127939268,0.820233887,0.986256428,-0.23722301,0.097210372,-0.10953364,-0.422038974,0.579267919,-0.009131651,-0.113710902,0.143157272,0.387412768,0.351852759,-0.297444757,0.468777987,0.782110422,-0.866858153,-0.142496572,-0.209213859,0.559882722,0.393397913,0.922981166,0.248981316,-0.502014173,-0.857623748,-0.309613675,-0.177894589,-0.738560793,0.772838813,0.101487116,0.814591235,0.508366405,-0.236051842,1.343813957,-0.193660746,0.730728532,0.390185655,0.234907464,0.222761086,0.069975552,0.146441491,0.208676843,0.87613523,-0.063600956,-0.033837777,-1.53041658,-0.46597697,-0.111338363,-0.714506904,0.352097034,-0.829612034,0.069918505,-0.057106737,-0.335503822,1.019287822,-0.313432081,0.625805923,0.723588385,-0.848273353,0.02129698,-0.040313903,0.568062372,0.711366291,-0.711660601,3.298560557,-0.174230524,0.08488568,0.092850296,1.44613669,-0.472388154,-0.380728874,-1.055019764,0.346913948,0.366307168,-0.582760359,0.065365703,-0.183345827,-0.15624898,0.765005072,0.105505843,-0.048522664,0.268068888,-0.214812807,-0.620724658,0.052605747,0.55295435,-0.290386312,1.026634297,-0.15088941,0.623729888,0.416249212,-0.397136736,-0.365124011,2.959170226,-0.176629557,-0.422301717,0.064987294,-0.133184425,-0.613065001,-0.001595945,0.993974082,0.084208077,-0.258989006,0.93912163,-0.42285817,-0.74149492,0.108602652,2.453780641,-0.536127182,-0.773022719,1.166247584
7Networks_RH_DorsAttn_Post_18,2.955086058,0.428215397,-0.101696965,0.74434584,-0.693336988,0.159532417,-1.291318799,2.317173235,0.08958144,0.010673552,0.053681514,-0.013659592,-0.294675766,-0.071451632,0.181821777,-0.391812302,0.472151657,-0.131634326,-0.477625387,1.327002312,-0.447352339,-0.497587088,-0.219720041,0.076082299,0.421799626,-0.595537108,0.081534012,0.790638467,-1.395982292,-0.604647851,-0.600512366,0.564828727,0.100493657,1.329983685,2.399259645,-0.4714415,-0.891145026,-0.593467631,0.557848945,-1.118529365,0.742183556,-0.607994051,2.735230982,2.074517347,-0.48900902,2.279485804,-0.590227419,-0.083403448,0.223884314,-0.342002388,-0.272374548,0.410519657,-0.434557115,0.389305913,0.088347044,-0.178385377,0.189267129,-1.208152438,-0.557927613,-0.180829571,-1.390143716,0.181328056,-0.720311122,0.981425692,0.366041711,-0.669059305,1.307313905,-0.285344918,0.566852091,1.162523153,-0.943328161,-0.204908327,0.107098042,2.608450796,0.105021281,-0.353622503,2.10613904,0.829105991,-0.612035818,0.613866685,3.300385765,-0.7451238,-1.117940365,-0.549351443,-0.347215983,-0.445252517,-0.091691993,0.176758818,-0.159941332,-0.06257417,0.186146578,-0.211367868,0.427869172,0.219885081,-0.324260558,-0.695384525,0.750702879,-0.223212027,0.77003167,0.723771025,-0.74978737,0.214521201,1.334482619,-0.388397488,-0.844140387,1.535576519,0.037649123,-0.077621914,-0.224361664,-0.077997905,-1.133069048,-0.547446976,0.746101164,-0.38492112,0.204121121,0.281963057,-0.991623577,-0.457921166,-0.795943422,1.150270735,1.415325218,-0.214973749,1.636261396
7Networks_RH_DorsAttn_Post_19,3.225760161,0.690984827,-0.437604556,0.44427554,-0.945611432,0.417636163,-0.338818724,0.558539139,-0.590357697,0.083263647,0.133009725,-0.280845776,-0.227282977,0.622133931,0.118409162,-0.28207242,0.094519894,0.200369237,-0.406826923,1.040873334,-0.743421709,-0.525156935,0.241696312,-0.272883783,-0.127622728,-0.604035642,0.023531992,0.121191864,-0.319095488,0.27079854,0.428032446,0.865997554,0.64466103,0.162821825,0.381259152,-0.308291932,-0.443617013,0.216937497,0.139260099,-0.614279168,1.163040165,-0.453923688,1.335774363,0.965557095,-0.213936359,2.480135291,-0.838905951,0.01167083,-0.429656491,0.15909758,0.084134141,-0.298467933,-0.517354365,-0.192515603,1.005399158,-0.482157872,-0.376929931,-1.013400359,-0.87033343,0.084560577,-0.200798507,-0.264756387,-0.465669396,-0.249659872,0.898757254,-0.313589439,-0.508991284,0.032854732,0.205811746,0.620344955,-1.093614919,0.201586138,1.018820199,2.893271991,1.127886272,-0.282612367,0.005877344,0.683943864,1.024901532,0.279494664,1.615345225,-0.352279877,-0.718141774,-1.28866502,-0.072760932,-0.669901282,-0.249862604,-0.194849328,-0.738350662,0.204927083,0.504684493,0.380268048,-0.025047291,-0.110712445,0.301425773,-0.5640423,-0.345468863,0.039732202,0.359775604,0.05547587,-0.227613755,-0.318705344,0.988670966,0.674345539,-0.756513851,-0.203288626,-0.297584245,-0.460156114,0.251534018,0.090755727,-0.537097684,0.10165596,-0.724615632,-0.16755911,0.298281367,-0.282383715,-0.19309512,-0.263998299,0.239679696,0.095113959,0.78276784,-0.725487801,-0.872204233
7Networks_RH_DorsAttn_FEF_1,4.143339539,-0.4673822,-0.799092227,0.022354108,-0.800601301,0.014699969,-0.576337323,2.636599712,-0.545118429,0.95440351,-0.484486393,-0.45105121,-0.047041686,-0.615754426,0.070336327,-0.826488303,0.36381319,-1.038330127,-0.420407842,1.333603479,-0.885273681,-0.663495726,0.763808046,-0.038810592,0.319599977,-0.484532404,0.634421541,1.071505295,-1.951131497,-0.643790693,-0.212966643,0.457409207,-1.066228584,0.28432969,0.871579909,-0.546247062,-0.129408775,0.067257696,-0.148298629,-0.992944021,1.901806213,-0.773186607,2.107536957,0.46802027,-0.261796274,3.784216011,-0.385499122,-0.306199531,-1.001213626,0.456005414,-0.764711792,-0.016590354,-0.854139358,-0.495416451,1.01727707,0.115896567,-1.056459607,-0.57728112,-0.864431846,-0.123385675,0.112689847,-0.217264037,-0.787787923,1.740383098,0.286377039,-0.883474474,-0.284108022,-0.255250958,1.936553935,-0.037014393,-0.830893129,-0.440547289,1.167484745,4.637127375,0.629961175,0.167927115,0.586946794,0.238558058,-0.647495999,-0.046438343,2.113194702,-0.875268869,-0.874489249,-0.341049078,-0.925175405,-0.314156287,-0.872122855,0.65553905,-0.211686693,0.730241923,0.988965093,0.385237832,-0.589313749,0.501956852,0.479914095,-2.024934328,-0.452641214,-1.097853143,0.844792881,1.252486714,-0.919462178,-0.315717459,0.627401688,-0.30486502,-0.195220311,3.683448183,-0.511947805,-0.304095576,1.308665933,0.517720025,-0.885670907,-0.302237528,0.858196363,0.491903832,-0.291027866,0.512053378,-0.993231975,-0.490901501,-0.294016384,0.383086808,0.339778097,-0.956229282,1.51655072
7Networks_RH_DorsAttn_FEF_2,3.208141142,-0.878743492,-1.088644288,-0.846264428,-1.522564259,-0.754875799,-0.777057521,4.630994247,-1.238789509,0.22218395,-0.291552939,-0.351776079,1.196132129,-0.858308204,-0.072059468,-0.745689712,-0.566746749,-0.751219954,-0.871587748,2.02452678,-0.53315216,-0.264273518,-0.401713107,0.468147207,0.174100456,-0.849713407,1.515879323,0.682686861,-2.857687426,-1.005389496,-1.031474309,0.478373262,-0.821916214,0.299740536,1.666138353,-1.21157467,-0.929246337,-0.80873504,0.725899052,-2.404486311,2.807302745,0.499474497,3.763133516,1.583784651,-0.543401358,3.215482479,-1.018719932,-0.04985956,-1.043980891,0.700937516,0.537386164,0.156358551,0.739209701,-0.545915411,2.072891595,-0.270493266,-0.901773425,-1.31122239,-1.380344078,0.896384994,-1.012851772,-0.126040919,-1.318677315,2.452276911,1.899770623,-1.287980074,2.464306117,-0.52920994,2.563233492,0.812070682,-1.482418143,-1.146566023,1.052221365,4.034607181,0.375667147,0.172128427,1.795953521,0.392053212,-1.54497332,-0.474224288,3.808234713,-0.825055361,-0.95137151,-0.193133307,0.273182791,-0.727851753,-0.703562229,1.129237061,-0.993999932,1.120469933,1.634545532,0.766757804,0.247801622,-1.085523104,0.500271151,-2.36402786,1.90240641,-0.441918764,1.401629828,1.604539957,-0.400623991,-0.631857685,1.801461259,-0.859184916,-0.20624839,4.457174816,-0.358836639,-0.79069622,-0.040634161,-0.638018737,-1.570215207,0.116334358,2.150506459,0.509259706,-0.30828353,1.090598085,-0.149170066,-1.451375619,0.110072731,1.537358913,0.355705691,-0.826915724,5.16187418
7Networks_RH_DorsAttn_FEF_3,3.272427658,-0.583289246,0.229095779,0.611403814,-1.660169049,0.068229149,-0.647283823,2.054849102,-0.070266778,-0.415142519,-0.282697284,-0.645870349,0.384122164,-0.368025056,-0.153803447,-0.623124301,0.468763037,-0.128883721,-0.981396251,2.225747533,-0.504676516,-0.017394288,-0.670532042,0.372079371,-0.734735093,-0.216484395,1.317751982,1.484222385,-0.781134481,-0.083914059,-0.416904045,-0.087888513,-0.527476276,-0.375030838,1.972829747,-0.645201611,-0.741712872,-0.60809872,-0.337351955,-0.561186742,0.633444228,-0.19675397,1.694390037,1.316952729,0.470074096,3.665021133,-0.321838114,-0.16563366,-0.416293564,0.455981774,-0.639851321,-0.247058223,0.69180348,-0.805850725,1.425676189,0.390957026,-0.016696021,-1.281345876,-0.957107903,0.800353204,-0.776391241,-0.419054665,-0.499569399,1.394195403,1.257567032,-0.958623632,0.157937678,0.127911339,2.125825755,1.142287969,-1.732946806,-0.822131962,1.009268702,4.023331646,-0.283474462,-0.301149283,1.47831248,0.825795928,-0.740365296,-0.348796787,2.701690644,-0.712486272,-1.010898239,-1.387353972,-0.303583461,-0.616127258,-0.697535392,0.110659888,0.010102819,1.517545925,1.933806457,0.566490395,-0.114779673,0.699810491,0.750176146,-1.070255604,1.347714043,0.252262794,-0.756369146,0.149014575,-0.295512494,0.054845445,0.513846603,-0.268596378,-0.227426967,0.963770759,-0.248778463,-0.165653477,0.484468129,-0.493499983,-0.775288961,-0.163162262,0.834927247,-0.020623601,-0.597790137,-0.203638486,-0.573600937,-1.211129567,-0.608372759,0.345150075,-0.159909972,-0.486160243,2.141372535
7Networks_RH_DorsAttn_PrCv_1,1.994215168,0.427217899,-0.859510917,-0.130854601,-1.351913842,-0.329778092,-0.656426971,1.889732569,-0.484412131,-0.488215407,-0.72482421,0.53622754,1.239301224,0.48789099,0.753456565,-0.285237997,-0.330823199,-0.710069857,0.277373282,1.163953588,0.902481012,0.545226258,-0.325901312,1.940712755,0.374850384,-0.108180734,0.373591557,0.706095609,-1.031839597,-1.034117059,1.628808478,0.895305039,-0.801081175,0.766186823,1.457618098,-0.704032525,0.731477626,0.353365967,0.946969845,-1.416531564,0.014948524,-0.234020205,0.300016023,0.716518763,-1.194790617,1.079867886,-0.32852346,0.188671553,0.431074294,-0.17901798,-0.620422225,-0.134188726,-0.434304791,-0.66939577,2.742287925,1.283870038,-0.042903248,0.684225791,-0.209114754,0.454969081,-0.341136729,-0.537996621,-2.076258375,1.227104009,1.22552733,0.286705364,1.098027563,-0.926481659,0.093296062,0.538727859,-1.147016489,-0.686422908,1.006751778,0.501011692,0.522395211,-0.772467865,-0.041313863,-0.11919963,-0.315395439,1.390673021,0.978548844,0.010670457,-0.511821718,1.46127682,0.060145668,-0.095172096,0.384936692,1.155787257,-0.270971594,0.916556131,1.215335303,-0.031527212,0.257861206,-0.849244806,1.09748213,-1.696029622,0.60713322,-0.842634289,0.284741611,1.596666604,-0.751670663,-0.260241882,1.92132264,-0.794522389,0.168615819,0.539822274,-0.567580557,0.455657047,0.40062768,-0.838725089,-1.949432653,0.093802248,2.750485459,0.141586034,0.107444123,0.082089127,-1.19996046,-0.185618874,0.240621372,0.641140139,0.986001932,1.176513516,2.633411715
7Networks_RH_SalVentAttn_TempOccPar_1,2.894846995,0.766965095,-0.318642221,-1.228382101,-0.740743707,0.897660405,-0.521964718,1.644395174,0.630549542,-0.353832003,0.42856448,-0.177700564,-0.203415,1.952346093,-0.345702503,-0.926771236,-0.737969094,0.445901941,0.194566306,-0.599493553,-1.3924704,-1.100183229,1.043492987,0.557293748,0.308108072,-0.335381357,-0.42075172,-0.521687939,1.481523664,-0.442442123,1.223849085,-0.675351558,-0.677395909,0.600911673,0.327460468,-0.778954018,0.846810832,3.89958339,-0.470799065,1.08907698,0.117983201,0.628658205,2.994099385,-0.221973525,0.159269598,0.02661571,-0.690929239,-0.029273884,0.567841151,0.75955022,-0.297363881,1.139569462,0.193689916,0.128296382,0.214533216,0.048213841,1.162245294,1.081637708,-0.688441109,-1.050828014,2.300987509,-0.136530063,-0.456141007,0.054844567,-0.040762803,0.548153329,-1.191267422,-0.276487382,0.299445816,-0.140184542,-1.134077104,0.019663845,0.036958502,0.321665101,1.222380889,-0.568309919,0.521307096,0.397528712,-1.177880661,3.324545577,-0.684629322,-0.296101448,-0.20502915,0.824931318,-0.752198716,-0.26666799,1.13427719,0.438708472,-0.042563373,1.285383745,-0.415178653,0.021525004,-0.217798605,-0.607536278,0.530890755,-1.124433287,-0.249713242,0.305472382,0.96290436,1.373861301,0.232826751,-0.400054941,0.203898413,-0.374715442,2.169811995,0.93133712,1.419882404,0.365539663,-0.604675302,-0.176466001,-0.8553378,-0.922960803,0.712234877,-0.536919625,0.292608315,-0.072410233,-0.469155804,0.27655097,-0.907612058,1.215484087,0.731114077,0.140478652,-0.704110634
7Networks_RH_SalVentAttn_TempOccPar_2,2.569546768,0.185708831,-0.940856689,-0.857579257,-0.592880663,-0.43112927,0.335549718,2.305941319,-0.097389383,0.330386121,0.884959811,0.842882722,-0.360420464,2.436196059,-0.289328182,-0.81553441,-0.677483847,-0.114419132,-0.183678676,0.615039205,-1.029875404,-0.475634403,0.359030321,1.12084808,-0.096185884,-0.02106638,-0.308651743,0.098796414,0.792242169,-0.658411575,2.804616216,-1.793666077,-0.899206456,-0.03694623,1.098756404,-0.105496364,0.545059794,1.992042049,-0.014896846,0.049694371,-0.283505051,0.341822984,1.677019816,-0.22957825,0.302485839,-0.374913683,-0.633893877,0.075130008,0.20832106,0.023136688,-0.879123489,1.263868727,0.134356299,2.478079396,-0.314067799,-0.35345671,-0.217133959,1.44231519,-0.212670276,-0.852683658,3.031381398,-0.196896355,-0.648761489,-0.177468988,-0.351314239,-0.141783642,-1.951359156,-0.969950204,-0.310988491,-0.528562998,-0.478272566,1.131444371,0.135733689,0.424483673,1.150105858,-0.585785779,-0.170971216,0.301825282,-0.906443828,2.799667651,-0.320514387,-0.659259857,0.266873383,0.36702673,-0.258964873,-0.473170088,0.583380614,0.31415164,-0.755831774,0.280016362,0.471661521,-0.124126078,-1.193652932,-0.663704144,0.571072785,-1.163007291,-0.891004315,-0.259495893,0.244273835,0.554588081,0.071634551,-0.006060048,0.396716484,-0.712981989,1.978788395,1.19583519,1.798598407,1.764743301,-0.899107469,0.568791668,-0.665662009,-0.824423492,0.057574288,-0.229232594,0.030687518,0.091047538,-0.626943726,0.352914194,0.194708883,0.774649307,0.456800012,-0.154968876,-0.51996838
7Networks_RH_SalVentAttn_TempOccPar_3,4.397430336,0.633293738,-1.107964497,0.286678972,-0.395683981,-0.738912924,0.524271601,2.218354668,0.289880309,0.26832474,0.429080045,-0.263495784,-0.529811986,1.066827667,-0.277832971,0.113446602,-0.437672484,-0.319682143,0.539930793,1.185659317,-1.487539388,-1.294972079,1.07392493,0.415941321,-0.436763688,-0.683744822,1.334302375,-0.149888334,-0.080834188,0.003309783,0.783001437,-0.321469988,-0.653215537,-0.08333235,0.066475639,-0.600070919,-0.72535771,-0.163277863,-0.264821881,0.8764588,0.059872891,0.216611324,0.970480295,1.19118673,-0.070026239,0.650346444,-0.784444993,-0.629879471,0.443877675,1.329057913,0.097892674,0.095806982,-0.71736649,1.028573401,0.376697144,0.201751038,0.462373525,0.115359893,-0.557639015,-0.111406591,1.919952793,0.4548384,-0.087034122,-0.226909016,0.513709198,-0.613050237,-1.362888654,0.083012315,-0.383007575,0.601004966,-0.686149943,-1.03313119,0.571501269,1.223044929,0.995989256,-0.087857149,0.361726417,-0.478079066,1.607515051,1.301811904,0.721858012,-0.118176324,-0.801142623,-0.345550849,-1.199800713,-1.156057463,0.105245737,1.602078225,-0.354632008,2.156078829,0.768232944,0.065181776,0.017598511,0.191839059,0.380251587,-1.900651967,-0.90787636,0.350814234,-0.668434478,0.244733266,-0.66321089,0.217377197,0.77019392,-0.435610282,0.541590718,2.322192606,0.099755596,0.678485117,-0.249889081,0.772097576,-1.076772501,0.500361044,-0.145851018,0.16356436,-0.593087808,0.277656257,-0.826655141,-0.252615613,-0.179839195,0.229253394,-0.467506827,0.198879043,-0.956475127
7Networks_RH_SalVentAttn_TempOccPar_4,2.420756414,-0.611569162,-0.886651029,-0.061111803,-0.213375406,0.987196362,-0.069118315,0.197178659,0.058652872,0.57455671,1.702024109,0.104458694,-1.286512364,0.028590368,0.091464905,0.407242007,0.494515816,-0.800250576,-0.192004556,2.247224233,-1.471601686,-0.844243925,1.086119039,0.417299951,-0.106648926,-0.669396141,0.064463036,-0.180676373,-0.407452841,-0.166649139,0.856139979,-0.927598943,-0.611435826,-0.314997875,0.391745036,-0.063103706,-1.051273181,0.123875225,-0.121188405,0.191955042,-0.248408885,0.19128854,0.09342607,0.396839024,-0.251459261,2.797061429,-0.812030047,1.532817709,0.22829548,-0.16014016,0.151767399,1.495177098,-0.851656854,-0.231342181,-0.245228122,-0.510085879,-0.51114338,-0.76696198,-0.474972414,-0.463914685,0.738913306,1.374103523,-0.203865532,-0.411881223,0.093548846,-0.2068218,-1.524048733,0.212789143,0.379282908,0.281828688,-1.45229714,-0.983574466,0.806420949,3.91362547,2.159288123,-0.526594789,-0.12277778,-0.890220963,5.271418654,1.709159439,1.006947228,-0.874272121,-0.298846485,-0.789668179,-0.758775016,-0.804559331,-0.747867449,0.471136725,-0.699752011,-0.295954943,0.269735042,-0.269673441,-0.295853733,-0.612747983,0.556121104,-1.348446137,-0.225278347,-0.418437817,-0.408116122,0.149739454,-0.011997507,0.007553185,0.362578414,-0.670528043,-0.14640133,0.572063147,0.368146313,0.69122649,-0.1083466,0.750632412,-0.37214799,-0.263860734,0.593409336,-0.428487314,-0.338092984,-0.428667201,-0.11266893,-0.589058264,-0.34310804,0.04956932,-0.256383592,0.11395111,-0.845258867
7Networks_RH_SalVentAttn_TempOccPar_5,1.694058211,-0.209781944,-1.188592349,0.227665574,-0.581314736,0.041537261,0.701799711,-0.967205767,-0.241143683,0.643821943,0.51702347,0.25451508,-1.503003096,-0.355293993,-0.262988828,0.376666978,0.043937961,-0.746974918,-0.369970247,1.826394588,-1.005348244,-0.41498421,-0.102565759,0.228198572,0.177189712,-0.477131187,-0.870280663,-0.322472331,-0.194835281,0.386840694,0.733624169,-0.475812862,-0.805032969,-0.67146704,0.239273894,-0.493780243,-1.089935048,-0.076116222,-0.294220363,-0.157928215,0.47386631,0.361664871,0.044265843,0.230963146,-0.702160493,1.380498845,-1.050961699,1.757160444,-0.085415219,-0.297214048,0.035230334,0.673924025,-0.977023401,-0.404709018,-0.481504536,-1.136792236,0.036505064,-1.364540209,-0.696376714,-0.804934186,0.832299984,1.327339453,-0.248791156,-0.65815833,0.065125359,-0.197193499,-1.606135242,-0.155197211,-0.446850608,0.081564722,-1.351076525,-1.251928775,1.504674145,4.01401545,1.762188278,-0.168143664,0.1552693,-0.43090011,9.895786195,2.272351272,0.413988259,-1.207761468,-0.874048034,-1.039082915,-1.152839071,-0.78938845,-0.635870481,0.19440751,-0.623113895,-0.868117262,-0.441688106,0.305918849,-0.051502715,-0.906588397,0.645992436,-1.336936906,-1.050748594,-0.53229051,-0.45592092,0.254612036,0.511458095,-0.629930731,-0.446623771,-0.781842449,-0.35731751,0.810923055,0.416363564,1.408679464,-0.563495457,-0.044565491,0.063253837,-0.064383042,0.498296591,-0.410726339,0.03158013,-0.776502703,0.479747474,-1.011557104,-0.403757921,-0.298736757,-0.029603148,0.04160097,-1.217213235
7Networks_RH_SalVentAttn_TempOccPar_6,2.031252419,-0.481312835,-0.957483283,1.262717555,0.089664066,1.553969554,-0.388145403,0.135796174,-0.581483349,-0.412462761,0.804519244,-0.362388767,-0.885906943,0.354227007,-0.002657854,-0.124416742,0.030538291,0.132160177,0.143117818,0.354031147,-0.722034655,-0.676291987,0.460317604,0.380887993,0.370371533,-0.944352557,-0.072567008,-0.449767082,-0.985800529,0.409626545,4.2791995,-0.449324579,0.02346885,0.020815004,0.893587673,-0.255215887,-0.355471238,-0.118801028,0.229174048,0.532542728,0.165877988,-0.129356036,0.503975645,0.63452302,-0.464398733,1.61930438,-0.789149462,0.770967917,-0.427131244,-0.394185459,0.360550695,0.805399049,-0.327950309,-0.362632679,-0.245409926,0.41678857,0.104665074,-1.098674155,-0.496461589,-1.099824182,-0.433139021,0.613775858,-0.562862823,-0.706205812,0.32924477,-0.241152147,-1.33932895,-0.006259862,0.504754932,-0.09926873,-0.951311518,-0.615072193,0.878335748,3.123043269,0.610316935,0.206172451,0.809471783,-0.129884272,5.800285156,0.163701357,0.665059826,-0.46755735,-1.056459237,-0.391624153,-0.229138292,-0.864829654,-0.529671883,-0.424299643,0.606840659,-0.16087371,-0.286458881,0.133387547,-0.345807529,0.075109818,0.241946293,-1.305240977,-0.325546078,0.161702385,0.237616789,-0.649033918,-0.042022549,-0.320163271,0.549650249,-0.367383836,-0.134706762,0.526811391,-0.22135093,-0.448551522,-0.684650618,0.178753727,-0.412976008,0.855569783,-0.113717812,-0.573862242,0.335390031,-0.427849186,-0.456794306,-0.173837668,-0.604503523,-0.351176854,0.349646802,0.15953901,-1.150969078
7Networks_RH_SalVentAttn_TempOccPar_7,1.581454432,0.903095892,-0.696931037,0.905445483,0.245894547,0.450509221,-0.541283684,1.057211882,0.510492938,0.169780548,0.442344213,-0.831471546,0.112031999,-0.158323108,-0.691547397,0.015355676,1.241765445,0.00664275,0.550461592,1.026119592,-0.479083635,-0.39012784,1.30324228,-0.629396222,0.056100971,-0.672796862,0.493813123,0.016578209,-0.628654265,-0.184623664,1.070188152,0.379946877,0.459646872,1.956772836,-0.092392484,1.274272,-0.167097517,-0.359672158,-0.507802651,0.644605064,-0.120900023,0.067733834,0.652351198,1.110025446,0.005153332,2.597665295,0.426218696,0.522145423,-0.314370704,1.829269896,0.209212992,0.482092535,-0.599542949,0.556540988,-0.333225625,0.313427786,0.078259554,-0.759652729,-0.265391965,0.446551366,-0.496261266,-0.088065289,-0.52369244,0.539306055,0.895936333,-0.261142165,-0.122777248,0.690908972,1.38798849,2.13459715,-0.695574376,-0.728572521,0.548722829,1.756892056,0.162010036,-0.789476211,0.376516106,-0.370248491,2.017255828,-0.771637764,0.934689713,-0.43437304,-0.921676591,-0.732281347,-0.857325429,0.076318292,-0.755478002,-0.208672824,0.759955766,2.323655359,0.47005206,0.737951637,0.588921315,0.226436568,-0.011856203,-1.129693391,-0.354740954,0.606110313,-0.480095855,-0.669100327,-0.364257221,-0.028680919,0.216787219,-0.235612729,-0.075287328,0.612272114,-0.843340513,0.240620775,0.055741053,0.125965164,-0.624750999,0.596129586,-0.143244398,0.355592849,-0.131052258,0.49997653,-0.366027217,-0.403923846,-0.398313418,-0.023650719,-0.246379485,-0.019981366,-0.32513
7Networks_RH_SalVentAttn_PrC_1,3.054609129,-0.216182711,-1.059367883,0.192028947,-0.633907197,0.060408262,-0.938085602,2.18888412,-0.616985299,0.76938795,-0.707810479,-0.14143927,-0.307577182,0.429213452,-0.151268867,-1.025592854,-0.042625413,-0.139844713,0.200947566,1.637146075,-1.214037851,-1.421209811,-0.100092624,0.508970284,0.814964569,-0.73909054,-0.20102531,0.579113382,-0.578255168,-0.957530115,0.788362028,0.21436828,-0.911294522,0.496390343,0.512461794,-0.025039629,-0.676756223,-0.077011886,-0.111413445,-0.538324238,1.546121831,0.678199376,0.662820572,-0.233184199,-0.653929518,3.000176595,-1.240183466,-0.143928646,-0.813827945,0.335826537,-0.606336726,0.767530741,-0.583182768,-0.769689767,0.373837868,-0.537442599,-0.40564168,0.672350583,0.255237151,0.350049637,2.568191404,-0.142074488,-1.395958099,1.455376795,-0.053727655,-0.434147367,-0.111779315,-1.08233683,0.660136925,0.492457888,-0.746591444,-0.796302156,1.427276793,3.991372408,1.144035789,0.179207767,-0.324602495,-0.760714786,0.421117896,1.534971733,1.695781682,-0.840970749,0.077191895,0.413653419,-0.944710838,0.229147071,-0.838768871,1.198417245,0.011598611,0.895757067,0.72155244,0.082247208,-0.564523389,-0.142545864,1.044079443,-2.146084395,-0.021248306,-1.024070321,-0.416620737,0.947869313,-0.163177848,-0.329762731,1.040525318,-0.589441739,-0.225902768,1.844220504,0.854341376,1.513579791,-0.157016753,-0.235207257,-1.368020383,0.987715289,1.013087646,0.2296567,-0.965641011,0.160901834,-1.305377324,0.237104505,0.041248987,0.134004125,-0.337449924,-0.470090698,1.226559499
7Networks_RH_SalVentAttn_FrOperIns_1,-0.631667068,-0.610096785,0.174959202,0.118002328,1.4262512,1.961111138,1.279680661,-0.678243214,0.199436035,-0.209640085,1.179431345,0.017834124,-0.647224436,-0.501780039,-0.588053582,-0.159421369,0.130522934,0.012551017,0.036400294,-0.920364028,-0.042356109,0.241677956,0.213240832,0.01242119,0.920304127,1.864857703,0.169061964,0.138388128,2.237998192,0.383590679,0.67312902,-0.258024162,0.341481469,0.508977737,-0.14357309,0.783889405,-0.300337318,-0.120301933,0.059008828,1.65012426,0.115867472,-0.059167581,-0.096842271,-0.043347613,0.075554643,-0.392436553,-0.283619564,-0.032673829,-0.023137421,-0.132737918,-0.356311673,0.199478856,-0.511996824,-0.185064642,-0.84435897,-0.200023143,-0.058195514,-0.309033755,-0.232534848,0.659093062,0.862238383,-0.296947591,0.491276578,0.070151205,-0.262132536,0.210669111,-0.501284563,0.082189449,-0.04785802,-0.25895095,-0.351413726,-0.117499315,-0.056076865,-1.393791168,-0.133270435,-0.490192393,-0.465463596,-0.867638007,3.50515995,-0.215363301,-0.322514901,-0.574819943,0.058424415,-0.506733882,-0.172520138,-0.04295463,-1.046183843,-0.711510973,0.148416191,0.303570693,-0.447452597,-0.339057593,-0.632970887,0.255511336,-0.133239355,-0.049268631,-0.907319466,0.498743026,-0.154864928,-0.173723366,0.722435791,0.14509398,0.041194719,0.354113635,0.343239049,-0.729447194,0.241412916,-0.463029634,-0.796834183,-0.168019828,0.337450522,0.041719162,0.323323626,-0.439288695,0.017144836,0.486797903,-0.702547522,2.815747095,-0.443287663,-0.649900207,-0.222631946,-0.550462494,-0.636546346
7Networks_RH_SalVentAttn_FrOperIns_2,-0.463689136,-0.676440938,0.189288867,1.444464665,1.337267137,2.454117736,0.786235225,0.028732481,-0.50965466,0.014367988,0.421905095,-0.67602991,0.531181742,-0.390990722,0.181153361,-0.240155069,-0.08506797,-1.118579132,-0.320213236,-0.245470993,0.363207907,0.268727525,-0.199510497,-0.071594903,0.47031632,0.954801727,0.16339955,-0.051048215,1.448158386,1.106059385,2.172519603,-0.960503828,-1.154617191,0.882449256,-0.049323673,1.012376114,-1.286190339,0.450343216,-1.142481577,1.935185471,-1.19183094,-0.111952573,-0.481774729,-0.168669512,0.523175179,0.091795446,1.361887371,0.333611872,-0.277794103,1.940402729,-0.407228767,0.172416736,-0.765173527,-1.113780789,0.566453319,-1.402097261,-0.932516434,-1.355529459,-1.138816775,-0.38215047,-0.252061343,-0.172237277,0.007947841,0.415070849,-0.206744484,-0.488053892,-2.471189299,-0.326071415,-0.246567612,1.09340855,-0.655290866,-0.55146424,0.474400746,-0.477167922,1.007344641,-0.405174053,-0.51452613,-1.073893957,7.761720811,0.312390742,-0.372780436,-0.624818937,-0.018324493,-0.586173191,-0.350238839,-0.362032912,-1.87255653,-0.213625314,0.035091955,2.443146977,0.82146226,0.221667173,-1.310044113,0.365042609,0.266611463,-0.062714309,-0.486576935,1.863283575,-0.174031609,0.25390788,-0.478710975,-0.196439263,-0.190884168,-0.662354325,-0.502465463,-0.569244342,-0.298492192,0.822545469,0.164342742,0.172754593,-0.747700071,1.906822926,0.077193132,0.064667772,0.65377024,0.041610715,-0.221123718,1.356317282,-0.479941032,-0.797474871,-0.012293875,-0.355154717,-0.886243122
7Networks_RH_SalVentAttn_FrOperIns_3,-1.196358351,-0.573733433,-0.347893721,1.033818277,0.88594073,1.132457013,1.049383217,-0.763621079,0.795365583,0.698968187,-0.517477633,0.099121764,-1.180536937,-0.280445776,-0.205963423,-0.288479843,-0.767116137,0.421344782,0.012151132,0.234648271,-0.330671951,-0.815077527,0.826966933,0.835693576,0.310585019,1.102271782,-0.413480952,-0.220762573,1.237210239,0.896294576,1.268154467,0.900618873,0.645076071,-0.020845158,0.082628417,1.371480522,-0.920386854,1.037311564,0.116083724,1.011577209,0.127716071,0.239997783,0.266869537,-0.110781607,-0.143400211,-0.261384859,-0.634018508,0.55169904,-0.015307606,-0.390452073,-0.17026153,0.972518323,-0.597924464,-0.880502415,-0.383098361,-0.477448675,-0.016261358,-1.025797338,-0.139615404,-0.096804896,1.5720145,-0.390402531,0.194799825,0.130806294,0.331357035,-0.438407733,-0.609269629,0.001294894,0.044551694,0.67109901,-0.518367496,-0.213140675,-0.244877292,-0.765680215,1.236274785,-0.822137765,-0.685315705,-0.244560898,5.270466545,-0.364140514,0.017073881,-0.404951777,0.531027088,-1.072426988,-0.484721034,0.468614724,-0.467022308,-0.353462382,-0.278622282,-0.336844626,-0.412197561,1.04227808,-0.319165434,0.650547379,0.230985032,-0.115522903,-0.044017324,-0.195009609,-0.093716152,-0.577639104,0.204705083,-0.385522749,-0.185010268,-0.449000386,-0.169369368,-0.981511799,-0.162662037,0.575563134,0.722310712,0.876468543,0.563394061,1.070924138,0.580290672,-0.357812007,-0.501915346,-0.705069329,-0.54174537,0.91013671,0.009625981,-0.698856301,0.237091406,0.523120203,-0.908146951
7Networks_RH_SalVentAttn_FrOperIns_4,-0.463175121,-1.012031035,-0.435477166,0.450495283,0.892807269,1.487821113,-0.24275924,-0.008407044,-0.110982548,0.579472631,-0.166427875,-0.421066132,-1.293139307,-0.489232632,0.108218528,-0.18716338,0.674038129,-1.068730837,0.180371826,0.411545566,-0.345457727,-0.467135264,0.352270038,2.0479154,0.470722469,1.841862144,-0.886896658,-0.011482042,0.633033476,0.377573212,0.649811707,-0.55961418,-0.804185841,-0.621958105,0.028159161,0.432896633,-0.876015664,1.30305079,0.018937821,1.511224782,-0.13863538,-0.095604424,0.366507789,-0.043894164,0.106979018,-0.312228505,-0.52633483,0.933089546,-0.482266738,-0.685057221,-0.273147544,1.149649445,-0.923595123,-0.798533077,-0.353494767,-1.021286636,-0.1900642,-0.744090565,-0.697985113,-0.33966655,0.843058004,0.118639325,-0.060686694,0.545776442,-0.208777579,-0.564001001,-2.062114752,-0.4247623,0.042925841,0.121596418,-0.507964317,-0.926232265,0.599510221,0.063245896,0.752678304,-0.616344884,-0.581679107,-1.189826964,9.207358797,1.52542227,-0.399857489,-0.661233775,-0.652923027,-1.24566658,-0.232577917,0.067824175,-1.417278803,0.221004014,0.712819451,-0.468864118,-0.196110246,0.410672171,-1.194729619,-0.675437506,-0.299536122,-0.797288848,-0.151548968,1.31806885,-0.198881442,0.11918264,-0.047906716,-0.29560601,-0.630254329,-0.306038572,-0.649091948,-0.518689765,-0.541826325,1.054528472,0.0654163,0.659436697,-0.114850557,1.756982786,-0.039580552,-0.450164289,-0.366162754,-0.511675095,-0.311201424,1.580627659,-0.747656525,-0.355074283,-0.123019512,-0.948562329,-1.195384986
7Networks_RH_SalVentAttn_FrOperIns_5,0.426682788,0.266367642,-0.893717087,1.749725485,-0.285005456,0.829613648,-0.16991714,0.580140383,-0.729973584,0.050249222,-0.669478286,0.632594475,2.018484815,-0.229582166,1.213137869,-0.83452472,-0.234339761,-1.015453874,0.57601495,0.714353351,1.811142093,1.0918841,0.033013395,1.679296844,1.074912912,-0.935192271,0.229109895,1.517228648,-0.056167524,0.060699373,2.060399577,0.355526932,-0.471555623,0.938104461,-0.0050975,1.166250933,-0.577311984,-0.112058404,-0.32046359,0.420126755,-1.034182667,-0.037205039,0.446784069,-0.17178726,-0.313665062,0.055720931,-0.67566003,0.247648999,-0.449289378,2.024339859,-0.772065577,0.144691245,-0.308366805,-0.767332588,2.232899817,-0.062425478,-0.578934379,1.089183422,-0.026974859,0.206794531,0.017264883,-0.273094362,-1.068833742,2.249265522,1.033677335,1.072091228,1.007359673,0.869030226,0.548326338,1.063623514,-0.820724641,-0.657889674,-1.060057186,-1.332975986,0.310108573,-0.148318979,-0.352842294,-0.897149646,3.730964194,-0.073480507,-0.066909521,-0.627598428,-0.251967803,0.779727616,0.028007389,0.131641031,-0.818158421,-0.069764089,0.036225141,2.755057369,1.286500748,0.081094444,0.97804874,0.552205948,0.176933628,-0.629375716,1.372837485,0.702209857,0.775945171,0.790607916,0.231074603,0.401842508,0.332815305,-0.648212709,-0.480035298,0.028568907,-0.266800663,0.955555914,0.602951418,-0.317092207,-0.663870036,0.767755574,2.465310016,-0.020287409,0.86731205,0.432520239,-0.398556701,-0.513860399,-0.55221764,-0.254986864,0.464390932,-0.074087679,2.234543424
7Networks_RH_SalVentAttn_FrOperIns_6,-0.521691977,-0.710545472,-0.315622857,0.556037394,0.9372911,0.693261961,0.070503289,0.11308502,-0.628563484,0.224722262,-0.354097389,-0.056220828,-0.415777118,-0.657047679,-0.3527284,-0.720927784,0.419486722,-0.689140733,0.784746687,0.405842138,-0.535923749,-0.227590303,-0.277771754,1.263444446,-0.144220126,0.78812317,0.223206581,0.174926669,0.709004138,0.130802152,1.773163864,-0.361417788,-1.01470414,0.349659089,-0.243418286,0.183833067,-0.413183236,0.592017598,-0.277207359,1.260274892,-0.703997095,-0.023223847,-0.433015837,0.374427345,0.219237533,0.898682614,-0.718063057,0.710477268,-0.487598688,0.058497537,-0.034190053,-0.015556955,-0.726162737,-0.692220082,0.340725168,-1.198659015,-1.099214549,-0.463518147,-1.103267255,-0.157644556,0.198606798,-0.425727087,-0.00589582,1.32904238,0.588096698,-0.61325116,-1.213345671,0.11966714,0.202826076,-0.033388326,-0.464024895,-0.261323953,0.940064513,0.091474696,-0.254112425,-0.058589947,-0.409322544,-0.89549799,8.452624233,0.439369404,-0.349931221,-1.382597374,-0.62107245,-0.992433448,-0.044956396,-0.895965002,-1.172140034,0.365971658,0.50539178,0.280940628,-0.345878073,0.033596142,-0.516315705,-0.948625255,0.358373407,-0.444247954,-0.01747332,0.57328932,0.283671679,0.484571757,-0.671836188,-0.040025165,-0.627094909,-0.031734088,-0.351795331,-0.633399411,0.176957724,1.406691181,-0.624955123,-0.289043793,0.270472186,0.506604697,-0.123922935,-0.558509004,0.027949482,-0.62235908,-0.035235326,0.678896854,-0.293884344,-0.54073535,-0.049512305,-0.847616852,-0.508980205
7Networks_RH_SalVentAttn_FrOperIns_7,0.652306059,-0.935344016,-0.806255691,0.971858622,-0.095665016,1.280104077,-0.622358438,-0.273300256,-0.68844306,1.392508668,-0.148024707,-0.164602721,-1.189688468,-0.247855606,-0.355467407,-0.083181659,0.514706987,-0.485584857,0.334201733,1.093193238,-0.615094928,-0.619021259,-0.507519178,0.796335209,-0.472695323,0.311045388,-0.764738811,-0.070460435,-0.424318958,0.402770539,1.16843906,-0.248750712,-0.708394108,0.728912986,0.605805715,0.753089334,-0.59819005,0.520361105,-0.05340763,0.618108888,-0.54696096,-0.233258072,0.070421318,0.221706865,-0.232450877,2.451816782,-0.077303093,0.361901993,-0.005917104,0.651487013,0.147002623,-0.062043254,-1.159484604,-1.086208978,0.428029132,-0.934709466,-0.991887802,-0.995485982,-0.917088164,-0.314896505,0.953021081,0.019689588,0.037626862,-0.213089993,0.539348634,0.167610456,-1.632198587,-0.758607187,0.935011242,0.711090899,-0.605238893,-0.378926508,2.113016619,3.503931762,0.662842518,-0.157203933,0.354802556,-0.978975139,6.577574483,1.415920382,0.85322682,-0.845825696,-0.403786046,-0.650352434,-0.290586458,-0.380369093,-1.363668669,0.538748452,-0.294866245,0.460451927,-0.272545477,0.151978661,-0.762643434,-0.278908797,0.429920696,-1.597515966,-0.530676231,0.411872223,-0.121327443,0.222103891,-0.033229886,-0.211893375,-0.21831477,-0.701015926,-0.541315069,0.019383672,-0.020125186,1.446220883,0.707929649,0.217254324,-0.345340853,0.565556087,-0.734245932,-0.354665999,0.016728005,-0.280211585,-0.469833962,0.100289696,-0.202066506,-0.708512642,0.478674122,-0.726518673,-0.706067017
7Networks_RH_SalVentAttn_FrOperIns_8,1.71847453,-0.359966665,-0.281534793,0.19834168,-1.188955594,-0.291158652,-1.183464163,0.295205542,-0.176107353,0.82441798,-0.145662006,-0.3437285,-0.419303796,0.715396885,0.175888403,-0.773971931,0.073868858,-0.467631423,-0.134951921,2.32835847,-0.686150927,-0.539416974,0.490124602,1.226286048,-0.569874909,-0.419902294,-0.264398104,0.000391314,-1.484378021,-0.300818292,2.77267796,-0.575083541,-0.99870587,0.509339487,0.303969513,0.171975896,-0.052297637,0.57297226,-0.11899663,-0.702135538,-0.026429855,-0.663590877,0.100072323,-0.195494104,-0.191400035,3.400050145,-0.738364803,-0.145030028,-0.399007828,1.243632473,-0.028912388,-0.235220827,-1.200171488,-0.398635618,0.439557144,-0.15658051,-0.207473077,1.051417455,-0.58435398,-0.308690322,0.474077568,-0.633299486,-1.368650472,0.437125506,1.098075969,0.435882451,-0.388825962,-0.897623545,1.708333073,0.5161356,-0.915290398,-0.200280666,2.002908988,3.453897535,0.548130841,0.516149965,-0.170677103,-0.785196298,3.139182625,0.889322997,1.651731427,-0.893344921,-0.406799184,0.1195185,-0.681458338,-0.826386219,-0.926513745,1.255039707,-1.073640353,1.77920447,0.771676721,-0.284717262,-0.588562484,-0.690348684,1.796539916,-1.209271728,-0.295882968,-0.25119043,-0.212354584,0.22949651,-0.88155265,0.470683001,-0.242523379,-1.079715473,-0.375742727,-0.351859465,-0.141620268,1.262030853,0.30597204,-0.246413465,-0.953928288,0.026893296,0.738122835,0.069459371,0.369582308,0.218673046,-1.193677057,-0.615154469,-0.074948282,-0.277627918,-0.003005336,-0.482942223,1.433939852
7Networks_RH_SalVentAttn_PFCl_1,0.412528211,-0.687294446,-0.612064445,-0.062048791,-0.041379124,0.419200847,-0.217770886,0.487882763,0.411417899,-0.156905091,-0.013461274,-0.339165981,1.86228307,-0.509698135,0.232478596,-0.259098683,0.212156029,-0.122937816,0.220570351,0.65220314,0.483229625,0.679680879,-0.051237645,-0.446087116,0.818196984,-0.650862764,-0.003508148,0.350171194,-0.129527873,0.346895354,-0.080911531,0.611540781,-0.065463164,1.075080055,-0.733461773,0.602631314,-0.659137757,-0.603651799,-1.028288617,-0.067683908,0.016137045,-0.114691347,0.191583059,0.041106027,-0.27519508,-0.078059229,-0.086005136,-0.346205829,-0.256304709,2.252538534,-0.436471897,-0.835892677,-0.226603072,0.672286926,1.319504039,-0.792475764,-0.372096884,-0.876498053,-0.424835744,0.313889872,-0.79164725,-0.101259147,-0.503265579,1.349979438,1.132588374,-0.58480026,2.104625636,0.400398391,0.351123196,1.464644061,0.198957023,-0.872972632,0.007748385,-0.32878684,-0.628568827,-0.666885351,0.292744785,-0.85735504,0.931303571,-1.36703366,1.183026462,-0.634834476,-0.866247759,-0.810360081,-0.33950634,0.861552841,-1.254003731,0.958994171,0.47951876,2.98390735,1.362757109,0.391218006,0.851725946,-0.060452182,-0.26558535,0.012465782,0.766536612,-0.061843919,-0.269676589,0.080592478,0.479148435,-0.382713654,0.088816926,0.616709277,-0.089028607,-0.428765779,-0.617224131,0.15506867,-0.05882969,0.193612431,-0.777295079,0.703026683,0.835369723,0.858089196,1.040498136,0.963236302,0.021873977,-0.532659641,0.258677886,0.174231665,-0.708658886,-0.30961105,3.10026604
7Networks_RH_SalVentAttn_Med_1,0.333892522,-0.267536836,0.069938193,1.723638225,0.190090608,0.546892703,-0.530508848,1.822446388,-0.722063402,-0.142195761,-0.785615304,0.2210894,2.691486931,-0.589920371,1.235956388,-0.974151941,0.298751376,-1.002764389,0.56902249,0.109419184,1.409465934,1.223401538,0.784677418,0.659390982,0.549197727,-0.291282651,0.034384593,1.457085112,-0.326033359,0.694023214,1.180929633,-0.329281213,-0.131837352,1.06697127,0.015168505,0.721171201,-0.736669892,-0.408577926,0.070627319,0.862127597,-0.131769123,-0.147790329,-0.282781823,0.242398785,-0.207362478,0.577209229,-0.194595288,1.124043991,-0.099949123,2.605512592,-0.528756006,-0.706740811,-0.748461542,-1.017101655,2.575896997,-0.639110557,-0.478974079,-0.627131251,-0.695328845,-0.090254317,0.463000434,-0.67181051,-0.349749725,1.609413117,0.643580842,0.007958966,0.581279191,0.043692593,0.35121625,2.330210862,-0.407064495,0.15386623,0.632536436,-0.261895722,-0.678522654,0.326313027,-0.106761846,-0.725746146,4.985248618,-0.398462176,0.916014955,-0.272213883,-0.636609427,0.062026381,-0.095838087,0.657184878,-1.279525794,0.239344159,-0.611286549,2.212469317,2.257911633,0.800870263,0.928866743,-0.542023436,0.219489318,-0.275032913,1.206711294,0.677870133,0.141388822,0.611216182,0.272378028,-0.593642811,0.273300454,-0.821830747,-0.702216481,0.778079872,0.177924515,0.206915953,0.889552513,-0.037884597,-0.393862375,1.245722429,1.893398246,0.145014277,0.791094922,0.153413317,-0.63285077,-0.40747083,0.465444542,-0.066148091,-0.099626307,-0.016608472,2.140232431
7Networks_RH_SalVentAttn_Med_2,1.281760661,-1.01530624,0.113832757,0.985415071,-0.433148286,1.212109008,-0.507599035,0.472936872,-0.598224684,0.086938341,-0.674580099,0.048915481,0.787651175,-1.158832139,0.262363755,-0.566082606,-0.63034186,-0.115992313,-0.165968829,1.759057291,-0.033796772,-0.174625555,-0.039501769,-0.235253147,0.120866652,-0.74104361,-0.177971455,-0.244819688,-0.521554404,-0.014770514,0.157858601,-0.414477825,-0.596768211,0.636263675,0.062907407,0.191480887,-0.900210471,-0.499375007,0.001927558,-0.060942638,-0.237804424,0.125162455,-0.558554959,0.05411601,0.313267341,2.068520802,0.218346168,0.344470827,0.190575724,0.779170453,-0.389335174,0.105063081,-0.84042114,-0.126491403,1.049396114,-0.68963502,-0.568026997,-1.393911873,-0.426435796,0.739480886,-0.275472715,0.196463849,-0.546195833,1.074436237,0.193841851,-0.492580168,-0.494412892,-0.251043389,-0.155025147,1.325334822,-1.072571867,0.123552098,1.892971133,3.724836266,-0.696069085,-0.083927519,0.392444425,-1.009167434,4.036220757,0.140508134,1.991376019,-0.010201861,-1.035397708,-0.725874554,-0.260100442,-0.550988438,-1.559453655,0.72905631,-0.194187494,0.949766275,1.697626808,0.27083793,-0.3206432,0.166696127,0.203560777,-1.094702153,0.091498035,-0.390548789,-0.292957355,0.90474039,0.040130983,-0.352489946,0.307215691,0.059442223,-0.723358593,0.437602424,-0.10175864,0.935243554,0.373455485,0.570771763,0.55683664,0.331898699,0.731062594,0.133281141,-0.442749702,-0.72838664,-0.464312654,-0.727851931,-0.150922256,-0.378638481,-0.229252336,-0.250458927,0.958054753
7Networks_RH_SalVentAttn_Med_3,0.105083596,-0.250411252,-0.823380195,-0.198359871,0.377048384,0.541203674,0.37497538,0.042126171,0.142532163,0.259582642,0.057789704,-0.361792021,0.230610339,0.243748282,0.035757988,-0.393357082,-0.678377236,0.069001903,-0.34145873,-0.090188406,0.905936319,0.320916899,-0.14363052,-0.581152965,-0.024317458,-0.377587311,1.241256998,-0.234352055,0.987771618,0.540516458,1.606394361,0.358499131,1.589577411,0.364065906,0.137464475,-0.30001157,-0.382900202,-0.218255142,-0.317101277,-0.127149948,-0.774774946,-0.231736819,0.363313209,0.053933458,-0.070072946,0.054273952,0.253199715,0.813453517,0.603248471,0.838510933,-0.155026208,-0.652949051,-0.57558533,-0.181533422,-0.149556048,0.340377239,0.248395753,-0.550310535,0.386429546,0.454509394,0.220425759,-0.208915313,0.334083558,-0.494516328,0.999521474,0.969216103,0.453805504,0.504724004,-0.021813437,0.240672701,-0.422760883,-0.50788305,0.014064775,-0.189328228,1.039093994,-0.734136287,0.506712166,-0.230630016,1.791916434,-0.015844651,-0.615883368,-0.297355443,0.24301253,-0.588741086,0.221651237,-0.303951056,-0.236784284,-0.304272163,0.548883811,1.205503225,-0.519434756,0.868557779,1.311031728,-0.482163437,-0.519653375,-0.029798072,-0.097745496,-0.183218749,-0.468710293,-1.025620375,-0.332613862,0.491727578,0.237827573,0.107623971,0.135886943,-0.166874436,-0.01213095,-0.673142979,-0.381197745,0.325290271,-0.363372279,0.067566724,-0.177140277,-0.166441967,0.093164349,0.468708598,-0.278948262,0.859178034,-0.245855093,-0.317695015,-0.506171084,0.276768165,0.019976453
7Networks_RH_SalVentAttn_Med_4,2.194190729,-0.837181139,-1.548991642,1.124830992,-1.451558811,0.126114139,-1.086773557,1.207176098,-0.7334838,-0.547339771,-0.790160353,-0.010110664,1.708491528,-0.193424578,0.163223422,-0.961214557,0.668704091,-0.682805205,-0.524213399,1.921825472,0.746250053,0.009014831,0.096208994,-0.355922692,0.025898636,-1.312696291,0.615389802,0.901536507,-1.561524569,0.011358325,1.702147157,0.574384581,-1.095421627,1.466513346,-0.13333687,-1.358108022,-0.874564179,0.219051919,-0.010677418,-1.197575869,0.576253901,-0.177823679,0.767199653,0.152495247,-1.393286983,3.067786724,-0.941643622,-0.197220658,-0.259890683,1.806380468,-0.577320661,-0.016350794,-0.635245848,-0.810711827,0.807421522,-0.347793201,-0.211650975,0.63278425,-0.902016382,0.414938979,-0.177705013,-0.426732681,-1.19937111,2.784963499,-0.137717529,0.011368713,0.548582112,-0.020112987,1.419092072,1.480000701,-1.138493405,-0.72934385,1.604564834,3.337565697,-0.332420592,1.17276157,1.205711809,-0.72767086,2.251369947,0.838507006,1.376430811,-0.781468009,-0.685057625,1.223352409,-0.221203456,-0.648141427,-1.659233714,0.85590014,0.342893692,2.122320422,1.307438474,0.232023754,1.138239049,0.251721298,0.775709454,-2.169087563,0.329800439,-1.441961964,0.033020261,0.317632549,-0.489266933,0.148221771,0.008085997,-0.517852141,-1.150889542,1.591529681,0.058280511,1.680671159,0.695270141,-0.723462565,-1.693953369,-0.075345736,1.28807872,0.507970236,-0.083929463,0.702184576,-0.937117081,-0.617825539,0.589719164,0.924029106,-0.410696423,-0.702512497,2.582398144
7Networks_RH_SalVentAttn_Med_5,-0.080445089,-0.694853597,-0.40285337,0.340479955,0.269489796,0.75535093,0.66015189,-0.422340933,-0.213248227,0.231351094,-0.511286855,-0.193154824,-0.360848345,-0.187552109,-0.322476331,-0.153475493,-0.612679187,-0.232677281,-0.292812274,-0.540869845,0.149217937,0.351633576,0.398351583,-0.271349663,-0.292996927,-0.50287488,1.479249297,0.097515485,1.087008286,0.748008227,0.246014838,-0.462763578,1.194062949,0.235160338,-0.273620258,-0.586835514,-0.190770747,0.01053702,-0.461584639,-0.499389886,-0.248749229,-0.015309266,0.881564827,-0.081729716,0.553688875,0.012206301,0.102574295,2.034715833,1.323715773,0.106758417,-0.094466063,-0.067544474,-0.158019217,-0.636743043,-0.520455294,-0.56953198,0.094761856,-0.6237165,-0.360540114,-0.581955605,0.091258191,0.665153415,-0.674804681,-0.511056849,-0.074503663,0.659632107,-0.472316143,0.396336184,0.697828992,-0.265872892,0.597625761,-0.341466022,-0.107494047,-0.199687583,1.563356455,-0.659383671,0.897270817,-0.170280076,1.815694262,0.16512674,0.883106138,1.142650732,0.55958438,-0.324197529,-0.016563903,-0.121039735,-0.350900258,-0.784077525,-0.451525356,-0.52666977,-0.634142768,0.924445844,-0.408424454,0.075372396,0.067530044,-0.125735301,-0.115415783,0.82025579,-0.596288503,-0.136952886,-0.447722716,0.263640034,-0.230457195,-0.223044702,-0.130439831,0.12547814,-0.346717261,0.649653401,-0.54819952,0.042640733,-0.310524218,0.119842518,-0.461876973,0.202093136,-0.217955616,0.544437952,0.814374908,0.465950581,0.465725705,0.3710247,-0.706183398,-0.555404807,-0.563611964
7Networks_RH_SalVentAttn_Med_6,-0.029613398,-0.332018341,-0.903784309,0.646242356,0.628141282,1.042553887,0.200997879,0.286973533,-0.102248352,1.070641428,-0.439545039,-0.348996064,0.374554356,-0.402608823,-0.383120002,-0.731659431,-0.094520045,0.932400383,-0.689685547,0.245680573,0.866662351,1.221855356,-0.052545263,-0.588434219,-0.470694558,-0.314348913,0.338372411,-0.140199004,0.985947991,0.934372712,-0.056918327,0.612840058,0.860248603,-0.03099562,-0.131790234,-0.544759746,-0.304031331,-0.850768797,-1.050293028,-0.202407242,-0.646121434,-0.832131515,0.058852696,0.017747527,-0.104657182,-0.102861022,0.441716263,-0.302466155,1.115628237,0.071073214,0.107650308,0.548835597,-0.146084488,-0.160704693,0.1771695,-0.339452679,0.630106502,-0.847822425,-0.017194994,0.491150058,-0.824161005,0.170751869,0.316179407,-0.634641554,0.112836357,0.601378029,-0.010348833,-0.292155656,0.012960556,0.533858419,-0.801074081,-0.03654889,-0.054224351,0.591215159,1.596526623,0.280156386,0.206872955,-0.573203201,1.571849537,0.339602008,0.154598871,-0.351766135,-0.297439148,-0.879174573,0.376163714,-0.05876155,-0.331231882,0.118862737,1.756378233,0.155451942,-0.173005288,0.41233203,0.283567167,-0.335391492,-0.175612896,-0.466759778,0.406361492,-0.416726851,0.378485729,-0.202526332,-0.654524951,0.386743995,0.182024422,0.177613544,0.078992631,-0.841655196,-0.540755253,-0.193768692,-0.241058872,0.163991264,-0.210651399,0.016750856,-0.757721866,-0.068741506,-0.308064145,0.297034154,0.108753997,1.077329679,-0.741507565,0.678461588,-0.367982724,-0.273922923,-0.681765109
7Networks_RH_SalVentAttn_Med_7,1.705066929,-0.528137362,-0.352365428,0.572190774,-1.271036191,0.455490846,0.130266168,0.056818152,-0.173310853,0.204655638,-1.123537347,-0.511637265,-0.691491494,-0.110316648,-0.526690314,-0.676220223,0.185832117,-0.902573267,-0.181036915,2.950837027,-0.848932421,-1.056880647,-0.305939751,-0.737344837,-0.667906704,-0.614809745,-0.346251947,0.216740641,-0.588542305,0.010038435,1.084305474,-0.7619908,-1.203126574,0.343674393,1.114801398,-0.290724999,-0.050252655,-0.475430834,-0.905850417,-0.199222321,1.073041588,-0.457049956,0.343286523,-0.526148663,-0.10512796,3.92597026,-0.4600522,0.065709107,-0.61708438,0.57107656,-0.337029266,-0.12969252,-0.597191541,-0.680089758,0.160046603,-1.061349216,-1.246361214,-0.295838963,-0.320662124,0.16667677,0.310111242,0.449189633,-0.036973429,0.526281607,-0.609486616,-0.82310769,-2.052934471,-0.969916588,1.502334084,1.009640132,-1.200507516,-0.699765167,2.552640752,6.595709759,-0.245145795,0.805854826,-0.069511448,-0.874499184,2.01596643,0.310114763,2.001820345,-0.959102228,-0.367571929,-1.193144932,-0.371484039,-0.353437231,-1.913490936,0.689073955,0.034395147,0.179599896,0.088737733,-0.023284827,-0.70945613,0.189435652,2.511265096,-1.727535921,-0.403769356,-0.630154469,-0.608557453,-0.523979911,-1.011706103,-0.628498264,0.510954191,-0.684788687,-1.090582973,0.183122532,-0.076948265,3.066222,-0.523673458,-0.54910216,-0.412060841,-0.670580421,0.378606647,-0.829919613,-0.937277411,0.045897604,-0.552368425,0.230613316,0.335111371,-0.796539702,0.430654644,-0.452417627,-0.490728493
7Networks_RH_SalVentAttn_Med_8,1.72129003,-0.831880903,0.485517655,0.252507769,-0.462443597,0.723337849,-0.613444268,0.263350428,0.230654019,0.393149318,-0.734377569,-0.67359408,-0.074191921,-0.477884846,0.196117993,-0.492427141,0.38807591,-0.719656362,0.016580355,0.752297131,-0.441354193,-0.407716084,-0.685992108,-0.339144575,-0.556345527,0.108852727,0.062577033,1.085658251,0.684301418,1.36604408,0.255026036,0.11098654,-0.779753985,1.204541453,0.629094394,0.193869705,-0.532619687,-0.642143393,-0.164524513,0.99637516,-0.080586331,-0.678226545,-0.078981912,-0.269977636,0.316336342,0.352318578,-0.731195649,0.108694046,-0.589429253,1.159367781,0.257451473,-0.306747897,-0.011814439,-0.578084611,0.473360221,-0.823057172,0.020398732,-0.64101673,-0.769155785,-0.462675701,-0.419186913,0.269421088,-0.012124359,1.3200819,-0.810967823,-0.970597516,-0.454664777,0.055076897,0.019278729,0.506485271,-1.006691461,-0.319155598,0.389685511,1.881781757,-0.609921279,0.25398321,0.397876705,-0.591758034,1.210784825,0.564343723,0.533893084,-0.430279599,-0.715187116,-0.622642524,-0.280064365,-0.335382041,-0.533784599,-0.475142681,0.047624831,1.491513208,1.051392416,0.274564237,-0.084239373,-0.51494126,-0.119795432,-0.558218452,-0.331569743,-1.070760793,-0.368501478,-0.040903359,-0.947475902,0.034758211,-0.081660096,-0.084754128,0.269416486,0.517029386,0.603747947,-0.455356025,-0.356605978,-0.115837295,-0.517273153,-0.535705475,1.072202909,-0.466022981,-0.452658371,0.310026565,0.276273531,0.508185369,-0.299111051,0.589448207,0.42630044,-0.28502394,0.13980433
7Networks_RH_Limbic_OFC_1,-1.01761864,-0.835977352,1.521476177,0.594589133,0.191453141,0.640927248,0.503199956,-0.770872553,1.01365259,0.266545818,0.20379087,-0.180089159,-0.370002569,-0.250976197,0.347513258,0.402268816,-0.036827944,-0.050027493,0.579513074,-0.002402825,1.809443319,2.355803924,-0.224719509,0.064615103,0.120854224,1.05910837,-0.651639179,-0.440901697,2.253360091,1.028128135,0.724512152,-0.617644603,-0.016898671,-0.013754211,0.941082354,0.535038888,-0.167671304,0.394311347,0.180543001,1.183364611,-0.436615217,-0.87463043,-0.119868934,0.025935525,1.417140498,-0.547801674,1.079433997,-0.396990665,0.380418571,-0.536128574,0.793449731,-0.185168247,-0.285183238,-0.286609345,-0.659547162,-0.195570765,0.988781856,-0.864740289,-0.250140192,0.548765362,-0.472360409,-0.268645809,0.672193651,0.214967845,-0.547162593,-0.648256517,0.10909292,-0.314456604,-0.318038651,-0.319871468,-0.302186418,0.511170188,-0.686316068,-1.23041178,-0.446323396,0.060788921,0.030863579,-0.658941656,0.541847692,-1.034056747,-0.274446737,-0.76744355,-0.512835088,-1.124415246,0.073315638,0.311599304,-0.650996608,-0.599510452,0.492600373,-0.283732144,-0.105614597,-0.210497427,-0.212685321,0.273405205,-0.258533118,0.27878381,-0.14013218,0.289578431,0.008105575,-0.689050723,0.729819463,-0.367895071,-0.117694712,0.079842487,0.666458065,-0.579007076,-0.498443229,0.031694576,0.31371233,-0.035958438,0.207047126,-0.580320398,-0.57264887,1.431161415,0.151025937,-0.125954238,0.474483784,0.164788925,-0.182642342,-0.236344781,-0.301116153,-0.662413802,-0.875388036
7Networks_RH_Limbic_OFC_2,-0.990110659,-0.771913432,0.140570965,0.37595029,1.676045795,1.448839847,0.720451967,-0.783815714,0.801682314,0.412230968,0.696735256,-0.420755539,-0.110553636,-0.243236564,-0.367145769,-0.125350704,-0.072626901,0.575545099,0.439449943,-0.82204964,0.432895829,1.035778358,-0.407407429,-0.482431438,0.50711247,1.758129761,-0.595071555,0.319686064,2.642859601,1.787252432,0.292920434,0.491916134,0.223234055,-0.047708415,-0.060096603,0.271844095,-0.429705741,-0.29375172,1.09268562,2.123050319,-0.516575807,-0.341805939,-0.653419925,-0.491597746,0.018306663,-0.45165419,-0.347972054,0.925131133,-0.050349514,0.155708793,0.488909881,-0.779805278,-0.363392758,-0.458890989,0.653523661,-0.277270453,-0.333148938,-0.953374138,-0.26542098,0.897010641,-0.422633166,-0.586739452,1.087872335,0.263244101,-0.147124804,-0.554110393,0.712925501,0.293893207,-0.268564002,-0.780691614,1.081689482,0.597086658,-0.384391925,-0.835317009,-0.492344388,-0.285899507,-0.573030565,-0.546884441,0.565322282,-0.717970242,-0.987790691,0.029117699,-0.240102062,-1.086619312,0.499489541,0.862415552,0.474089569,-0.714753306,0.612970042,0.042945456,-0.133924985,0.185252034,0.133833006,0.660404122,-0.325892143,0.419345848,-0.020612518,-0.094304226,-0.599329473,-0.622150466,-0.125677013,-0.567113358,-0.060884344,0.938393928,0.619391454,-0.413877122,-0.590731136,-0.506160796,-0.097617637,-0.146026889,0.454681627,-0.645474135,-0.313422863,1.140948195,0.162663594,0.229662637,0.063464438,1.973971843,0.318209568,-0.234031223,-0.304427169,-0.756606427,-0.968634338
7Networks_RH_Limbic_OFC_3,-0.269548085,-0.822735331,1.230525428,0.22331856,0.880030412,0.953886718,-0.253535685,-0.96751428,1.231520972,-0.354497089,0.390441219,-0.684918004,-0.378715565,-0.194420532,0.303100018,0.147234166,-0.348250325,0.107027357,0.271287696,-0.029238177,0.753672788,1.002651037,-0.598076721,-0.398120537,-0.213616262,1.883636858,-0.723355178,-0.616404316,1.173103594,0.620354877,0.920717373,0.365175916,0.282274049,0.44545533,1.040930534,0.833839295,0.559222402,-0.101040426,0.445845059,0.857162223,-0.025954965,-0.315464423,0.450439022,-0.294944137,0.489914852,-0.129726014,0.886732435,-0.008604431,-0.271617777,-0.156124801,-0.076087233,0.382763683,0.111154431,0.879201806,-0.363573037,0.110520498,0.050384939,-0.550710715,-0.642822437,-0.042908054,-0.069523494,-0.429436222,0.591660403,-0.161895841,-0.57911855,0.116942825,-0.197090084,1.246783632,-0.147028009,0.081462545,0.756399954,0.878698938,-0.728122023,-0.960581588,-0.77140661,-0.42677221,-0.301630213,-0.660598678,0.655678333,-0.83686147,-0.330574126,-0.560005363,-0.137263112,-0.502660745,-0.244956795,0.111374123,0.140796145,-0.226904778,-0.388176723,-0.031794253,-0.698890531,0.117167765,0.807605561,0.16142411,-0.236833532,0.279649768,-0.011481219,0.969576227,-0.266040415,-0.345789027,0.099811644,-0.536003532,0.841134539,0.769326091,1.503195755,-0.887685984,-0.53788144,-0.320187819,0.539318077,-0.24363268,0.726695576,-0.306848732,-0.680180519,0.022186752,-0.332837382,-0.316683321,-0.242018744,0.291359899,-0.136980568,-0.539880461,-0.196045712,-0.15205268,-1.16417266
7Networks_RH_Limbic_OFC_4,-0.471138719,-0.828882874,0.223927172,1.423862307,1.251951712,0.572418388,0.67089428,-0.551063613,1.081597183,-0.15632093,0.191359293,-0.44486898,0.263189941,0.035303303,-0.134854337,0.843165389,-0.675898151,-0.451123785,0.704514737,-0.270922679,1.461874769,2.163892326,-0.330098254,-0.431498129,-0.148644434,1.379072018,-0.380484252,-0.068211409,1.056870455,1.026106931,0.152600983,0.886408648,0.342245546,-0.562098091,0.464676631,0.221312754,0.160830858,-0.032873646,-0.00378052,0.022733825,-0.081359919,0.342147371,-0.517271689,-0.135227023,0.997965404,-0.876497247,1.294635611,-0.14863417,-0.335622001,-0.01502352,-0.113313612,-0.268084043,0.297137377,-0.363421213,0.245689059,-0.218996041,-0.020289793,0.201686225,0.12924587,1.224600566,-1.017663279,-0.647364833,0.953077077,0.338008022,-0.205281358,-0.210964403,-0.068168284,-0.368761688,-0.329226463,-0.288432189,0.908432207,1.768737351,-0.365749829,-1.111592252,0.118962468,0.099465845,0.347882864,-0.717135162,0.15075799,-0.673028621,-0.473813839,-0.494708707,-0.62118485,-0.459017485,0.612960395,-0.13371855,-0.596580034,-0.6269375,0.208256322,-0.168564716,-0.035356976,0.263013596,0.628650107,1.456114682,-0.55882511,1.840700262,-0.032044456,0.247550727,-0.484852472,-0.090839836,0.197374528,-0.364591139,0.163356992,-0.339515895,-0.3915877,-0.7257923,-0.744450643,-0.546369127,0.05408979,-0.329325623,1.666313186,-0.077226645,0.150540649,0.82377169,0.400370765,-0.802641266,0.36746479,0.721271953,-0.499067944,-0.311406236,-0.153233555,-0.291979623,-0.909540307
7Networks_RH_Limbic_OFC_5,-1.145173195,-0.646651459,1.354671441,1.100853888,1.523723765,1.226538678,-0.066562801,-0.999527191,0.981742641,0.238404311,-0.123930919,-0.69334313,-0.843951433,0.295227096,-0.556324843,0.80125938,-0.011166897,0.244421764,-0.417221251,-0.052502407,1.150471753,1.357902102,-0.24287165,-0.181548715,0.759794579,0.15149806,-0.638470905,-0.103678429,1.594619298,0.781751531,1.010305884,-0.517864754,0.307858456,-0.21720474,0.224786467,0.771908296,-0.180257497,0.186189403,0.476649832,1.666353897,-0.3804924,-0.671976976,0.007292365,-0.10981841,0.728280009,0.043381534,1.008305067,-0.442035821,0.414154421,-0.707576503,0.201340817,-0.40164905,-0.222707459,0.22374514,-0.92587005,-0.582381363,-0.282455448,-0.66359582,0.336655916,0.205071861,-0.279006437,-0.550701996,0.653780278,-0.219299533,-0.919532475,0.048739586,-0.101155777,0.281269065,0.077498862,0.052072802,0.196719824,0.569933528,-0.980921277,-1.400562595,-0.63741481,-0.292049808,-0.220357576,-0.61770015,0.358709568,-0.7317975,-0.399548544,-0.797096186,-0.541951664,-0.673847853,-0.073995955,0.254604967,-0.685194099,-0.553189941,0.93662094,-0.33488023,-0.070751874,-0.183378479,-0.081720664,0.521425398,-0.240317571,-0.030024271,-0.025425623,0.885370547,0.228466828,-0.731438185,1.222698836,-0.507279429,0.206892963,-0.251182984,1.517103256,-0.569671957,-0.542624298,-0.053289893,0.279730609,0.402342745,0.782619337,-0.14424372,-0.684351663,1.538225472,0.077885696,-0.519577728,0.492871866,0.983023249,-0.233678755,-0.178360168,-0.091711072,-0.652960887,-0.812736012
7Networks_RH_Limbic_OFC_6,-0.138990348,-0.439560924,-0.04399973,0.215613971,0.134016105,0.327883532,0.464807838,-0.5809587,1.232303529,-0.153854573,-0.154149115,-0.062282414,-0.028178031,0.055300842,-0.648553545,0.300088892,-0.272993885,-0.512542759,0.52878619,-0.12308922,0.363641907,0.833683275,-0.495561001,-0.313818133,0.3687338,1.194389866,-0.382724828,0.035859141,2.361737781,0.812297233,0.170415934,-0.694168022,0.730944063,-0.270772185,0.501888111,1.064372193,-0.043976191,-0.405995851,0.523279582,0.790209809,-0.387297155,0.12519245,-0.029670708,0.812708894,0.531085557,-0.737710268,0.204440906,-0.184022216,0.094775869,-0.394135815,0.019510516,-0.388543299,0.906206202,0.507759395,-0.267343971,-0.402261702,0.363363913,-0.944442576,-0.55744479,0.462122511,-0.202196677,0.585663417,1.007049957,-0.311496331,-1.035046755,-0.111020495,-0.126301886,1.220529465,-0.159707407,-0.376096851,1.252856866,0.235034038,-0.424909618,-0.851295058,-0.403790768,-0.426477749,-0.030702567,-0.458050263,0.461544355,-0.922844642,0.573117697,-0.435513003,-0.738528303,-1.107169488,-0.049425551,1.751837092,-0.222283627,-0.579201235,-0.053606597,-0.257424925,-0.551235681,-0.259433572,1.014957146,0.068715476,-0.627036019,-0.37115453,0.038251617,0.497877798,0.242425904,-0.340794435,0.404530891,-0.478622629,0.785973991,-0.101818033,2.418304058,-0.146332701,-0.702659975,-0.717196835,-0.508649736,-0.589574985,0.365141597,0.432847124,0.122156836,-0.518589133,0.659222722,-0.426103842,-0.226807939,0.576803456,0.963856121,-0.626945934,-0.077435056,-0.283990456,-0.922785352
7Networks_RH_Limbic_TempPole_1,-0.727667926,0.079873127,0.151790949,-0.695873515,0.210049236,0.395196556,-0.060019192,-1.247597678,0.130565239,-0.104614927,-0.518721095,-0.183202547,-1.023494866,0.161540314,-0.004019911,-0.705942849,0.243779636,-0.109346874,0.833576295,-0.394178662,-0.665151808,-0.792070188,-0.413946682,0.269801523,0.071462955,0.292503342,-0.682281191,-0.382264485,0.250639868,-0.292117162,-0.100561633,1.113532179,1.667484066,0.299867192,0.891663129,0.478057091,3.043809232,0.409293798,1.570572896,0.469132061,-0.017546192,-0.484640823,0.418729344,-0.146936356,-0.451983351,0.334664161,0.254372004,-0.16449164,0.653529271,-0.53608289,0.000868645,0.512311826,-0.264352861,-0.301977934,-0.647556165,-0.309638427,0.821856605,0.195301872,0.392244185,-0.360686583,-0.112455178,0.705163968,0.519908562,0.442975817,-0.016630678,-0.057341488,1.425309922,0.842318985,0.166422457,0.135520285,0.002993154,0.273737689,-0.804342139,-1.027665402,-0.656842937,0.396225876,2.061954049,0.311677844,0.121613921,-0.49195758,-0.268568137,0.246528914,-0.423622006,-0.363626035,-0.059361654,0.648647764,1.561784123,-0.417960395,-0.354398268,-0.598092824,-0.526782299,0.474703782,1.304898116,-0.184206734,0.236578474,-0.082555365,-0.769046268,-0.59604498,-0.065681828,-0.475544829,0.906503737,-0.195135852,0.070513613,0.403099839,0.294884534,-0.423753556,-0.450596901,-0.172380893,-0.006435456,-0.433869582,-0.028638328,-0.414340634,-0.256367645,0.247341267,-0.303783243,0.109259389,-0.134628439,0.892122154,-0.266329292,-0.460150343,-0.47193508,-0.548787516,-0.791804109
7Networks_RH_Limbic_TempPole_2,-0.176496467,0.155523711,-0.226808288,-0.749292837,-0.355535458,-0.231753138,-0.243899022,-0.287387077,0.158557739,0.336872719,-0.126107218,-0.555799424,-0.287560255,0.684458517,-0.231787076,0.078257105,0.277022931,-0.072053852,0.823804437,-0.416472388,-0.027279597,-0.135033667,-0.115721265,-0.11294736,-0.458172987,-0.231610377,-0.686872354,-0.46814647,0.511740272,-0.474164555,0.263901372,-0.028668385,1.351999293,0.039076128,0.996323314,-0.452610854,1.287733196,0.136488234,0.51077904,-0.458053318,-0.086439956,-0.105564525,0.355884824,0.312671272,-0.097211288,0.187408099,-0.285130202,0.28015033,0.143842912,0.09592103,-0.375365915,0.461512845,0.210786403,0.19822945,0.01202085,-0.380070182,0.418572863,0.421177639,0.192052278,-0.23768862,0.155212988,0.436562501,0.135529418,-0.304093864,-0.341480152,0.118509109,0.762219327,0.434401375,0.083303281,0.585873445,-0.171342197,1.051132798,-0.382726798,-0.619105096,-0.081229402,-0.230269046,-0.092896845,0.14824371,0.232730137,-0.019249301,-0.166453538,0.039515124,-0.415679593,-0.060223172,0.116046508,1.297689755,1.167965713,0.01566551,-0.292578159,0.074325164,-0.366670693,0.405921111,0.719648391,-0.410601276,0.392017981,0.173297446,0.143413088,0.229198715,0.170619524,-0.048039164,0.676599959,-0.455791358,0.251668708,0.193724906,0.172628836,-0.290282953,-0.089841671,0.160115593,0.125344093,-0.054582078,0.144726499,0.098885924,-0.246391909,0.010671315,-0.496021732,-0.49309266,0.19014809,0.763308153,-0.412642327,-0.544149785,0.521044478,0.286497886,-0.131502953
7Networks_RH_Limbic_TempPole_3,-0.213192746,-0.252107764,0.157588812,-0.670791335,-0.476785926,-0.199951523,0.550408233,-0.759648007,1.374629518,-0.059648928,0.429797166,-0.078528119,-0.684076281,0.064886799,-0.013749769,0.247917782,-0.228392869,-0.187101726,0.937731599,-0.17987506,-0.03495761,-0.441494918,-0.26614877,-0.121052823,-0.207873884,0.172279537,0.080992054,-0.433015432,1.570253103,0.70254302,1.229989651,0.451022617,2.033013386,-0.30905238,0.484504769,0.452652144,0.208318667,-0.039329359,1.066839571,0.533834482,-0.06253034,-0.773592131,0.075722877,-0.329168126,0.322474395,-0.310277883,-0.023096762,0.231337566,-0.001813552,-0.715228881,0.256798758,-0.014450562,0.201896569,0.229000793,-0.490230966,0.41774878,0.807258309,0.065350324,-0.223122686,0.215071684,0.022698485,-0.280282517,1.703832485,-0.735202451,-0.919649333,-0.263831148,1.559225168,1.657617816,-0.414761145,-0.246162039,-0.080527961,0.899231785,-0.243138863,-1.173366634,-0.496135816,0.187256814,1.186328119,-0.32439328,0.162573544,-0.504200336,-0.308941668,0.023580145,-0.4903551,0.455366591,0.392809775,1.426666966,0.217021946,-0.315514482,-0.139131685,-0.611949036,-0.419548656,-0.141307712,1.179023655,-0.490668962,0.018137077,-0.486154935,-0.465132296,1.337996248,-0.208862925,-0.437272077,2.230811628,-0.546607132,2.058341068,-0.452284308,0.073017962,-0.515384451,-0.576311923,-0.473789349,0.015632059,-0.550248803,-0.10009426,-0.341340509,0.826544588,0.945731747,0.078439348,0.19462905,0.336155394,1.078753486,-0.360866482,0.074579406,-0.534857164,-0.458987388,-0.646184613
7Networks_RH_Limbic_TempPole_4,-1.273130823,-0.150725645,-0.429400627,-0.491758428,0.190451716,0.158750957,0.120323959,-1.018751822,1.25662946,-0.589226717,-0.556545713,-0.283251192,-0.102112517,-0.128779772,-0.058502456,-0.6169657,-0.228437581,0.015629853,0.39318516,0.050131265,-0.468082401,-0.834195804,-0.532709682,0.48179647,-0.17068397,-0.01569983,-0.52901646,-0.474925586,0.463349854,-0.379212388,0.083460512,2.324573333,1.863917159,-0.305006366,0.712747953,0.714254826,3.845164083,-0.193085057,1.585582675,0.444220875,0.196065539,-0.008771058,0.24597996,-0.148662535,0.386325502,-0.285778659,0.155715739,-0.099812849,-0.147786353,-0.659598219,-0.548854044,-0.287349086,-0.045721654,0.255599268,-0.462334856,-0.493748774,0.623009137,0.087638224,0.284641885,0.688615606,0.12905016,0.274510519,-0.153453795,0.256468677,0.059993764,0.513406573,2.494387916,0.462859631,0.209286895,-0.622493902,0.281098499,0.060524915,-0.403903751,-1.435397063,-0.218282829,-0.032234163,1.608221508,0.366564365,-0.193000994,-0.17775405,-0.675281788,-0.058197561,-0.179033335,-0.189624847,-0.087797574,0.507451615,2.181908333,-0.1464848,0.244916551,-0.399797972,-0.025587605,0.371182797,1.834485642,-0.190695043,-0.532941815,-0.037772785,-0.465104005,-0.227870305,0.31811303,-0.314143998,1.561752488,-0.580891263,0.763464611,-0.370487203,0.242890332,-0.618170392,0.248435498,-0.366034941,0.374010182,0.084262834,-0.024802022,-0.077522064,-0.254365393,0.616364455,-0.438154275,0.366618255,-0.324303663,0.37958002,-0.32672087,-0.248891136,-0.126400983,-0.314743162,-0.134172775
7Networks_RH_Limbic_TempPole_5,-0.987903769,-0.981043311,-0.071318268,-0.391459788,1.532347838,1.738055399,1.164406032,-0.725173087,0.433621214,0.519167956,-0.305194961,0.044594152,-0.869853161,-0.16443625,-0.725284254,-0.562636115,-0.028476768,0.225533723,1.040329198,-0.596767315,-0.073226906,-0.277085761,-0.322715845,-0.165085944,-0.080635296,0.001245053,-0.245825825,0.048834616,3.166697261,1.280177527,0.592618292,0.289255813,1.284372694,-0.058152239,0.481651275,1.300137371,0.76183787,0.32855157,1.396336775,2.964794194,0.115902777,-0.811577954,-0.518820413,-1.007653862,0.716926243,-0.53936627,-0.248756276,0.869800266,0.262653849,-0.762623648,0.094017539,-0.280306133,-0.213042211,-0.074281698,-0.156245031,0.00307572,0.397922644,-0.428422329,-0.428339875,0.230655147,-0.288428083,-0.430002098,0.774609068,-0.584360028,-0.50877044,-0.831511083,0.727782748,0.227073404,-0.217241404,-0.999183391,0.453495526,0.599615728,-0.709768223,-1.078060026,-0.537639126,0.00330571,0.09147158,0.004163429,0.454346208,0.023017386,-0.829308595,-0.376824671,-0.588075378,-0.742051502,-0.123917197,0.770218429,0.546197579,-0.550489716,0.050694991,-0.817125682,-0.267876774,-0.260638526,0.641418845,-0.459878449,-0.128407463,-0.085642103,-0.836060503,-0.087583704,-0.572864046,-0.494739502,0.719493444,-0.324886724,0.329575247,0.118452752,0.185496534,-0.759193323,-0.401329688,-0.417842788,0.255513332,0.131061531,0.582301953,-0.318149107,-0.167137385,0.993092542,-0.444801293,0.297234568,0.546483902,2.264547157,-0.522300493,0.459619088,-0.013159681,-0.686474021,-1.307713397
7Networks_RH_Limbic_TempPole_6,-0.8411892,-0.062817637,0.042208111,0.163935882,-0.128552258,0.192100171,-0.120763075,-0.380400268,0.288907663,0.328121796,-0.309321581,0.566493,-0.177174312,-0.093270204,0.508099657,-0.633025979,-0.342956536,0.423627293,-0.357249524,-0.083877396,-0.293918029,-0.489962261,-0.41926602,0.655917349,-0.23589503,0.184774683,-0.613395763,-0.244590502,0.138014399,-0.603983072,-0.175153197,0.670608234,0.639889575,-0.086923162,0.682172058,-0.208139077,0.649617118,-0.158616664,0.184985691,0.311115938,0.206545939,0.024774513,0.096661674,-0.292273639,0.083290949,0.222144723,-0.333275733,-0.203326817,-0.374439316,-0.483078338,-0.571962951,-0.435858549,0.590102025,-0.18958379,-0.237222149,-0.271188582,0.328167379,0.190856308,0.415275745,0.274042015,0.357681515,0.680375465,0.963535423,-0.050315617,-0.379709167,-0.01265428,0.274467224,0.052594557,0.362511037,-0.035713325,-0.515581119,0.563585675,-0.484323017,-1.013842391,-0.129017776,-0.286962056,-0.022512902,0.06641253,-0.325942741,-0.322762713,-0.406845792,-0.457357675,0.116343508,0.076978788,-0.064366442,0.284286997,0.811817122,-0.317772086,0.068242001,-0.211722251,-0.381886484,0.184680967,0.842957248,0.070623201,-0.00310595,0.643915685,-0.59885745,-0.52439438,0.148588059,-0.223614333,0.8246472,-0.494437699,-0.049887367,-0.098023541,1.070256328,-0.321547594,-0.356383801,-0.567566622,0.325489011,-0.174585128,0.794058065,-0.142734098,-0.514687551,-0.004284019,-0.252146432,0.297647167,0.031759201,0.206184551,-0.010405709,-0.184939641,-0.148368361,-0.078178895,-0.411499184
7Networks_RH_Limbic_TempPole_7,-1.40240459,-0.797640299,0.024057301,0.130311416,1.302223238,-0.089388742,-0.200822189,-0.597806238,2.722707597,0.189418578,-0.771253203,-0.33945991,-0.562381384,-0.707401103,-0.456296072,-0.153561063,0.287494423,0.334150113,0.569221391,0.12504701,-0.32527749,-0.275501741,-0.440446869,0.336893709,0.205273355,-0.231343287,-0.55971488,-0.198410341,0.942076368,0.318050123,0.284936115,3.067234125,4.011435867,-0.534630454,0.763649076,0.657825777,-0.066432366,-0.432640934,1.907152953,1.244558071,0.527801863,0.137442834,-0.19790663,-0.560858383,0.080783337,-0.070699125,0.02639944,-0.238243085,-0.690143025,-0.743262359,-0.058378344,-0.559684971,-0.392220495,-0.023646218,-0.848016132,-0.553340889,0.718621922,-1.337896467,-0.626414652,0.62495969,-0.53674918,0.441479207,-0.091359361,0.376362626,0.138989915,-0.224742249,4.132497968,1.300645135,0.3349835,-0.633333549,0.087153421,-0.361226542,-0.944029586,-1.206938181,-0.666286822,-0.604180502,3.140682121,-0.160270791,0.328691493,-0.22884622,-0.201711874,-0.445305887,-0.775064169,-1.426643514,-0.526726091,1.64546619,1.681252892,-0.242692188,-0.016411045,-0.456462952,-0.186467227,-0.062926824,2.973956036,1.035492054,-0.129846698,-0.929618999,-0.754550164,-0.085467923,0.605150315,-0.665106672,2.445285102,-0.732163574,-0.521013185,0.133915713,-0.001761383,-0.363053042,-0.375345828,-0.843487069,0.387615483,-0.129422013,1.189730327,-0.097926627,-0.670336531,0.465056837,-0.391482885,0.217821791,-0.598503064,0.821783822,-0.661260937,-0.535123788,-0.611154466,0.122888761,0.148233422
7Networks_RH_Cont_Par_1,1.143812504,-0.695013983,-0.059951493,-0.240291012,-0.134623115,-0.416839633,-0.596812748,1.169008024,0.435523413,-0.531142045,0.93468698,-0.316285817,1.600197637,-0.492863375,0.453870099,0.187752374,0.242946659,0.061095816,1.215737492,-0.315685526,0.506801701,0.52812288,0.871507858,-0.421119087,0.048319187,-0.519413906,0.087231559,0.06088798,0.203069734,1.365247423,-0.342830438,0.219161815,0.348780256,1.096351555,0.329947145,-0.011153229,-0.52261,-0.365579654,1.229310356,-0.476566004,-0.055416079,0.249924862,0.651071084,0.698677141,0.023593837,1.462545662,0.07339242,0.200081141,-0.161458967,1.382983045,0.556397577,0.210013446,-0.01176665,0.932220127,0.207678422,0.549881768,0.003599673,0.14510739,-0.173404999,-0.600465397,-0.377759324,-0.174428712,-0.538119723,0.763365428,0.115470271,-0.332902393,1.295628976,1.618830556,1.080377188,2.016510509,0.10001211,-1.036511241,-0.523981399,-0.60649391,-0.063958093,0.058586713,0.30491853,-0.421672032,0.204499403,-0.867141937,0.883715052,-0.193707128,-0.363543365,0.279220247,1.15264847,0.181771696,0.167694426,-0.195861627,0.45263241,1.671526151,0.403260859,0.794000912,1.22637372,-0.052713898,-0.224999867,-0.83230955,0.303608287,0.225743661,0.307677068,-0.01497446,0.270153587,-0.071465394,0.642582153,-0.344421375,0.882178054,0.008339431,-0.037163331,-0.16655532,1.115611291,-0.196309951,-1.039993328,-0.237040905,0.420233038,0.731722979,1.093797005,0.368921752,-0.247578101,-0.517177934,-0.574118173,0.362044098,-0.461223236,-0.587813721,0.831495748
7Networks_RH_Cont_Par_2,0.691923249,0.448998014,-0.11282313,0.501812496,-1.168525783,-0.406844723,-0.685971625,1.0862596,0.112739115,0.591716591,0.228673626,-1.029848716,1.430765321,-0.485339175,-0.373152284,0.67416246,0.63343899,-0.324322607,0.369687475,0.52526811,0.406972352,0.423617472,0.638248197,0.037079358,-0.083717782,-0.518529669,0.0760025,0.644761128,-1.003585957,-0.317130714,0.365878197,-0.306417836,0.104504387,1.856493655,0.208164005,0.071558825,-0.738969907,-0.459672915,0.235465174,-1.40046979,0.229185568,0.316624843,-0.129959692,1.024142692,-0.272394506,2.042500824,0.049543544,0.090577364,0.253835267,1.195518481,0.145722318,0.125123481,-0.533558567,-0.321364487,0.543953273,0.037796008,-0.553117307,-1.11822157,-0.00998757,-0.265352906,-0.863372944,-0.091161066,-0.836927852,1.764971008,0.769940202,-0.187053548,1.269124433,0.776177193,0.839492352,2.162092711,-0.71863063,-0.505794453,1.280737027,0.395422362,0.089828981,-1.079089035,0.510486367,-0.429082856,1.761028981,-0.598209122,0.885385755,-0.30506733,-0.539597832,-1.133624018,-0.152460345,0.145576426,-0.021608151,-0.382414426,0.133960523,2.091540583,1.092788617,-0.131757625,0.26597324,0.197558623,0.270323271,-1.296167262,0.419192595,-0.240380768,-0.273419097,0.212964608,-0.073413387,0.562979388,0.350271508,-1.161273672,0.031929641,0.120610559,-0.237348697,-0.730252324,0.304350404,-0.64311023,-1.482280215,0.265629108,0.329426681,0.666150195,0.339831624,0.666131988,-0.30781887,-0.108623853,-0.789906512,0.587970039,0.040950329,-0.356846349,2.060255137
7Networks_RH_Cont_Par_3,1.080599386,-0.041502933,-0.839129262,-0.828821218,-1.076433669,0.037443905,-0.606570659,1.91838886,0.130127644,-0.429712694,0.163206615,1.177709627,0.363758216,-0.249103393,0.464348627,-0.056985645,0.096131355,-0.340738539,-0.011077022,0.231327343,0.376559361,-0.233260607,1.129024228,0.246227363,0.24814402,-0.559077825,0.217696732,0.32972752,-1.498570969,-0.651193156,-0.423050399,1.250623691,1.380186634,0.222861954,0.053317302,-0.316743165,-0.308973391,-0.102927366,1.276594429,-0.685307643,0.467998415,-0.512549219,0.7832611,0.256174123,-0.405320132,0.526164403,-0.272866543,0.899060611,0.006462087,-0.790367072,-0.41627249,-0.184985688,0.034776537,0.326986352,0.607255757,0.855286116,0.851735257,0.0480167,0.074251547,0.742666667,-0.198648247,-0.218226272,-0.466077066,1.308020672,0.610975966,-0.088182379,3.360294219,2.180190081,0.660862007,0.473305759,-1.14786922,-1.02915323,0.204450235,-0.79568481,0.096612774,-0.595598395,0.949777873,-0.342887686,-1.707538885,-0.69364864,1.367688952,-0.1104327,-0.742883346,0.982870236,0.664645794,0.32674486,1.025295968,0.076874695,0.936500263,-0.665007656,0.214784905,0.268755798,3.924485882,-0.609068203,-0.793318581,-0.742931276,1.394522818,-0.62262654,0.547024317,0.584503488,0.265120811,0.184485769,1.273204523,-0.417126108,0.009774955,0.163319478,-0.161190832,-0.172386429,0.450667908,-0.19617689,-1.204667969,-0.160443522,2.853974163,-0.295675388,0.330143177,0.817663439,-0.235582203,-0.300437088,-0.812561979,1.212321938,-0.516482144,-0.473085856,2.506810505
7Networks_RH_Cont_Par_4,1.025016452,0.007472256,-0.649065972,0.07280429,-0.808944885,0.140864693,-0.296904363,0.312913868,-0.620456034,0.085395957,0.449954047,-0.760151924,-0.752682009,-0.231187447,0.076129036,-0.051037193,0.231850502,-0.25852388,0.148422658,0.891535353,-0.074661263,-0.40197594,-0.547404182,1.074915886,0.115610592,-0.195029244,0.106567754,0.42988716,-1.520834095,-0.813796103,1.587185151,-0.144427105,-0.713324296,1.245104739,0.369184328,-0.245467397,0.671186104,0.050414987,0.793115831,-1.213907988,-0.193421947,0.06000903,-0.479121221,0.124352036,-0.874736879,2.371972391,-0.314743189,0.109095748,-0.143647145,-0.448288045,0.191129334,-0.108601832,-0.834038784,-0.286417553,0.317227173,-0.006196115,-0.30223825,-0.979538053,-0.380650754,0.199917832,-0.625595676,-0.435543159,-0.399708537,0.912414204,0.60681627,0.088702986,0.32767918,-0.022473896,-0.363473857,0.826203905,-1.094492033,-0.359606941,1.476172762,1.961421995,0.760099349,-0.848964893,0.538803632,-0.065490781,2.992684787,1.46504962,0.769419464,-0.336406839,-1.119549591,-0.579224751,-0.393261301,-0.04568909,-0.070227667,0.887838403,0.006088726,-0.346515269,1.506404141,-0.224796893,-0.60731404,-0.70626988,0.951545387,-1.782942006,-0.065020032,-0.878095374,-0.207207519,0.583094827,-0.684837975,1.094036462,0.878204236,-0.572487254,-0.137195532,0.739701428,-0.514442959,-0.418121488,-0.378416261,0.331436242,-0.876244404,-0.267177157,0.439190157,0.093169744,0.422860202,0.536342916,-0.716678521,-0.597910865,-0.491247701,-0.012781826,0.773412179,-0.576283665,1.33201796
7Networks_RH_Cont_Par_5,0.247603881,0.56769497,0.121294284,-0.441560507,-1.483339568,-0.57764175,-1.190470321,3.112711662,-0.335357374,0.13794773,-0.123563134,-0.682671966,2.512470429,-1.517668501,0.486456961,0.624128624,0.246835193,-1.355552807,0.036250045,0.442634544,1.059418481,0.886209844,0.506232111,1.599634254,0.633782073,-0.655490173,-0.244615883,0.606049551,-2.128112196,-0.344877051,-0.10145945,0.137951566,0.300077629,0.515986216,0.029059407,-0.641696083,-1.322059311,-0.562027586,1.282507263,-2.323985107,0.127718319,-0.591172853,0.67697903,0.857488359,-0.130825067,2.429755699,0.106077226,0.010329317,-0.782248383,1.329339555,-0.588680539,0.30311434,-0.015403708,0.217074113,1.862130907,0.601323222,-1.317122229,-1.169081463,-0.529149385,-0.800564563,-0.577768892,0.715605509,-1.475179586,3.82009613,1.542454231,-0.42832715,3.953257667,1.018417726,1.911918305,2.320094156,-1.576356797,-1.237622596,0.301546602,-0.282148038,0.133207706,-1.418879014,1.769752946,-0.551828434,1.059652442,-0.806584127,2.031277383,-0.386084744,-1.221164311,-1.446776046,0.337028638,-0.637443807,-0.214662471,1.331483546,-0.052346125,2.325559794,1.335268072,0.93053993,1.048051812,-0.36484937,-0.079165532,-1.249071696,1.629596185,-0.225886473,-0.642396819,0.63701868,-0.468416929,0.529082207,1.213410592,-1.270473517,0.3112075,1.351286345,-0.733458054,-0.957098673,1.060837915,-0.73433263,-1.589131654,0.249875789,2.10674876,-0.262041994,0.396253529,2.018512929,-0.341862036,-1.116520928,-0.604832323,0.715951747,-0.089679221,-0.83768776,6.711778168
7Networks_RH_Cont_Par_6,0.209365577,0.284941311,-0.885953109,-0.596643803,-0.998088211,-1.266812798,-0.576351929,2.179712832,0.158673879,0.230467898,0.227554999,0.065955137,1.025256032,-1.101905994,0.209646861,-0.066809298,-0.223586744,-0.870792752,0.008511849,-0.195953934,1.190063721,0.92454048,0.479340681,0.528396741,0.902639653,-0.450267006,0.127775667,0.97081758,-1.808622358,-0.930829898,-0.647346394,0.783486936,0.447824268,0.876307201,0.544717583,-0.605742267,-0.739686891,-0.724912567,0.845581253,-1.636472384,0.743629018,0.080607573,0.750330784,1.107494888,-0.649237011,1.576177923,0.348630591,-0.212247617,-0.044754105,0.429149344,-0.247342084,-0.068699943,0.242542831,0.115582061,1.637598579,1.463498638,-0.231611284,-0.0501639,-0.105901237,0.427124877,-0.212491056,0.032471389,-1.051368096,2.472131774,1.224802348,-0.502776552,3.87818157,1.981595913,1.096771396,1.785931216,-1.096208138,-0.740057534,0.575104557,-0.510836872,0.609447424,-0.894849039,1.480118691,-0.18751821,-1.107275651,-1.15057522,0.782535495,-0.577746727,-0.674277153,0.495326736,1.043757222,-0.273874852,0.33184641,1.238843742,0.870863054,1.281173226,0.796105852,0.058606107,2.496281146,-0.868958705,-0.229265575,-1.171451242,1.360940036,-0.007130268,0.23694836,0.850855684,0.340580662,0.168565926,0.740034003,-0.67980487,-0.298278917,0.817496869,0.145763195,-0.329883245,0.170549245,-0.04219243,-0.998306298,0.541174121,1.599385061,-0.717487979,0.466540571,1.658329286,-0.382197671,-0.657079161,-0.241847262,0.904710077,-0.786430344,-0.274926637,4.27225998
7Networks_RH_Cont_Temp_1,-0.455362283,-0.05556972,-0.458405043,0.002371425,0.16380808,-0.124209633,-0.189262927,-0.377480089,0.445298995,-0.066693769,-0.030796576,-0.573377996,0.339928838,0.083594696,0.425602422,-0.363410316,0.206388933,0.008380552,0.212731937,-0.378845793,0.7953357,0.927948102,-0.303828624,-0.127474818,-0.444928873,-0.048375987,0.230436443,-0.199761645,0.446916421,0.414190199,0.413818706,0.162391696,0.068240677,1.917784714,0.420288347,0.590217024,-0.606740279,0.810795612,-0.61496943,0.23768412,0.1484929,-0.229924789,-0.064967632,-0.002121225,-0.130755837,-0.082500612,0.173573283,-0.60817795,0.296244957,-0.677592236,-0.202567572,0.360398393,-0.102302656,-0.070993654,-0.41655875,-0.221926978,0.545202981,0.649029807,0.37805564,0.69656405,0.058747088,-0.327825414,0.69700679,0.164451531,-0.66224743,-0.262051611,0.268344355,0.197111494,-0.104458413,0.419627447,-0.446768818,0.02953191,-0.651812213,-1.379427202,-0.560152039,-0.099333437,0.145607799,-0.34549806,-0.462250575,0.065181216,-0.209771344,-0.369901549,-0.330161029,-0.39431268,-0.006865075,0.700564331,-0.055903392,0.772355773,-0.118619656,-0.445597854,-0.295077186,-0.10323003,0.164463059,-0.383655711,-0.130954542,0.271210428,0.223083457,-0.095731628,0.281856191,-0.312720072,0.203912777,-0.413115717,0.478277273,0.422105229,0.873633132,-0.282215793,-0.268977384,-0.393189533,0.868159035,-0.233666557,0.002395414,-0.146829156,-0.549861429,0.435489343,0.735491043,-0.323038891,0.043843586,0.173260811,-0.514679934,-0.477457183,-0.259209854,-0.537820349,-0.375204582
7Networks_RH_Cont_Temp_2,-0.664149499,-0.572846286,-0.013594535,-1.054008661,-0.242088708,0.065029312,0.038478696,-0.018203957,0.516283637,-0.179261971,-0.373356674,0.238975875,1.093632436,-0.418966187,0.359510364,0.598714653,-0.052961724,0.622616589,0.963761496,-0.642459335,1.344752147,1.191014776,-0.160147346,0.333307464,0.423103532,-0.385612913,0.160533845,-0.202401542,0.064172051,-0.122341124,0.019121833,0.531270151,0.635589964,0.273152861,0.695898121,0.467095524,-0.073487448,0.594317545,0.53469055,0.74114213,-0.180113633,0.124228833,0.075642653,-0.121580392,-0.399840591,0.242358834,0.600562597,-0.376376549,-0.115855349,-0.563256197,0.1272135,0.062488883,-0.163814125,-0.294615444,0.199514062,-0.297913056,0.684128253,1.180319306,0.077422399,1.095470237,0.908411396,0.313601686,0.055301778,0.344860312,-0.221182062,0.115088363,1.030570314,1.311644011,0.336340807,0.23624548,-0.794979465,-0.113266189,-0.56539096,-1.387827892,-0.10599941,-0.571807361,0.793953248,-0.140274567,-0.849858213,0.156475766,-0.545229698,-0.599272675,-0.272267158,0.277363778,0.652377518,0.204376164,0.336536032,0.016365498,0.22283701,-0.324708912,-0.414451318,0.813743257,2.003547189,-0.594084442,-0.119958689,-0.530307342,1.069438748,0.22948222,0.116987592,-0.19565655,1.450167455,0.086011179,1.276856631,0.050866089,0.813820398,-0.067021275,0.260571822,0.31297467,1.193938259,-0.287947164,-0.706605332,-0.571277087,-0.04336878,1.250454625,0.418980976,0.118813782,-0.126902144,0.421328765,0.018484564,-0.008435523,0.621569538,-0.072844324,0.396679431
7Networks_RH_Cont_PFCv_1,0.208337502,-0.167606449,-0.650002253,3.67240669,-0.229396842,1.001001688,0.405709228,0.692836067,-0.529524087,0.651874147,0.496546429,0.074340275,3.018756911,-0.41770305,1.443511318,-0.459825058,-0.388043623,-0.221135251,1.390466592,-0.806003743,3.121741309,2.405018301,-0.449626165,0.388974458,1.31819279,0.605642315,0.060666459,0.711864006,0.617193357,0.380770663,1.509346735,0.480939173,0.095054287,1.651791142,-0.329916862,1.142092141,-0.922705616,-0.34320908,-0.304641568,1.312990968,-0.521504617,1.143734941,-1.486259459,0.630125856,-0.151516731,-1.576782811,-0.062033928,-0.647224497,-0.909489247,2.859792342,-0.929298888,-0.233482335,-0.728367128,-0.614490202,1.92549791,0.954857916,0.893786674,0.159854722,-0.043546381,0.912344589,0.141587443,-1.019312867,0.364887923,2.269272902,0.777816683,1.224413663,2.08600221,1.470328608,-1.004167426,2.050809799,-0.197954827,-1.259414077,-1.214675955,-3.095806224,-0.783046668,-0.121164092,0.427503191,-0.964117231,1.149556713,-0.838003366,-0.402707349,-1.18465044,-0.120422588,0.363477941,1.184628883,-0.420975868,0.437441976,0.094590901,0.833574223,2.728405194,0.401288586,0.200905312,2.41242741,1.300127272,-0.529821184,-0.082430895,1.625483043,1.806184545,0.194401082,0.036605438,-0.271137247,0.49375494,-0.089924387,-1.220660457,0.185075248,-0.853959087,-0.685852571,-0.887909881,1.369110948,-0.958843659,-1.125315468,1.046718428,3.13337633,-0.100367566,2.445306788,0.57917776,-1.41770399,1.527472493,0.111721878,-0.822088855,-0.396393831,0.768234839,2.755867824
7Networks_RH_Cont_PFCl_1,-0.693053169,-0.60430751,0.102882443,0.629307464,-0.158371443,0.21831834,0.231239991,-0.354503104,0.774881387,-0.117214148,0.396651141,-0.219435784,0.9449148,-0.758578349,-0.682541324,-0.629592689,-0.290139906,-0.52307862,0.273132774,-0.144892469,0.97080177,1.139365166,0.444816674,-0.680312155,-0.226673903,0.775107674,0.157604874,-0.059652246,1.139230389,0.854349136,0.339100913,-0.362176993,0.534793645,0.048162821,-0.325668042,-0.228014543,-0.591688325,0.065660359,-0.243076488,-0.03224877,-0.061168492,-0.073224304,-0.047146502,0.318633593,0.170113539,-0.268951216,0.698358108,-0.408974505,-0.231444261,0.574862525,0.263014454,0.137246589,0.450708413,0.82384586,0.151987763,0.170833534,-0.174618811,0.044997961,-0.303042511,0.538096751,-0.733748222,0.724224405,0.563938193,0.071530817,-0.412143512,0.102776964,0.254653759,0.129185331,-0.09884126,0.768859083,0.438413729,0.015401811,-0.272309927,-1.130808886,-0.321882775,-0.709155137,0.149206858,-0.292975696,0.600718314,-1.188481438,-0.349597044,-0.444942082,-0.183125122,-0.422904679,0.805573692,0.599147581,-0.598287674,-0.136497211,-0.343754476,0.783982982,0.507698991,-0.23988248,0.219741954,0.332202934,-0.066145169,0.246949915,0.775896407,0.130170919,-0.356895154,0.235818432,-0.10213296,0.117607152,-0.285910331,-0.401319716,0.518466515,-0.472542138,-0.439289114,-0.200190138,0.114650695,0.014996695,-0.609689549,0.121930279,0.041734063,0.888049148,0.827566308,-0.334349213,0.501997472,0.12493511,-0.190438324,-0.01705776,-0.556779086,-0.322708239,0.23139221
7Networks_RH_Cont_PFCl_2,-0.017753362,-0.928273799,-0.092380729,0.288714772,-0.163091878,0.721831518,-0.240557433,-0.313656584,0.329717367,0.372796799,0.362376029,0.194813533,0.506800142,-0.459822057,-0.402136289,0.267884208,-0.152716907,-0.338442964,0.312083524,-0.009831406,1.093077513,1.245875008,-0.53038466,-0.049744781,0.377012705,0.439228587,0.252131602,-0.026632757,0.467054867,0.953412558,0.668938449,0.35852255,0.384728821,1.301163922,0.201557608,0.236891353,-0.478330042,-0.669471718,-0.168299423,0.337426322,-0.411049565,0.011645685,-0.259570347,0.306127984,0.091623917,-0.206458369,0.672800259,-0.476591881,0.213630468,0.390564286,-0.229531449,-0.139302477,0.089950666,0.667688571,0.731208084,0.56069129,0.318311438,-0.808264344,-0.709214325,0.184454636,-0.360976804,0.042506294,-0.134266174,0.629199946,0.250817584,0.021760688,1.001685566,0.645699157,-0.05567326,0.037131271,-0.509052481,-0.394188665,0.197279089,-0.483596192,-0.577231847,-0.963170062,0.052129962,-0.609093664,0.789304262,-0.783309837,0.744049807,-0.467023916,-0.343681636,-1.013064756,0.396252223,0.535241603,0.282732846,-0.549691945,0.618886255,0.344224032,-0.023449822,0.44868775,0.241134494,-0.112015642,-0.078172638,0.503093465,1.147570512,-0.259380196,0.125876993,-0.386598268,0.104511559,-0.497006547,1.119222696,-0.730248545,0.545581093,-0.341741662,-0.203154125,-0.574606823,0.501188671,0.08160056,-0.092940926,-0.759742238,0.382589593,-0.204324277,0.537229428,0.418212571,-0.483896003,0.496258897,-0.049095674,-0.464205549,-0.394155571,-0.436953326,0.904068931
7Networks_RH_Cont_PFCl_3,-0.1396086,-1.06349094,-0.281735556,0.542140718,-0.404809041,-0.432397984,0.291294208,-0.054257138,1.239680238,0.336533661,0.994309662,-0.071206995,1.561723287,0.016687361,0.112713129,-0.105357043,-0.369370608,0.276549848,0.762765271,-0.158837524,0.700377733,1.205260454,-0.267595766,-0.471823569,-0.03931033,0.289110417,-0.422262811,0.241424366,0.332675222,0.60218786,-0.246392843,0.12573249,1.228528886,0.144736916,0.294311465,0.416814123,-0.547605677,-0.203129856,-0.253046976,-0.225034249,0.203603815,0.13457889,-0.270221263,0.368937547,-0.158536377,-0.151458902,0.895420879,-0.332509156,0.423663154,0.56649517,-0.364555446,-0.1866101,0.128638454,0.741253944,0.574065571,-0.0792996,0.222716334,-0.507608433,-0.320117276,0.593913697,-0.743542567,-0.200742195,-0.039413546,0.156635427,-0.384112424,-0.011088595,1.486002021,1.151175409,-0.159758658,0.685651222,-0.031833336,-0.345319715,0.041600301,-0.922110984,-0.33359825,-0.458292405,0.824588488,-0.629452862,0.753682735,-1.434195031,0.780312798,-0.421600978,-0.100678844,-0.867035755,0.757973229,0.509083818,-0.365117074,-0.467752151,-0.107228757,1.319870065,0.427157605,0.251703372,1.60937597,0.088932753,-0.356123567,-0.10650192,1.421751883,0.315538301,-0.229058634,0.031615656,-0.044746809,0.088310796,0.56543375,0.308889339,0.147678707,-0.459941849,-0.518713642,-0.613410325,0.305921026,-0.56345909,0.107199726,-0.349834336,-0.101157866,0.315180232,0.099781973,0.352764303,-0.242032536,-0.02003747,-0.210035707,-0.197855557,-0.393875603,-0.475968522,0.835937489
7Networks_RH_Cont_PFCl_4,0.270966816,-1.048898311,-0.439314665,0.742855771,0.261750613,0.042970652,-0.644397931,-0.026329431,-0.000375692,0.636293266,0.038815868,-0.432310461,0.331908001,-0.133479215,0.334540697,0.807022121,-0.310180466,-0.228885436,0.058064106,0.929113812,-0.091229051,-0.14394262,-0.026676902,0.440440668,0.319257163,-0.210101382,0.190137502,0.001180061,0.74396323,0.791571672,0.867800631,0.501281254,0.726851642,0.789858893,0.010228743,-0.432177654,0.37299128,-0.417627065,0.789339323,-0.364220511,0.434135721,-0.039703608,-0.110591816,0.15631716,0.643550621,-0.115130388,0.114400323,0.697283764,-0.141948423,-0.213758369,-0.047851802,0.087950552,-0.360114365,-0.288015065,0.548659207,0.516611969,1.349883161,0.190148881,0.075761734,-0.832443084,-0.282051442,0.162328065,-0.317517997,0.501807283,0.745878529,0.240923469,0.546066259,0.863403974,0.425956492,0.38555269,0.267496012,0.047439871,-0.342685094,-0.815578365,0.109803069,-0.08456478,0.122125834,-0.395673773,2.3924664,0.29449617,0.406420802,-0.252476478,-0.263227303,-0.188089254,0.301783493,-0.313209377,0.414645902,-0.823482976,-0.483590695,0.101566235,0.375992209,-0.758737769,0.894536951,0.243778983,0.340593411,-0.989267888,1.05390471,0.430528465,-0.257138137,-0.667942726,0.514066313,0.049484555,0.276416162,-0.415460252,0.366218664,-0.373090635,-0.438810603,-0.051291531,-0.365253366,0.207633449,-0.799665748,-0.490924417,-0.262526541,-0.473120872,-0.138204684,-0.481120449,-0.656433491,0.189331843,-0.495393257,-0.092251876,-0.628675073,0.216011148,0.592593747
7Networks_RH_Cont_PFCl_5,0.268134689,-0.68895076,0.346735966,1.141315453,0.262623751,-0.170658998,-0.55004748,-0.061763118,-0.450379568,-0.201546753,0.289233024,0.738935815,1.998301804,-0.938442051,0.067771296,-0.064909449,-0.316655507,-0.690469982,0.673642213,0.447335755,0.623270867,1.006004535,-0.332820249,0.213355534,0.151916256,-0.244803417,-0.183113073,0.279575119,-0.5043381,-0.047292394,0.127804405,0.576351507,-0.120075054,1.796145104,-0.368861328,1.120863637,-0.102968383,-0.562300807,-0.216297931,-0.915759209,0.118455529,-0.31710772,-0.596941971,0.201706794,-0.711504191,0.096548518,0.255745544,-0.161342895,-0.687663571,1.087525427,-0.536982452,-0.568128559,0.30191564,-0.186205536,0.918542161,-0.026681036,-0.307628774,-0.528701526,-0.182023836,0.360245051,-0.701352637,0.013161338,-0.556985011,1.257069841,0.563923573,0.13886788,2.489274035,0.505276985,0.359511737,0.457867943,-0.707139972,-0.899265665,-0.127741944,-0.763044286,-0.641413074,-0.422898952,0.149686696,-0.385831702,2.559553507,-0.565810908,0.087626742,-0.668418562,-0.722202402,-0.681628598,0.235843196,0.87610986,0.208368619,0.191513979,-0.663971026,1.543944322,1.129175664,0.48237722,0.491181816,-0.074186008,-0.085301419,0.038232713,0.806067851,-0.239674211,-0.394102827,-0.23572084,0.007622825,0.228171874,0.276235939,-0.590250353,-0.582597424,-0.370961216,-0.681580461,-0.468157097,0.384161352,-0.579342303,-0.645356016,0.096637774,0.984393011,-0.336872283,0.773809001,0.282338531,-0.40623705,-0.156902102,-0.038107501,-0.384455181,-0.317907215,-0.61734309,3.485685449
7Networks_RH_Cont_PFCl_6,-0.494997116,-0.526624833,-0.714599836,-0.878596279,-0.978106855,0.088317804,-0.784355743,0.056641135,0.68559592,0.075286434,0.780249895,1.298866506,1.113973334,0.3723885,0.942919188,-0.384600263,-0.085976176,-0.281177022,1.029026584,0.095040651,0.713290342,-0.006911773,-1.345466812,0.343019479,0.083680688,0.126326655,0.317906979,-0.056125502,0.820159612,0.384914542,1.51708535,2.471061394,1.003782998,1.035494728,0.648089265,-0.789539386,-0.497711859,0.035640132,0.819197657,-0.875952257,-0.052313951,0.223570781,0.35460753,-0.649251862,-0.587588718,-0.293728335,-0.423567529,0.152808204,0.77776785,0.707524673,-0.726852718,-0.518717283,0.514834264,-0.181658108,2.289751736,1.219342251,1.354150903,1.835956503,0.395222771,0.395681958,0.001427028,-0.542267752,-0.762552655,0.862140558,0.868442064,2.340061921,3.353478128,1.626313611,0.143970418,1.048600151,0.199059321,-0.234377257,-0.725188102,-1.759617519,0.086962613,-0.000852019,0.707431592,-0.002489642,-0.545939967,0.087700316,-0.311676808,0.543170647,0.030054089,0.679491026,1.027966385,1.037175124,2.100148754,-0.147580742,0.136356229,0.446038492,0.454367535,-0.117582025,2.982372088,-0.436083894,-0.198976069,-0.682201158,0.608957149,-0.793610998,-0.019805854,-0.030190402,-0.36242528,0.439725072,1.304038867,-1.012508689,0.286471927,-0.168544114,-0.388831071,-0.900615036,0.170776084,-0.787205663,-1.279617499,0.078946329,1.04358635,0.061513722,0.031042709,0.261143218,-0.841166872,0.585015787,-0.007135986,-0.079652878,0.699234117,1.099361516,2.839102307
7Networks_RH_Cont_PFCl_7,1.12384862,0.375545122,-0.773123706,-0.416097123,-0.794655213,-0.112163781,-1.141434073,1.053502907,0.421172574,-0.620602191,-0.0423714,0.46218864,1.542344393,0.903390085,0.472262104,-1.208961142,-0.317902633,-1.148541384,0.60594095,-0.589054226,0.016191108,-0.242701212,0.863015448,0.655001589,1.184115045,0.139711106,0.145676342,0.496389712,1.232037802,0.410129181,1.777349674,0.204072345,0.627939292,0.358706258,0.743987732,-0.487588542,0.482121679,0.328702534,0.271621777,-0.070922816,-0.441072395,-0.162889542,-0.143876377,-0.008868012,-1.06317686,-1.007048982,-0.279589016,0.037554353,0.706314062,0.784115468,-0.171871627,-0.209298398,-0.275174267,0.452274438,1.191722249,0.988206397,0.7435273,2.202935314,1.089361884,-0.407294589,1.383190784,-0.775354812,-1.655498927,0.324054728,-0.110425241,1.059077431,1.088912065,0.213499655,-0.481019742,0.582982069,-0.322608303,-0.682154847,-0.329526828,-1.043519776,0.139670057,-0.551350059,-0.192102731,-0.258307096,-0.051874628,1.639690772,-0.444616257,0.163399208,-0.582540957,1.602620603,0.399425375,0.632304287,1.294770802,-0.303843866,-0.244620112,1.91710684,0.713266218,-0.189444287,0.853089189,-1.065249386,0.362329874,-1.416648032,-0.226534642,-1.431384624,0.123863365,0.365961437,-0.081051755,1.172714059,0.775746597,-1.125613213,0.771339199,-0.148805201,0.482734168,-0.179823555,0.223199606,-0.788942994,-1.357015833,0.244937855,0.879376258,0.113018703,-0.023165477,0.222411853,-0.45896538,0.701709828,-0.540834651,0.515352016,-0.249499159,0.429876256,1.373809394
7Networks_RH_Cont_PFCl_8,-0.203749992,-0.646189507,0.50357217,0.327810897,0.019268725,0.376765525,0.283553965,0.32891794,-0.259655511,0.440709038,0.42209258,-0.943896545,1.873385528,0.007462532,0.540202262,-0.23842858,0.362676013,-0.273702242,0.231008392,-0.039027238,0.921846089,1.428652142,0.717879486,-1.321078287,0.298359184,-0.135841443,1.053055673,-0.312992492,0.7088456,0.76338233,-0.112264086,1.015048195,0.676659913,0.889161583,-0.277250006,1.47906481,-0.455198498,-0.348016899,-1.029153003,0.510187621,-0.449187007,0.710934816,-0.326835849,0.198889982,-0.054408589,-0.814837402,0.873505194,0.954230579,-0.41937811,2.138744989,-0.021559067,-0.616862073,-0.039284458,-0.1904012,0.714387804,-0.536570463,-0.205127912,-0.965895929,-0.500664044,-0.146615914,-0.777476424,0.301467718,0.202545903,0.158950506,0.347084473,-0.085150655,0.987084062,0.390970058,-0.253048272,1.717874588,0.071541169,-0.52443448,-0.797499959,-0.840500544,-0.71336436,-0.231306684,-0.06175047,-0.677565283,1.000849626,-1.584593844,0.02887199,-0.566764245,-0.916539089,-0.804871543,0.022033109,0.339366659,-1.053166405,-0.27365174,0.225416479,2.623263909,0.56621201,0.535244435,1.09023199,-0.195421165,-0.09272502,0.470098562,-0.183778142,0.575579944,-0.715056199,0.291652271,-0.042540264,-0.49562042,0.098270882,0.552977613,-0.202016779,0.0192761,-0.380725173,-0.620091573,0.483871347,0.635718491,-0.46760365,0.336452126,-0.285236591,1.886341851,1.566361503,0.36121691,0.579340197,0.006260194,-0.519857315,0.455103895,-0.35146113,0.206655304,0.433140473
7Networks_RH_Cont_PFCl_9,-0.262128203,-0.550393971,-0.875968985,-0.639832772,-1.552472364,-0.850710448,-0.68908753,1.061931014,-0.102109023,-0.363726642,0.878897469,0.691045181,2.542226278,-0.384179556,0.547892155,0.049552588,-0.357063924,-0.977975806,1.166929321,-0.236404178,1.491394936,0.99587416,-0.119631942,0.417352945,0.831427537,-0.314186526,-0.603306316,-0.04625844,-0.445529496,0.330159076,-0.358371663,0.514860869,0.791513651,1.755548742,0.321337357,0.461029518,-0.272507154,-0.625201894,0.659967064,-1.11356951,-0.681443945,0.090241957,0.059085027,0.528974363,-0.482709868,-0.457165642,0.001814637,0.021078313,0.841714989,0.792574746,-1.161839566,0.350048186,0.475937133,-0.338428473,2.471732688,1.354855237,0.968562771,0.773352405,-0.016245856,1.237440932,-0.400822408,-0.453669587,-1.56301735,1.927393173,1.373136393,0.093668129,4.051739709,1.073336916,-0.099752181,1.938599588,-0.48799677,-1.205485078,-0.670262809,-1.461089038,-0.047908531,-1.062361338,0.653270958,-0.407463818,-0.131145786,-0.686977522,0.708630657,-0.703788836,0.006397458,0.683207361,2.103037149,1.044596669,1.63462416,0.452676936,-0.244334228,1.20629289,1.403171182,0.166268925,2.358877528,-1.134416169,-0.155548355,-0.832269381,2.272423552,-0.952865804,0.368721003,-0.196934583,0.165787978,0.518531822,0.861078959,-1.282156441,0.45101969,-0.278802012,0.101277047,-0.550060895,0.4604798,0.282399008,-1.625187799,0.193555826,1.82732555,0.36947795,0.380158725,0.895563665,-0.779717777,-0.612551799,-0.145158381,-0.103777567,0.062129766,0.523519528,4.9128889
7Networks_RH_Cont_PFCl_10,0.55905121,1.135296418,-0.471461283,-0.023630192,-0.905127722,-0.211236532,-0.049215783,1.592704903,0.332934292,-0.59653268,-0.515011192,0.547222694,3.00205179,0.091595714,0.781960475,-0.543107349,0.219083917,-0.602633472,-0.268132085,-0.624507867,0.379254466,-0.004120421,0.482954076,-0.009664186,1.466818559,-0.675397145,0.4873847,1.29683511,-0.430366594,-0.42048968,0.242017735,0.532116366,0.015397748,1.180767776,0.60762423,-0.422091628,-0.305137462,-0.151750188,0.637703087,-0.772824924,0.101261922,-0.558237916,-0.224514999,0.408827104,-0.330137187,0.447231246,-0.899161529,0.006264931,0.011159659,0.489431251,-0.688803681,-0.208570323,0.327490978,0.074213342,2.50716515,0.721731594,0.604555911,0.570929858,-0.387968404,0.113920495,0.516188233,-0.182077574,-1.959109324,0.894871309,1.686365678,-0.017220573,1.927907381,0.632895563,1.118221475,1.28105992,0.165836815,-0.688639636,0.02783444,-0.504023004,0.145471424,-0.565591337,0.315458726,0.049335752,-0.71081526,0.40618451,0.004461989,0.308083539,-0.544275724,0.777273165,0.595230422,0.487252428,1.096390409,0.282441663,0.319133555,1.668028608,1.103313654,-0.043116223,1.089077875,-0.080339136,-0.34494879,-1.290550685,0.988135322,-0.2135257,0.476291642,0.304964991,0.424385853,-0.059662431,0.35465224,-0.281487207,0.342990808,1.408224349,-0.25428669,-0.178651814,0.470379007,-0.684989845,-1.228455799,0.392046872,2.370499071,1.101683454,0.253100425,0.336709688,-0.947466046,-0.270982608,0.14041478,0.312589068,-0.230572441,1.017450528,2.120469346
7Networks_RH_Cont_PFCl_11,0.565189855,-0.901905827,-0.191162349,-0.277874673,-0.620259524,-0.328043069,-0.657188398,0.737829506,0.194440414,-0.126484252,0.905960224,-0.260176082,1.705070114,-0.608924331,0.014007173,-0.053866164,0.25866294,-0.519015534,0.17410856,0.167425014,1.551944876,1.350838975,0.081140515,-0.932237371,0.651528031,-0.342594473,0.511114074,-0.064162575,-0.336531995,0.840099731,0.040167225,-0.141463545,-0.080136868,0.397297826,-0.374794912,0.92073273,-0.953190447,-0.548635885,-0.456130311,-1.131139188,-0.156693395,-0.009324444,-0.110277299,0.652759089,-0.044564936,-0.96342965,0.471519188,-0.048047248,0.609307442,1.150866464,0.685070798,-0.267767599,0.306884575,0.462464585,0.331549263,-0.209203501,0.409831214,-0.72794362,-0.578291945,0.262277311,-0.966870605,-0.264261506,-0.224647236,2.46684448,1.109949401,-0.417745424,2.951131343,0.785240913,-0.076259789,0.790473727,0.11345337,-0.629120532,0.311346681,-0.272870955,-0.581011531,-0.75377816,0.048659396,-0.775845673,0.184381776,-1.781833743,1.384387218,-0.223342197,-0.434783516,-0.467698672,0.581464909,0.036579897,-0.623953446,1.001517445,0.177252215,1.188750721,0.311734917,0.422045896,0.877785055,-0.650540607,-0.694671303,-0.058899008,1.879373501,-0.581708752,0.093177165,0.019915201,0.240236309,0.20080831,0.805271068,-0.025332438,0.30811575,-0.165778894,-0.790020073,-0.800533223,1.093219785,-0.097507573,-0.727260004,0.128407949,1.051575609,0.661924904,0.749544151,0.870206993,-0.708279176,-0.694200668,0.217446739,-0.157560875,-0.627503088,-0.418669078,3.953834215
7Networks_RH_Cont_PFCl_12,0.594729875,-0.629298627,-0.45976668,-0.168905812,-0.333603894,0.113265034,-0.020032229,1.16786942,0.582111301,-0.122496208,-0.117135066,0.42497647,2.00285331,0.236799838,0.154306822,-0.040763034,0.692159944,-0.56353334,0.246377091,-0.607874312,0.982696519,0.780192617,0.284475193,-0.574335526,0.705564022,-0.6494195,0.371298918,0.107283674,0.014282554,0.832916808,0.172086319,0.234664791,0.71285018,0.073043444,0.406160399,1.239858874,-0.476686605,-0.570482909,-0.281446261,-0.549499062,-0.235171799,-0.178295816,-0.045684697,0.411199728,0.172932779,-0.223486104,0.606543204,-0.017200495,0.42340151,0.007350116,-0.449147283,0.440711654,-0.086570342,0.184386453,0.401218085,-0.367157979,0.273269067,-0.128471475,0.119957225,0.063738984,0.078282554,-0.225759394,-0.493965066,0.192719274,0.195366435,-0.280382213,2.036473019,1.204397423,0.135001296,2.000732561,-0.262002373,-0.396514753,0.006017335,-0.565033948,-0.51325413,-0.644377552,-0.058947382,-0.658933838,-0.376659592,-0.905778109,0.791925411,0.035846791,-0.587922317,-0.215476678,0.673823629,0.955066633,-0.041494257,0.348881172,0.542933176,0.563728907,0.516362978,0.265323402,1.083114517,-0.476140958,0.095956843,-0.072403571,1.421342052,0.658953269,0.04986917,0.179571429,0.487742706,0.264825541,-0.403293109,-0.193884393,0.558292309,-0.135472975,-0.45537662,-0.346728273,0.721194756,-0.173380074,-0.386968972,0.615591162,0.567076724,0.88385516,0.732152268,0.170919906,-0.443193304,-0.235646499,-0.108940714,0.110569854,-0.474704802,0.354670503,1.563496937
7Networks_RH_Cont_PFCl_13,2.951309339,-0.152123793,-0.418794836,-0.539668637,0.142953042,-0.430515575,-0.655774575,2.09621108,-0.26827395,0.997845762,-0.221125935,0.070976421,1.000561432,-0.198306197,-0.137831821,-0.521401366,1.080510885,-0.895701674,-0.43835413,1.486023294,-0.887177846,-0.36294928,0.976296584,-0.00924447,1.057003667,-0.024295905,-0.351649015,0.665719281,-1.03643428,-0.352802267,0.816551734,-0.168215761,-0.333174053,0.583682369,0.519254261,-0.336722903,-0.586351448,-0.453449642,-0.239831469,-0.573667438,0.807341937,-0.355936126,1.022153454,-0.157870432,-0.774439677,1.571276925,-0.415686759,-0.021504464,0.050185218,1.133007755,-0.821524625,-0.075425704,-0.881643855,-0.024782106,1.176917227,0.49284917,-0.487517759,0.98308585,-0.048941086,-0.269020577,1.386083332,0.428808764,-1.26134689,1.211104789,-0.28722198,-0.753964478,0.659099977,0.278778336,0.884479973,1.715018927,-0.419248696,-0.591289876,0.547018778,2.19330238,0.330341969,-0.437163355,-0.138422619,-0.939051992,-0.428028845,0.020166439,0.942894073,-0.89949435,-0.464131371,0.047085069,-0.510625586,0.345468176,-0.683908916,0.116179716,0.255667044,1.091900355,1.062374774,1.200170807,0.343940356,0.146139133,0.25202315,-1.176892589,0.062963195,-0.834667148,0.029134586,0.455984848,-0.451245528,-0.022440648,0.037250765,-0.140760277,-0.096354874,2.48131902,0.222869456,0.299695783,0.848061671,0.08384936,-0.962218456,0.777694154,1.123754621,0.206294093,0.254389404,0.170674446,-0.472647469,0.115460834,-0.321981665,0.241220105,-0.499190501,-1.0224696,1.734270782
7Networks_RH_Cont_PFCl_14,0.17009016,-0.717672162,-0.198352106,0.124547386,-0.517646137,-0.028497681,0.650928739,0.917263342,0.865282133,0.028421098,0.656745209,-0.248420951,0.381528289,-0.18272379,-0.213123367,-0.386708341,0.660081242,-0.333859079,-0.055556351,0.197729667,0.813809768,1.072572764,-0.021824399,-0.55313961,0.207377299,-0.136244491,0.037233134,0.402387853,-0.331325993,0.214202922,0.262265898,0.356724101,1.144560454,0.39896452,-0.038096214,0.414238917,-0.438715334,-0.274643801,-0.63153041,-0.068318675,0.236770296,-0.078964691,-0.051680113,0.301408371,-0.258725901,0.187611261,0.102200275,-0.100239796,-0.004924155,-0.13338906,-0.699632559,-0.435312383,0.100196034,0.194553732,-0.071707168,0.312642393,0.403103274,-0.339556142,-0.376310726,0.142385357,-0.627070398,0.145333501,0.42034452,1.745589238,0.878207084,-0.371810795,3.252346613,0.936847217,0.190208369,0.889567138,-0.179186354,-0.534486922,-0.078855222,-0.10922268,-0.71868143,-0.896692963,1.22139605,-0.732343663,0.124417787,-1.294350212,0.807684299,-0.540635581,-0.428786874,-0.062270482,1.067364093,0.487342608,-0.036532505,0.960565735,0.217743965,0.20496803,0.369276701,-0.076729795,1.247419568,-0.460519814,-0.094798345,0.129063754,0.727755371,-0.199950636,0.430770055,-0.268318369,0.430213263,-0.070690681,0.406847876,-0.281391926,-0.302900064,-0.031647724,-0.095209056,-0.123226695,0.729021432,-0.708199222,-0.539489992,-0.213479294,1.602521252,0.772837618,1.325943905,1.215780667,-0.0033144,-0.037667915,-0.132378491,0.360232663,-0.58327529,-0.406865971,3.186055531
7Networks_RH_Cont_PFCl_15,0.899473643,-0.757202081,0.081051618,-0.196394566,-0.326570245,-0.224720751,-0.565561824,1.422602512,0.269603079,-0.528677513,0.37853021,-0.288807563,1.259709949,-0.559328654,0.556960576,-0.132409838,-0.188113428,-0.490613087,-0.176958126,1.505993755,0.802160496,1.054377819,-0.146761713,-0.277919565,0.742665831,-0.366576225,0.280257379,0.266515001,0.23985536,0.831499969,-0.000285137,0.227221308,-0.262812664,1.26369003,0.208557575,0.171706659,-0.083451485,-0.269453205,-0.311992829,-0.328094064,0.049779826,-0.048422709,0.00316908,1.40164806,0.225652249,0.237160319,-0.343839609,0.558938409,0.215563404,0.330831511,-0.171207784,-0.565178834,0.717620228,0.750436956,1.036746463,-0.080229449,0.427815409,-0.935095738,-0.495616346,0.002726819,-0.585610363,-0.01794394,-0.487604137,2.051513695,0.660611433,-0.649362731,3.268390586,0.212845513,0.828909288,0.977999793,-0.60609621,-0.800876107,0.093789267,0.533658254,-0.659637188,-0.890217399,2.157928618,-0.492999899,0.156506495,-0.902631853,1.866089149,-0.238237557,-0.889519794,-0.689457817,1.091470268,0.290675353,0.021831754,0.670120767,-0.0997095,0.397014781,0.794220072,0.617533634,1.055709552,-0.505297385,0.300521642,-0.608146797,1.239248506,-0.661376171,-0.059400904,0.356946365,0.134211912,0.237959191,1.158759839,-0.373018145,0.611958453,0.862257315,-0.415648265,-0.580467755,0.301095781,-0.364028783,-0.908720211,-0.251103974,2.037751011,0.255002215,1.30607032,2.659784119,-0.650011049,-0.36717358,-0.784148059,0.910269667,-0.302521233,-0.779168238,4.21312618
7Networks_RH_Cont_pCun_1,0.757949036,0.121348701,-0.532540086,0.234726291,0.016985972,-0.050361114,-0.138890998,1.833385522,0.113873914,0.280312595,-0.206737337,0.219047917,1.116331005,-0.564889553,-0.017614953,-0.515158321,-0.402051453,0.112666987,0.525661409,0.103672682,0.15147567,-0.116601745,0.851748889,0.500119537,0.625030251,-0.342065265,0.182263498,0.985445348,-0.292880367,0.264386131,-0.480580528,0.6684774,2.208249265,-0.029458387,0.495057943,-0.489419992,-0.543026625,-0.528714792,0.144553232,-0.240532881,0.219710657,-0.541924161,-0.352876788,0.93605456,0.529699361,1.13110717,-0.519269327,0.491223663,-0.270887296,0.456330545,-0.4126761,-0.716440432,-0.744532392,0.386759067,0.295467254,0.776981469,-0.131405858,-0.266207802,0.317484906,0.424161393,-0.505778514,0.055041207,-0.798859373,1.246429797,1.004119813,-0.521403714,2.196989496,3.090043505,1.098322263,0.870712014,-0.781480049,-0.874797922,0.105060248,0.481917636,-0.435707929,-0.218955598,1.872353971,-0.182867257,0.642685461,-1.171337912,0.99126902,-0.704922314,0.173750901,-0.481293179,-0.28146112,0.293621443,0.798978103,-0.004089731,0.208314713,0.980665173,-0.194453887,-0.247624429,2.698240567,-0.010352206,-0.635794737,-0.338584695,0.727461469,0.239295215,-0.122853134,-0.23553371,0.171845346,0.786221335,0.186692424,-0.415978684,0.09976477,0.752776521,-0.665133241,-0.429493793,0.56551015,0.038815353,-1.054183248,-0.279251606,0.542909767,-0.000402166,-0.149665702,0.462859966,-0.906534731,0.04877741,0.143124104,-0.269183903,-0.072416121,0.128027312,0.811964458
7Networks_RH_Cont_pCun_2,0.356358737,-0.80239472,-0.150575145,-0.758721418,-0.531989945,0.48226125,-1.068134351,1.00009622,1.61557031,-0.271034905,1.129886716,0.000321173,0.779411918,-0.14934341,0.40068799,0.510195,0.205842022,-0.051607088,-0.148686747,0.699564557,0.355272396,0.26230486,0.109853867,0.224601597,0.727316986,-0.493155362,0.024972354,0.024767306,-0.704312475,0.113193911,0.336904618,0.128818826,3.381375731,0.086284173,-0.253863736,-1.077708903,-0.734279412,0.012625991,0.885572682,-1.205825306,0.908390986,0.118260506,0.291110849,0.183035241,-0.432924675,0.698308132,-0.597127497,0.275572373,-0.319974597,0.478535054,-0.268482794,-0.003673363,1.18989272,1.676254159,-0.434937156,1.468517853,-0.33963068,-0.667347116,0.033457443,-0.858642798,-0.702327729,-0.49980565,-0.513066583,0.916498653,0.978267186,-0.634241753,2.99524421,2.791395993,0.343207713,1.429979081,-0.661338675,-0.409096859,0.48394881,-0.530705592,-0.450422605,-0.40338697,2.388798685,-0.739046655,-0.560811042,-1.394052063,0.310742787,-0.645562409,-0.520837161,-0.183648212,2.396149007,2.215785194,0.063203389,-0.304872775,0.018142492,0.60312873,-0.410113842,0.095445863,2.730758942,-0.470943288,-0.392137915,-0.482084062,0.38246741,1.026523956,0.028749137,-0.580348442,1.377134458,0.007017148,0.149091955,-0.777073232,1.426527381,0.395810842,-0.51678634,-0.52025413,1.461306196,0.002481441,-0.978236374,-0.451337659,0.984660737,0.970020831,1.040965752,0.927721411,-0.873286875,-0.405297198,-0.537111131,1.120860428,-0.408682476,-0.404334568,1.6784075
7Networks_RH_Cont_Cing_1,-0.335999092,-0.532334297,1.317397914,0.37561387,0.989038651,1.076992011,0.190146484,-0.02609354,0.143839074,0.40566631,-0.248846863,0.891358751,2.308990999,-0.304961166,-0.059800114,0.393032488,0.323773525,0.704535148,0.646857105,0.650606616,0.085938143,0.402382207,0.031257659,0.884714738,0.241509759,-0.272409028,-0.678284607,-0.121772072,-0.709841164,0.096023542,-0.36243555,-0.284293336,0.946978547,1.22540296,-0.325775852,-0.609729536,-0.068910617,-0.7468022,-0.049343671,-0.049163855,-0.212171753,-0.293416269,-0.988706916,-0.296305252,0.332813431,-0.153299242,0.571018853,0.601149616,0.343254309,2.251153599,0.020215088,-0.583532027,-0.715937353,-0.547284043,0.754663686,-0.699551558,0.543884995,-0.774644439,0.863803148,0.299440512,0.051972453,-0.672943433,-0.225198331,0.078587082,-0.420831517,-0.063534482,1.113964022,1.593465937,-0.155528367,0.674798617,0.046260228,-0.530733446,-0.250169454,-1.136856008,-0.352344171,-0.420386382,-0.163919511,-1.001938319,1.451094845,-0.413463224,-0.734406023,-0.229721586,-0.839701411,-0.25896655,0.968776928,0.342482085,0.203333504,-0.215902568,0.314738014,2.533576187,0.18685046,-0.077224717,1.080508991,0.498617264,-0.248294075,-0.69107776,0.23763113,0.367201412,-0.235710348,0.659861626,0.699848554,1.410918827,0.413982734,0.466949002,0.265506502,-0.049459661,-0.384786294,0.302674982,0.928697225,0.324913318,0.60768144,0.243677403,0.418452469,1.209543612,0.057872005,0.417092687,-0.018745212,0.285829707,-0.752224043,0.149773328,-0.638486026,-0.540114338,-0.371124552
7Networks_RH_Cont_Cing_2,0.242027979,-1.014745592,0.127169921,1.230382728,0.082357381,1.632021022,0.263843545,0.361807534,-0.291947522,0.116442814,1.214002978,-0.015379442,1.50567631,-1.049696836,-0.716750169,0.399083226,-0.03519278,-0.124600405,0.015062462,-0.153268044,1.019423684,1.115704435,-0.075652197,-0.230728193,0.370135719,1.112390093,-0.399502955,0.078569857,0.269496484,0.587477863,0.97069066,-0.00531001,0.201863892,-0.071511422,0.613377103,0.52330148,-0.290223996,-0.436500594,0.329783077,0.963541214,0.162810831,-0.234566294,-0.108470222,0.630185209,0.188619198,0.353874716,0.496485263,0.695447646,0.584668566,0.852696268,0.106841819,-0.480874537,-1.150436795,0.833448878,1.705259024,-0.005695419,-0.794046954,-0.744973795,-0.554103971,-0.068282386,-0.270213313,0.258300956,-0.412099462,0.926158352,0.135980629,-0.379211395,-0.013263793,0.235398531,0.209477687,0.392066384,0.72512966,0.068519585,0.723340156,0.078335837,-0.899622709,0.443856034,-0.612538522,-0.858322875,4.089845083,0.538768037,0.132306538,-0.249408505,-0.57995611,0.305035705,0.068392392,0.904325606,0.02659231,-0.622933388,-0.811539101,0.125410072,0.304593948,0.015320077,0.724182221,0.348919466,-0.099817083,0.461254773,0.81180768,-0.30626158,-0.572382787,-0.445176042,-0.425569195,-0.724693335,0.998298385,0.6979312,0.401197196,-0.513929953,0.390610029,0.25620421,0.346470938,-0.095826396,0.165846199,-0.561159225,-0.427473346,0.252935281,0.422961045,-0.368682617,-0.397447517,0.229399658,-0.2911238,-0.896135936,0.171382538,-0.937399242,-0.508984898
7Networks_RH_Cont_PFCmp_1,-0.449771363,-0.656609404,1.252213406,1.845971934,0.384320145,0.420284403,-0.271732127,0.235079922,0.180964454,0.133807715,0.051681067,-0.553555317,1.487247802,-0.316926999,1.049485579,0.454741086,0.181691006,-0.29158964,0.20564702,-0.419098144,1.85060981,2.303541667,0.207806028,-0.277373184,0.499320895,0.780629365,0.482548833,0.232766436,0.450411473,-0.045599913,0.162946687,0.578310269,0.373452345,0.000583443,0.387543015,0.407273089,-0.332608191,-0.421497454,-0.635913127,0.221507513,-0.656699263,-0.317588521,-0.528384429,0.146786031,0.129181762,-0.593023935,1.177666553,0.742137845,0.099305171,1.369391111,0.197640877,-0.96917521,-0.74019648,-0.953143365,1.314986707,-0.584437295,-0.698719704,-1.534040697,-0.346202285,0.534450103,-0.529468677,-0.585596494,0.620449837,1.530735067,-0.048259546,0.437432382,0.912997071,0.728874925,0.000858239,2.65827606,-0.578146492,0.30953876,0.073728928,-1.985903813,-1.192639711,-0.047303259,-0.128444333,-1.232724159,1.630264397,-0.884460806,-0.171557596,-0.389972443,0.298306855,-1.254297175,-0.264927421,0.887798421,-0.002210192,0.105504517,0.894512405,1.297422178,0.678952009,0.20012505,0.632808146,0.472168859,-0.260101433,1.714762475,1.159265549,2.033318702,-0.11796618,0.903208023,-0.128530508,-0.16085134,-0.384786682,-0.551647018,0.080739682,-1.030618026,-0.702909577,-1.289522321,1.339926438,-0.456370913,-0.192796558,0.266867072,0.550944,0.032896577,0.629729868,0.128105246,-0.447915298,0.762354359,-0.165049368,-0.316829124,-0.541285041,0.214918719,0.406515267
7Networks_RH_Cont_PFCmp_2,0.619001348,-0.280602522,-0.371284282,1.064017874,-0.330983946,-0.08828724,-0.390879381,0.46775808,-0.341448051,-0.157223229,0.348219246,1.09199805,1.825849071,-0.166410852,0.875847864,-0.160414759,-0.388683103,0.085512788,1.188505396,-0.121366088,3.442159229,2.90924493,0.540419288,0.372674508,0.990226392,-0.204042343,-0.114540664,0.634129102,0.303309796,0.525532197,1.371849469,0.495154468,-0.122032221,1.594695894,0.052523681,-0.117763535,-0.421275937,-1.180200267,-0.463122325,-0.163695315,-0.300708494,-0.198185332,-0.446806969,0.940484073,-0.434764693,-0.542719683,0.739766895,0.73711034,0.010500756,0.39061295,-0.287933901,-0.146759828,0.122736397,-0.46301514,1.343571634,1.762308532,0.555742003,-0.105237941,0.029755048,0.66295523,-0.290083408,-0.623455053,-0.90654981,2.215716069,0.751125772,0.872481429,1.378543436,1.036364607,-0.704683456,2.683313645,-0.825742917,-0.392659449,-0.138543858,-1.527268367,-1.129299701,-0.311822847,0.124122412,-0.628107814,0.961121329,-0.550046099,0.554012249,0.012855506,-0.196853569,-0.162469782,1.723784587,0.829670174,0.092055034,0.528230143,1.355139693,1.056409845,0.958214581,0.804278368,1.328568282,-0.304306834,-0.052071993,-1.157005754,0.554513959,0.208463396,0.223265815,0.942292725,0.540158756,0.404571203,0.072475651,-0.798565325,0.681969095,-0.386614136,-0.434762281,-0.956091955,0.965302465,-0.88580253,-1.853736398,0.112110636,1.298835411,0.004134068,2.49647009,0.503019719,-1.01741349,0.212919051,-0.460970711,-0.565026853,-0.250524351,0.395290257,2.240057131
7Networks_RH_Default_Par_1,1.929118257,-0.031319143,-0.599609373,-0.933029529,-0.375372839,-0.720902144,0.341195657,2.03717335,0.467970793,0.511961609,2.755972259,-0.46459208,0.110601913,0.467832197,0.18576623,-0.738327819,-0.591545768,0.348011734,0.291212085,-0.124632384,-0.656508252,-1.105968626,1.067121175,0.596391491,0.736877677,-0.510280908,0.10038889,-0.31706643,0.124791212,0.364139347,2.562160013,0.158231246,0.041292222,-0.267049212,-0.351113164,-0.370303053,0.701915328,-0.022121072,0.106441678,0.575191504,-0.267511046,-0.313017613,2.089336802,0.561674895,0.807136111,-1.318799975,-0.625230407,-0.048875568,0.067334999,1.458083228,-0.207046725,0.242917369,0.113506416,1.131977915,-0.178736571,0.206501689,0.749729504,0.301841007,-0.682686647,-0.208391598,1.26519435,-0.171355585,-1.112377063,0.644211936,0.534847047,-0.227392482,-0.564914257,-0.244924752,-0.494673983,0.592390002,-0.506454334,-0.479360009,-0.312167962,-0.422950532,0.829852504,-0.407756846,1.813174726,-0.478753723,-0.045815721,0.206574681,-0.783023554,0.320326014,-0.310028664,-0.604084897,0.584064517,-0.284706779,-0.006782076,0.068046582,-0.285515345,1.819125626,0.189817393,-0.236522754,0.332325604,-0.671052695,0.177101603,-0.438242885,0.038558947,-0.056275545,0.312065645,0.941789053,-0.26091644,0.015307,0.345663266,-0.68037996,2.648464157,1.626451046,0.24462429,0.417936702,0.120736665,-0.560541073,-1.187193705,-0.4930686,0.202603837,0.42221671,-0.394947193,0.212398278,0.019032317,-0.181984624,-0.426548579,0.216211444,0.215204063,0.684182011,-0.783368518
7Networks_RH_Default_Par_2,0.684694624,-0.640053791,-0.415384974,-0.820299091,-0.747798955,-0.478488408,-0.739138264,1.467188423,3.470209421,1.080853604,1.513144648,-0.406657785,-0.235068853,0.277165726,0.286374568,-0.325172833,0.677698622,0.467687039,0.202489689,-0.388174069,-0.191632733,-0.285724203,0.22222815,-0.25781246,-0.047172484,-0.455334413,-0.109989736,-0.205798499,0.135275362,0.502252843,1.200228502,0.574778941,1.349027272,-0.7047526,0.434285298,-0.132298446,-0.425628241,-0.220163075,0.015490278,0.052999317,0.230850287,0.064912516,0.187868663,0.574760031,0.07716154,0.661801177,-0.504907366,-0.147179958,-0.065189865,-0.497269473,-0.138706982,0.37138673,-1.01336118,0.690350712,-0.449984856,0.459674402,0.969996179,-0.267285083,-0.430230517,-0.561427269,-0.032377159,0.276541257,0.029161617,0.31278861,0.036258051,0.322250871,1.161686095,1.639093184,1.066031781,0.697485004,-0.676604398,-0.515095362,-0.488908047,-0.931146373,0.3915882,-0.315767847,0.850083283,-0.290855388,-0.188373634,0.481860808,-0.113133043,-0.475300342,-0.38269097,-0.480232181,0.386957401,0.469080159,0.066399735,-0.611851747,0.051736503,-0.664540864,-0.788337032,-0.188284313,2.008339678,-0.5894274,-0.43171059,-0.301308496,-0.723038716,1.008211574,0.098485362,-0.1978323,1.324136155,0.095167456,-0.005949704,-0.28468989,2.072162855,-0.37055407,-0.628679738,-0.308800112,1.361916478,-0.481086094,-0.631179788,-0.059955763,0.680822149,0.999655476,0.066484225,0.0362353,-0.26293007,0.177819233,-0.052278201,-0.0852791,1.075914227,0.231378912,-0.797458941
7Networks_RH_Default_Par_3,1.025306798,-0.978835478,-0.540507324,-0.67149346,-0.58278357,-0.063685735,-0.312970291,1.025359638,1.185594376,0.489678482,3.5656737,-0.508406182,0.776932731,0.03609219,1.151814886,0.799151548,0.442783413,-0.172599125,0.215847553,-0.369131264,0.139881535,0.080697856,0.972703899,-0.185259277,-0.047179414,-0.343838452,0.746385587,0.162242668,-0.439019399,0.848361926,1.883516538,1.103763187,0.746290013,-0.459930291,0.281437109,-0.110880388,-0.24776729,-0.431494963,0.754142433,0.125448342,0.230906617,-0.423080175,0.698478073,0.945677106,0.366233277,-0.594508599,-0.264150388,-0.350840625,0.553909809,0.620666141,0.316508544,0.454275778,-0.227745284,1.210242959,-0.644057072,0.679318323,1.632224993,0.253348388,0.364935747,-0.227076549,0.176648055,-0.440289807,-0.682776707,1.110794193,0.349527445,0.853514291,0.675161228,1.036841254,0.184254549,1.51900175,-0.374337364,-0.589743245,-0.69424418,-1.214874401,-0.102414572,-0.256461196,0.714995586,-0.521848952,-0.018685442,-0.992905106,0.008111463,-0.371496347,-0.102633316,0.190071451,2.144409993,0.797943796,0.428331488,-0.464633043,0.396397399,0.846863481,0.142163521,0.171540779,1.812369182,-0.641013266,-0.427923842,0.022075766,-0.171239977,1.093315644,0.850527026,-0.254922911,0.73348422,-0.530403343,0.316118207,-0.848533152,1.141083897,-0.143211823,-0.057174555,-0.070155712,1.154244986,-0.352712297,-1.209910145,-0.250495243,-0.315228311,0.705237351,0.162106216,0.617206877,-0.158001605,0.208123129,-0.238558302,-0.048505684,0.398367374,0.262326243,-0.102229526
7Networks_RH_Default_Par_4,1.414449471,0.247923593,0.040213843,-0.113861246,0.305254794,-0.03122501,-0.278081807,1.833768996,-0.032223437,0.156017849,2.006277389,-0.597689084,1.389592396,-0.521831182,-0.01899113,0.150653949,1.350576206,-0.739259116,0.109212357,-0.17403639,-0.062206999,-0.15362344,2.16229325,-0.164625542,0.138359229,-0.828802654,0.519632299,-0.176327538,-0.027199972,1.155225335,1.106777749,1.175427311,0.408324648,1.484652789,-0.123555263,0.430123352,-0.287904835,-0.480565402,0.518669243,0.525225669,-0.178896534,-0.549337846,1.043335567,1.067668383,0.309852412,0.511487975,0.247165985,0.007935986,-0.243117743,3.22013918,-0.096349568,-0.74816074,-0.214029204,1.164971297,0.633660818,-0.099904203,-0.245499246,-0.087177431,0.088827835,-0.074982535,-0.396853982,-0.406780551,-1.148547891,1.346496152,1.023269581,-0.153976912,0.429785108,0.349932623,0.232370784,2.160716657,0.110547052,-1.153656238,0.604943445,0.207028289,-0.695491395,-0.41999344,1.137869245,-0.342286736,0.03988008,-1.187816858,1.089368044,0.252947431,-0.9819734,-0.264436919,0.425096345,0.251838826,-0.343475766,-0.30770034,0.338486029,4.16578238,0.472758414,0.58600213,0.863954628,0.350995362,-0.489646423,-0.613049359,-0.809033472,1.137189259,0.244941781,0.130252596,-0.419630293,-0.115492165,0.449044558,-0.559399657,0.092347619,1.481288763,-0.787358207,0.327076771,0.713091146,-0.184008934,-0.845480853,-0.005840917,0.246643785,0.170300327,0.690943671,0.528820656,-0.399117981,0.050083684,-0.622655567,0.333873269,-0.226731548,0.103197323,0.062152517
7Networks_RH_Default_Par_5,0.307496062,-0.617706086,-0.647738563,-0.566336381,-0.778687331,-0.235410233,0.099358042,0.884817459,1.788129811,-0.243329485,0.313092368,0.012153292,0.844499887,0.2769544,0.242554025,0.216328594,0.261269034,0.058053013,-0.015226899,-0.06523809,0.69598142,0.593684406,0.286980438,-0.395993383,-0.318685126,-0.191759766,0.57762947,0.693661389,-0.370953756,0.788054633,0.193775876,0.430471864,1.427047062,-0.095479721,0.009372709,0.019908932,-0.351154714,-0.145956498,0.544330065,-1.001689755,0.011706824,-0.046486438,0.190538003,0.498280593,0.420213695,0.027507756,0.172837815,-0.18556704,0.913572562,-0.457463536,0.270751529,0.496502455,0.129542168,1.001458263,-0.801373608,1.003819778,0.923785891,-0.134645449,0.290206928,-0.400851636,-0.235645167,-0.173534134,-0.81918842,-0.025375345,0.774902474,0.597624739,1.295558349,2.072627529,0.454632331,0.597358144,-0.455566222,-0.328833775,-0.238301438,-0.817289388,0.358827516,-0.15164296,0.257873403,-0.764133323,-0.769801162,-1.410111081,0.10242686,-0.29098969,-0.111539429,0.468555354,0.738095084,0.503385989,0.883624093,-0.575696469,-0.249824475,-0.405239926,-0.191053716,0.193893646,2.411061808,-0.606826488,-0.35322591,-0.6499154,0.961459237,0.820881114,0.659413335,-0.472590437,1.201014197,-0.298335605,0.669382864,-0.380894608,0.556069466,-0.463687459,0.095282182,-0.278751116,0.884369894,0.609756845,-0.612451871,-0.111702316,0.827265722,0.609812852,0.212971641,0.561948762,0.035418397,-0.111415735,-0.434201496,0.034132042,-0.760090267,-0.217109221,0.144025075
7Networks_RH_Default_Temp_1,-0.434454607,-0.006801384,-0.195919463,-1.002765116,-0.454431962,-0.165525527,-0.220360061,-0.641542237,2.138009796,-0.488122669,2.702147686,0.059708975,-0.577652445,2.035431627,-0.734496038,-0.006087882,-0.346165289,0.585512042,1.194636973,-0.624620724,-1.132356386,-1.082151534,-0.706606716,-0.747204618,-0.133037518,-0.226802761,0.164819284,-0.340705972,1.672577383,0.844098722,2.533069126,0.761562619,1.832291313,0.267346122,0.615456812,-0.093431177,0.646025293,0.646122353,0.962034012,0.481122891,-0.066789145,-0.118950274,0.683493481,0.549013898,-0.672214553,-0.660536957,-0.770947121,0.147453312,1.080997442,-0.960391842,-0.359520951,0.626924027,-0.072920409,0.313601419,-0.768974347,0.56615964,0.78925917,1.664789863,1.657808144,-0.092622794,1.38109238,-0.527544456,-0.347400043,-0.145301957,-0.850653858,0.368559785,1.460744968,1.618855175,-0.260613691,-0.060168935,-0.190701336,-0.089525547,-0.32433326,-1.472833123,0.237649146,-0.479079021,0.297555684,-0.507357691,0.10847571,0.193080187,-0.491529905,-0.19962987,-0.109094947,0.737906316,0.54579465,1.315895269,0.330292572,-0.527748243,-0.247357854,-0.569714131,-0.738561309,1.071056201,1.991477323,-0.538910151,0.571256762,-1.064434787,0.458468692,0.243263732,0.063231935,-0.360403629,2.035183418,0.218238969,0.837077786,-0.156893473,1.744103568,-1.010472454,-0.203797823,-0.080021413,0.363728741,-0.092753173,-0.212713731,-0.109603357,-0.233131017,0.307245499,-0.462337017,-0.431726616,-0.405851271,1.35929999,-0.628842154,-0.760516162,-0.19803161,-0.495682747,-0.587395863
7Networks_RH_Default_Temp_2,-0.161873383,-0.329836737,-0.37939118,-0.847519087,-0.505208985,0.514524555,-0.533356762,-0.33170035,2.268600055,-0.045180396,0.714742436,-0.184625765,0.273425012,1.438587884,0.171230781,0.20228517,-0.098468369,0.217457447,0.761485632,-0.433142686,0.391458698,0.138287483,-0.562035237,0.104481517,-0.268400986,-0.340146163,-0.079199677,-0.215603037,0.299590459,-0.182630076,1.570285387,-0.376830186,1.520873969,-0.097839365,0.793152091,-0.411586533,0.621596847,-0.349486462,1.31071915,-0.428773502,-0.237283805,0.428228348,0.160507624,0.614662788,-0.363335039,-0.564888738,-0.229123543,-0.455499961,1.208987325,-0.976536727,-0.022574057,0.496615635,-0.191420276,1.199686968,-0.428442875,0.206949206,1.509866831,1.433069005,1.006831601,-0.262346881,1.082800162,-0.497085729,-0.111211298,0.451075885,-0.443132561,0.520297364,1.593056817,1.410965904,0.515755387,0.385852575,-0.584472753,0.150061208,-0.7785651,-1.410001208,-0.202962387,-0.747090463,0.816267537,-0.351528374,0.034241738,-0.098901585,-0.564534103,-0.540520287,-0.269816753,0.212283468,-0.157504191,1.717012189,0.953775155,0.020114067,-0.375640776,-0.492029807,-0.870291912,-0.144051875,2.246944602,-0.640068269,0.576433372,-0.583577659,0.666367143,0.128626978,0.221524136,-0.374596196,1.925473803,0.490124424,0.649327554,-0.094718377,2.029192474,-0.550654556,0.313362489,-0.077851211,0.4933797,0.003748715,-0.399921547,-0.232328609,-0.083649277,0.031289647,-0.003778189,-0.167093763,0.089783498,0.686698615,-0.411002043,-0.536073334,0.2566339,0.36792228,-0.422899888
7Networks_RH_Default_Temp_3,-0.366640365,-0.766147688,-0.260823525,-0.541886605,-0.378643733,0.198001204,-0.185472993,-0.91686342,0.614810684,-0.797458894,0.10001318,-0.513632353,0.074881211,1.164993096,-0.558129067,0.046376635,-0.335562334,0.348421521,1.006927989,-0.519785672,-0.454888355,-0.485961732,0.357408091,0.207640687,0.376697921,0.016505144,-0.398367321,0.382183951,1.998581455,1.135994969,1.25481974,-0.244937725,0.951553924,0.549097359,0.610340804,0.535424453,-0.665706132,-0.041436048,0.131478175,1.178318917,-0.059190201,-0.10056075,-0.219480602,0.113329338,-0.641781256,-0.359367079,0.029069702,0.405687597,-0.100788602,0.20360499,-0.477319965,0.525387988,-0.375672488,-0.051553831,-0.28351533,-0.578778857,0.423263478,2.354962056,1.908027668,-0.234470728,2.872052727,-0.786994733,0.381873949,-0.571774842,-0.341301449,1.481573705,0.407081427,0.284934434,-0.729955676,0.009092591,0.328586045,0.896706481,-0.184206469,-0.65954563,-0.880999514,-0.259122567,-0.155918052,-0.934071052,0.057600345,0.253714756,-0.204216982,-0.972112094,-0.051929727,1.406475798,0.102108745,0.546491742,0.34117151,-0.566192222,-0.445037361,0.313452007,-0.612795243,-0.162056619,0.682906021,0.220402976,0.362490303,-1.044073326,-0.338696194,0.530256607,-0.120386682,-0.532827152,1.568981633,0.005675723,-0.147304016,-0.034203021,1.13896062,-1.109953483,0.989213512,0.789155969,-0.199669315,-0.197350334,0.159733432,-0.531305052,-0.589333927,-0.418831139,0.041274828,-0.647591951,-0.50804639,1.382927552,0.177769051,-0.769883253,-0.037980242,-0.114439188,-0.264943894
7Networks_RH_Default_Temp_4,-0.407381549,0.106061373,-0.311501667,-0.788342319,-0.448885874,1.087102009,-0.193899901,-0.274793242,2.39387763,0.012877385,1.010427321,0.325448004,0.084879192,1.300169762,0.174442759,-0.190640598,-0.339295733,0.670186093,1.382668845,-0.665685121,-0.784382936,-1.191021787,-0.263100106,-0.099068085,0.120002582,-0.165995944,-0.512156769,-0.636575067,1.133659941,0.022935032,1.551009273,0.287296614,0.557209743,-0.437516322,0.576273607,-0.059721241,-0.215111041,-0.406217173,0.892399567,-0.333319632,-0.049358591,-0.266760435,0.328934426,-0.316354696,-0.151287911,-0.276889928,-0.376355203,-0.157779921,0.835142462,-0.762059316,-0.631658668,1.368955684,-0.557866766,-0.05955234,-0.678536473,0.135293586,1.210149597,3.174978406,2.263133271,0.051090888,6.554791901,-0.107413684,-0.118421851,-0.292490869,-0.365859441,1.886256417,0.048958603,0.686166,0.010368006,-0.621150699,-0.360547032,0.471095745,-1.011657394,-1.414369171,0.834710911,-0.983678052,0.292427242,-0.536237942,-0.186648122,0.622185356,-0.763049645,-0.206857558,-0.428388791,0.739172242,0.203274131,1.252011013,0.553064687,-0.131760382,-0.18635626,-0.036577527,-0.69458747,-0.095572407,1.069365363,0.022866788,0.864016073,-0.814736929,-0.224165108,-0.562363127,0.545551006,-0.165620212,1.05399659,0.660683929,0.292896867,-0.965537192,2.062343524,-0.917576091,2.056721924,0.827680226,-0.016186994,-0.11271057,-0.756786881,-0.584264089,-0.211590631,-0.575436698,-0.597234789,0.432570803,-0.104205497,1.121339198,-0.369239969,-0.317124116,-0.110653552,0.22405314,-1.053490135
7Networks_RH_Default_Temp_5,-0.331079554,-0.179152641,-0.358396614,-0.942809063,-0.702950536,-0.368253056,-0.864888566,-0.033155604,1.50244031,0.152595017,0.49326755,-0.422257699,-0.189132448,1.380971568,1.141348827,-0.421641774,0.033376835,0.150138709,0.408467746,-1.331422924,0.127059201,-0.350467451,-0.480120066,0.363534076,-0.333770567,-0.877081363,0.072686066,-0.276194082,-0.177784727,-0.461792995,0.455854577,0.498026323,-0.206862871,0.740243974,-0.023868027,-0.408566156,-0.52058237,0.209568662,-0.020069553,-0.218760017,-0.275784043,0.724984726,0.254948192,-0.928382612,-0.900522437,-0.583935274,-0.320385162,-0.78542284,-0.448352,-0.232081474,-0.890412358,1.672174772,-0.663762359,0.026063893,-0.824572255,0.389313769,1.090783723,4.024847918,2.776189122,-0.528620829,6.087232844,0.492024489,0.541690915,0.145599303,-0.439489904,3.403666582,-0.104445882,0.671130795,0.427969591,0.789135892,-0.146329848,0.760778371,-0.912182461,-1.667776164,0.801123322,0.449793208,-0.280642459,-0.121388867,-1.195099779,2.219878236,-0.688295208,0.302570429,-0.795537702,0.632023664,-0.382756935,0.553529784,0.343118945,-0.005914847,-0.574790097,0.319484284,-0.393427623,-0.183151574,0.173613625,-0.049407036,0.792432727,-0.884889854,-0.112578164,-0.2910432,-0.244376465,0.787074987,0.753412541,0.483647126,0.454392448,-0.170424351,0.1509881,-0.26655386,3.180837593,2.484384189,0.157057693,-0.140067202,-1.268014576,-0.227325235,-0.183853056,0.179457997,0.230445295,-0.435552401,-0.442896173,-0.309401627,-0.403002678,-0.400635689,0.671051665,0.396412159,-0.308859804
7Networks_RH_Default_Temp_6,0.029598573,0.171351064,-0.323396481,-0.841455235,-0.033894862,0.140785585,-0.230449853,-0.874774606,1.667305765,0.080159493,-0.213519979,0.511333621,-0.491133247,0.539972429,0.582357077,-0.562074077,-0.25559923,-0.26374121,1.030877473,-0.847349537,-1.10203009,-1.27111627,-0.190154436,1.48789442,-0.76116405,0.543049178,-0.360005573,-0.737933562,0.837019141,-0.14914326,0.75770827,0.048529826,0.759899986,0.171131547,-0.053651381,-0.073615806,-0.53446344,0.113574598,0.413661657,0.466660456,-0.149718487,0.043961506,0.141068553,-0.662219708,-0.875741616,0.091706371,-0.834546355,-1.053619333,1.143782039,0.228556802,-0.597996672,1.575774468,-0.816202899,-0.141726415,-0.566895918,0.438510817,0.947762314,3.051961628,0.281435081,-0.528858922,5.117775197,0.222750575,0.36703595,-0.227712041,-0.661729632,2.959076414,-1.379857327,0.596692888,0.456146308,0.543138223,-1.400420702,-0.294141371,0.119419674,-1.301710435,1.398391303,0.068554742,-0.793590952,0.078371726,-0.573109886,2.114073461,-0.246417008,-0.525295217,-0.230153207,-0.217044003,-0.455268649,-0.00295762,0.140640862,0.107006908,-0.886745023,0.666798588,0.230996002,-0.387228805,0.29029467,-0.238348093,-0.103705365,-0.49639319,-0.665693105,-0.91379334,-0.232746352,0.231279939,0.971133425,0.926613762,0.064632837,-0.522835447,0.078855567,-1.130583592,3.649775828,1.020355639,-0.460896044,-0.391787418,-1.078597834,0.207033997,0.160954903,0.133557293,0.203850355,0.236228201,-0.666467424,1.022834057,-0.676569963,-0.482384088,-0.295449269,0.252826095,-1.954801694
7Networks_RH_Default_Temp_7,0.069501829,-0.152622865,-0.281318381,-0.942870251,-0.955737212,0.515117901,-0.324911659,0.253033717,0.767517139,-0.553856448,-0.190362838,0.543727856,-0.54843688,0.852242191,0.451824187,-0.368472068,-0.327195979,0.86311729,0.766737396,-1.18524879,-0.839912261,-1.170987023,0.262641676,-0.086570082,0.539452508,-0.381823534,-0.875739577,-0.852597599,1.064171746,-0.20635058,0.950001876,-0.688035313,-0.295749113,0.243774513,0.724680115,-0.759201222,-0.073925425,1.835644036,0.132549825,-0.653832493,0.006302614,-0.387131486,0.456268471,-0.358841065,-0.602514253,-0.080562379,-0.932607152,-0.628503449,-0.036977882,-0.186546435,-0.912709178,0.767856011,0.109837517,-0.212034284,-0.829830448,0.012506742,1.55243808,3.137431529,1.294856356,-0.223816025,3.299989006,0.284924697,0.034678858,-0.263530639,-0.954678276,1.622285664,-0.509247948,-0.478722864,0.122616636,-0.030817799,0.291512965,0.344267411,-1.145798739,-0.578228258,1.57748833,0.453010035,0.068234343,0.876607955,-0.987469315,2.234418725,-0.726735581,0.440282816,-0.753612848,2.424966906,-0.335635929,0.049429307,0.840070397,-0.114187812,-0.042620651,0.448466802,-0.571298403,-0.207981875,0.395449264,-0.394592278,0.751652158,-1.098316528,0.569148936,-0.055713725,0.332461081,0.134372065,0.561089128,1.086435755,1.06142391,-0.259409349,0.798460427,0.711614216,1.495789223,1.254942259,0.053730386,-0.173562365,-1.01833476,-0.614672682,-0.14133031,-0.171830209,0.332020485,-0.812841376,-0.580677052,0.339520172,-0.194095965,0.531423036,0.276177748,0.413083364,-0.68670473
7Networks_RH_Default_Temp_8,0.812191505,0.625075982,-0.161580485,-1.24255473,-1.762347798,0.176676805,-0.831270086,-0.228002264,0.384983656,-0.036151332,-0.261089258,-0.111859494,-1.438235378,2.993984918,1.043389876,-0.986859167,-0.710045835,-0.03964727,0.675268766,-0.88225815,-0.675037054,-1.247162847,0.598575363,0.601707746,0.339179716,-0.71789141,-0.428773413,-0.549334554,1.335106109,-0.310292884,1.72565514,-1.214821633,-0.214144671,0.042877759,-0.059159021,-1.036533545,-0.462222883,1.604640722,-0.508748662,-0.614352023,0.077304212,0.223616103,0.32290067,-0.877250942,-0.764337031,0.242744458,-1.214307427,-0.503807566,0.458440758,-0.015402218,-0.660957112,2.341734146,-0.822001407,0.457243384,-0.136939602,-0.050058471,0.717764326,5.325459756,1.646442249,-0.409975205,7.196978062,0.032208976,0.088214394,0.508170006,-0.396243161,2.329082646,-1.509983287,-0.014622507,0.733086753,-0.19364595,-1.079126319,0.585501761,-0.165614026,-0.646514076,1.478043136,0.672033783,-0.256069958,0.125283317,-1.494383976,2.787745913,0.020616754,0.389122301,-0.312516729,2.864483683,-1.137546463,0.502752426,0.601317955,1.326859946,-0.427556612,0.423257431,0.036916786,-0.448088848,-0.144079853,-0.695489845,1.000884488,-1.991922444,-0.164343743,-1.141023323,-0.817270271,0.773208001,0.801747097,0.532714477,0.783107099,-0.492749363,1.015072827,-0.605764253,4.969348051,4.871900162,0.413620447,-0.457948451,-1.231478083,0.030616502,-0.183828447,0.24547385,-0.25855516,-0.108189963,-1.239215729,0.952298392,0.303917465,-0.274165624,-0.131443719,1.182408684,-1.094508482
7Networks_RH_Default_PFCv_1,-0.280522748,-0.186807111,-0.230482398,0.650019213,0.600374742,1.454200665,0.577362393,-0.132304157,0.750509198,-0.174186331,-0.039168208,-0.375677288,0.599101747,-0.139592743,-0.005415732,-0.06147071,0.077116044,-0.051502194,1.421298174,-0.966033103,1.069728818,1.358111647,-0.417890684,-0.317231234,0.57443289,0.610327299,0.184516723,0.104191723,3.142544316,1.339408152,1.005408685,0.279757647,0.746559058,0.555649428,0.192458156,0.054430481,-0.138145225,-0.023595417,0.00933713,2.361509543,-0.330717439,0.372779368,-0.533681626,0.255305197,0.49538268,-0.763260458,1.320369843,0.519604271,-0.259232172,1.775437937,-0.48139554,-0.367735875,-0.260411703,-0.58091839,0.819271936,0.215698325,0.654667738,-0.066564806,1.068149264,0.572816111,-0.765037823,-0.19340938,0.137816815,0.466206619,-0.004019021,-0.087099795,0.056943759,0.808654689,-0.151615847,0.6401198,0.92197272,-0.446664666,-0.158252759,-1.713380703,-0.915310805,0.048815021,-0.166137133,-1.021819161,0.066966151,-0.992276183,-0.40841047,-0.397264882,-0.01895625,-0.48251451,0.304526752,0.63410399,0.151724415,-0.241646994,0.587381588,1.729694703,-0.138844424,-0.267219597,1.158849406,0.783698584,-0.129272217,0.258317655,0.453403194,0.86080562,0.297798836,-0.106352542,0.140052091,-0.276933203,-0.132898471,-0.043587779,1.185909264,-0.569353449,-0.807179675,-0.299860472,0.333039916,-0.820582347,-0.821095428,0.887672263,-0.552850897,-0.035420138,0.696075919,0.067182333,-0.261703167,2.38502032,-0.096128504,-1.14649338,-0.443296174,-0.326199733,-0.926239693
7Networks_RH_Default_PFCv_2,-3.53E-05,-0.101696886,-0.59842797,-0.061920742,0.004444014,1.144272073,0.292439725,-1.218634489,2.024490307,-0.116157653,0.169908271,-0.497783414,1.529315921,0.670499805,-0.162387398,0.195028961,-0.253260105,0.517498937,1.594598634,-0.864130906,0.277810983,0.519947718,-0.853861576,-0.530586078,0.208666842,0.899425001,-0.353328024,-0.087194251,1.250219925,0.69675756,0.306352421,1.568123876,1.519577522,0.041243973,0.01964173,-0.489184284,-0.012166219,0.170136495,0.549322578,0.552185121,-0.007669908,-0.684992305,-0.596482785,0.305344762,-0.365845242,0.3684847,-0.374282987,-0.250974013,-0.229251925,-0.408741904,0.040343177,-0.215937121,-0.116259727,-0.141204117,0.219625028,0.823669137,-0.126825752,0.87611961,0.707016356,1.308655137,-0.48899158,-0.473013463,-0.436822128,0.867794384,-0.347624025,0.439661082,1.085642285,1.104640549,0.629807925,0.316683501,0.543477868,0.162007964,-0.266054184,-1.595318287,-0.953685531,-0.669228912,0.573903001,-0.812133043,-0.962308718,-0.892382164,-0.103302935,-0.268310672,-0.441933532,0.317611425,0.165801635,0.802375023,-0.032802316,-0.384065275,-0.023237357,-0.0254328,-0.414575444,-0.242298861,2.114199275,0.954402619,-0.448463159,-0.137405073,1.567225907,0.331651638,-0.371820091,-0.181663522,1.184557558,0.0025726,0.30319558,-0.192765808,0.62185097,-0.660568377,-0.817111823,-0.424807718,1.042756191,0.223345084,0.087033069,-0.785824531,0.145069351,0.348378827,-0.101298068,-0.222683755,-0.478302704,1.92267424,0.013989545,-0.905512896,0.068088829,-0.318808636,-0.727307775
7Networks_RH_Default_PFCv_3,0.174231916,-0.096288355,-0.863185537,-0.187449092,0.19301607,1.536792016,-0.371055935,-0.144500519,0.496686923,0.519918215,0.732155082,-0.313235935,0.715935944,0.356654697,1.185924176,0.468678469,-0.013818936,-0.210096635,1.588782752,-0.103584513,0.613325863,0.494047661,-0.657138236,0.096031071,-0.15851943,-0.190013572,0.726642395,0.328514422,2.128949876,1.07896584,2.298723291,0.145768693,0.446501766,0.672451786,-0.038036912,0.291371812,-0.294715973,-0.129927781,-0.273979524,0.691565911,-0.903064658,0.653568485,-0.168233476,0.233182829,0.275255615,-0.183120313,0.197077591,0.75465929,0.501206419,1.372998992,-0.168621741,-0.131109361,-0.570908349,0.712057938,0.968802687,0.904944394,1.475011328,0.985201632,1.797173034,-0.825466988,0.648909606,-0.736434215,-0.190747994,1.05308162,0.092708615,1.830153869,-0.197864566,0.950235621,0.258186218,0.332510896,0.356154524,0.051882872,-0.100927716,-1.644464388,-0.278546597,-0.254486313,-0.019747218,-0.835445968,0.599454635,-0.389096285,0.014458466,-0.589537302,-0.505420089,0.461957498,-0.223048745,0.644431395,-0.03630192,0.369936886,-0.31274489,1.327811001,0.397484357,0.173360964,1.008818903,0.125272801,0.118075586,-0.335996818,0.486536633,0.092161583,-0.172526149,0.176946746,0.368721974,-0.074616872,0.358769337,-0.539809368,1.614735996,-0.095340174,-0.611257106,0.001527424,1.072453908,-0.281051528,-0.439313553,-0.44765895,-0.007341302,0.125643431,0.255660073,0.006556309,-0.217446782,1.564865998,-0.303602309,-0.742878454,0.056521669,0.007840113,-0.5538386
7Networks_RH_Default_PFCv_4,1.066995605,-0.384433063,-0.212651566,-0.017331403,-0.311508372,0.895977022,-0.896681592,-0.322987232,1.347738775,0.157722511,0.419956167,-0.948541868,0.068926039,1.297041177,0.118370208,-0.26864692,-0.156580309,-1.025030702,0.647674212,0.350449896,0.433209072,-0.117445301,-0.223916355,0.200718488,0.3246177,0.036133355,-0.213157768,0.463877568,2.214245132,1.199923273,3.825353214,0.717662634,0.436053276,0.521563555,0.493411877,1.308980056,-0.27493583,-0.315003288,0.022679348,0.545534194,-0.828551865,0.336098627,-0.15313235,-0.581766892,-0.464910488,0.219472788,-0.690664571,0.757845351,1.049175784,1.31580533,-0.765501155,-0.388109597,-1.072011191,0.538308516,0.973385067,0.404775487,1.269701777,2.423547777,1.454358895,-1.245878567,1.200382361,-0.8518617,-1.19339745,-0.024996759,0.652612558,1.820514969,-0.160486235,0.598960243,0.047225956,0.529579611,0.280265858,0.150932138,-0.263588272,-0.829547474,-0.445350341,-0.310223765,-0.47528533,-0.722036669,1.487088356,0.247754248,-0.131869065,-0.117326944,-0.796148404,0.423170305,-0.201322962,0.414891746,0.065275283,-0.307466657,-0.48777365,1.431754462,0.220778859,0.287564542,0.812802046,-0.373736658,0.510953548,-1.072748874,-0.241820951,0.452218613,-0.781309485,-0.544788487,0.146692291,0.276716967,0.178559963,-0.612232216,2.036526719,-0.557030076,0.0428438,0.927400814,0.43038744,-0.605891997,-0.916408421,-0.284933385,1.210433172,-0.080700809,0.566103587,0.15312723,-0.218276629,1.786934224,-0.171219112,-0.397431459,0.03362662,-0.126908825,-0.455389624
7Networks_RH_Default_PFCdPFCm_1,-0.286987209,-0.791118848,0.421626558,1.262630694,1.73646795,2.627818125,0.167996896,-0.779403957,1.569568348,0.286322212,0.892481136,-0.977865967,-0.082352038,0.429016884,-0.661999678,0.142132368,0.247568311,0.448030009,0.361555824,-0.083547565,1.934437211,2.455642612,-1.054898018,-0.518250715,0.462741989,0.825599323,-0.515152293,-0.390680185,2.293724011,1.509258944,0.718398786,-0.969622051,0.227598813,-0.193041035,-0.259346676,1.265652038,-0.469281064,0.104381058,0.6189844,2.871821805,-0.427798285,-0.301276918,0.013339159,0.619790583,0.155098469,-0.692714377,1.096314744,0.05983245,0.128415717,-0.010484532,-0.025821264,-0.720319011,-0.061283151,0.21917925,-0.600949639,0.34353728,-0.155096835,-1.890591051,-0.575865103,0.665785366,-0.429836679,-0.510155898,0.093611757,0.371370903,-0.234819167,-0.265599814,-0.552360814,0.770148448,-0.201937266,0.093882573,1.015238968,-0.468242401,-0.701557456,-1.808238052,-1.035391077,-0.934204683,0.003164715,-0.65319171,1.990026353,-1.016019492,-0.973456826,-0.709716371,-0.057123305,-1.298188607,0.781874145,0.798825805,-0.669412032,-0.760922691,1.05992601,-0.053902776,-0.701727405,0.476656486,0.146858464,0.850337806,-0.537699017,0.718354515,-0.144659066,0.938848137,-0.137474239,-0.692926063,0.492560594,-0.344041652,-0.227100998,0.049054468,1.869917955,-0.680660956,-0.958736129,-0.529390958,-0.152659552,0.062933754,1.020660576,0.185011448,-0.121645944,0.218831653,0.376571275,0.364367717,0.7261459,2.919946863,0.024379554,-0.656239178,-0.513454286,-0.211286455,-1.396177917
7Networks_RH_Default_PFCdPFCm_2,0.536191682,-1.008568997,-0.670389016,0.284691607,-0.199550436,0.240724934,0.855579356,-0.267563614,1.122622405,0.044343834,0.000899351,-0.002962269,-0.284802151,0.2265084,0.023346312,0.201492479,0.807593337,-0.276913826,-0.336704209,-0.219220071,0.263384556,0.878051254,-0.371680784,-0.729983428,-0.50264579,0.948187905,0.008936231,-0.545967141,0.92237814,0.05091612,0.361267315,-0.347201222,0.868472768,0.399418488,0.578948373,0.107848506,-0.145893709,-0.518714582,-0.116908028,0.018167522,-0.537981903,-0.416230768,-0.505603917,0.912855216,0.019585069,-0.377692952,0.414963808,0.225356078,0.364677431,-0.397778934,-0.095962612,-0.492268199,1.398317729,0.614004524,0.297788036,0.111969871,0.149081713,-0.56218522,-0.162589083,-0.309383304,-0.423376544,-0.029517612,0.717190555,-0.236127663,-0.198502025,-0.426599519,0.295674101,0.87849414,-0.055328924,0.041483048,0.524491729,0.511743529,-0.541072777,-0.844492981,-0.674648622,-0.10255961,-0.588461411,-0.535928207,1.406996011,-1.376647598,-0.25821614,-0.502506921,-0.788951351,-1.071500438,-0.176066137,1.126235713,-0.58451958,-0.325233145,-0.104228622,-0.082421886,-0.571506345,0.208932021,0.75872506,0.13958683,-0.40811045,-0.240892261,1.211639604,0.85437486,0.291703511,0.490782637,1.312035041,-0.2813035,0.071826602,1.005435512,0.911874309,-0.499265799,-0.642895049,-0.788102125,-0.121227696,-0.309739191,0.380296881,-0.097969087,0.50205081,-0.4298539,0.517667725,-0.390563898,-0.602064078,1.176261532,0.204158683,0.494381234,-0.148593463,-0.38644697,-1.06860157
7Networks_RH_Default_PFCdPFCm_3,-0.351754447,-0.312030258,0.135293375,0.877760625,1.558867343,1.962840351,-0.023459491,-0.127020484,0.837912457,0.61317588,-0.159340951,-0.549519197,0.591439065,0.225521774,-0.46862829,0.302864497,-0.412827547,0.621126019,0.699519719,-0.734039638,0.717830351,1.27789984,-0.616722581,-0.673060242,-0.152503063,0.66947804,0.228805175,0.30881192,3.063720933,1.629165722,0.603448697,0.378279664,1.302425374,0.521324581,0.021264473,0.735514205,-0.940471044,-0.253212983,0.035147071,1.333852277,0.201785478,-0.123122016,-0.301571001,0.477949527,0.356140206,-0.521491863,0.636881633,0.481908633,-0.208300243,0.489473834,0.17466554,-0.811037253,0.277022742,0.085779234,0.102937095,0.242421723,-0.756323008,-1.746386622,-0.482224758,0.641434906,-0.520076224,-0.88306068,0.833193447,-0.259654844,0.301203469,-0.714784282,-0.282774608,0.728754415,-0.059466379,0.946927533,0.890668642,-0.42177849,-0.509389694,-1.868525774,-0.521899714,-0.494367993,-0.505740331,-1.085526911,2.191321827,-1.430182649,-1.14746124,-0.412252821,0.417014594,-1.042479989,-0.048598391,1.496290137,-1.195312415,-1.115295475,1.804148717,0.453174111,-0.392151616,0.492979356,0.693248073,0.113732415,-0.646444335,0.875820535,0.302755719,1.513609163,-0.415689769,-0.330766205,-0.26819359,-0.281119915,-0.097355417,0.402575004,0.908609942,-1.011296027,-0.789323983,-0.682806469,0.572584165,-0.266691521,0.75386393,-0.255022695,-0.851706727,1.072387619,-0.461356902,-0.248458445,0.180833296,2.22021637,0.012650169,-0.620777118,-0.689662004,-0.396029864,-1.345141706
7Networks_RH_Default_PFCdPFCm_4,-0.35325079,-1.181817893,0.753375083,0.738488962,0.838006494,1.951635463,-0.128235457,-0.243670221,1.645622595,0.723502375,0.809600416,-0.818930804,0.795297021,0.399614058,0.221739154,0.477472872,-0.051295771,0.148214023,0.640753968,-0.485047077,0.264078438,0.545924839,-0.934624511,-0.857054288,-0.207057648,0.446371803,-0.106212874,0.301870619,2.32927764,1.137748387,1.096794213,0.316385173,0.732338225,0.42768894,0.240009168,-0.263277651,-0.291285985,0.114695436,0.13509689,0.276928433,-0.308885352,0.159213631,-0.59615106,0.268800684,0.245118262,-0.465997549,0.448171294,0.628590818,0.392898108,-0.10184436,0.478922865,-0.271669411,0.164006084,0.952661211,-0.546393069,0.87108197,0.604213422,-2.17193872,-0.343789356,-0.520694179,-0.39964541,-0.666117395,-0.132525948,-0.535179672,-0.427025605,0.461805544,0.696555761,0.841171662,-0.220855861,0.990619935,0.187553256,-0.622209354,-0.391306153,-1.658801302,-0.816958856,-0.332152164,0.211901049,-0.834482078,1.68760925,-0.824655454,-0.761062028,-0.238581535,0.399450349,-0.917224628,0.957061951,0.949320447,-0.708573643,-0.506787913,0.674631147,-0.551723983,-0.359987334,0.467197691,0.833756365,0.269391067,-0.388394762,0.746289132,0.233855435,0.539297928,-0.362533639,-0.385620646,0.141951458,-0.554560044,-0.590408584,-0.307886175,2.278413322,-0.596438094,-0.976889313,-0.749314009,0.169029617,-0.099262613,0.401721704,0.08272411,0.492089471,0.408120496,0.195397444,0.077039544,-0.030479594,2.533362713,0.062979856,-0.120869933,-0.334917026,-0.221748011,-0.502979976
7Networks_RH_Default_PFCdPFCm_5,0.838995869,-1.024543367,0.219450925,0.124813674,1.250574672,0.70932893,0.358719265,-0.662576896,0.108705951,-0.004878915,2.082371016,-0.667785472,0.651943051,-0.41930676,-0.093873346,0.556412639,0.392160661,-0.310942377,-0.190395189,-0.342601813,0.401910462,0.583982963,0.036680454,-0.25023772,-0.632074067,0.301090298,-0.187705959,-0.534334902,1.270699985,1.450166145,0.316088591,0.358144907,0.730084179,0.620308441,-0.176610062,0.07997756,-0.43783425,-0.30690707,-0.021405752,-0.128553717,0.265819996,-0.318933685,-0.122707857,0.40885676,1.318473114,-0.347142252,0.218663537,-0.393428439,0.259327475,0.261563821,-0.234123296,-0.500294395,0.566333324,1.193869333,0.094437898,-0.158571565,-0.796160195,-0.069237966,-0.127383674,-0.898299039,-0.706033574,0.346890423,-0.130370705,0.187489584,-0.471868849,-0.191507323,0.578971868,0.307534862,0.064604752,0.388197398,0.635943721,-0.228990842,-0.4197442,-1.010782106,-0.768129488,-0.084669442,-0.036723545,-0.766471613,0.830603019,-1.181578971,-0.048698032,-0.074933966,-0.868167203,-0.640292235,0.342959825,0.405360925,-0.088136955,-0.618925116,-0.274737353,0.929540866,-0.267719814,0.608610748,0.185334993,0.081400231,-0.44726411,-0.406267934,0.185742547,0.357632682,-0.252369323,-0.492327528,-0.167997635,0.531759181,0.515565725,-0.064725938,1.045933038,-0.290128626,-0.156478052,-0.67928562,0.790413114,-0.016955218,0.751072016,-0.197450881,-0.177916025,-0.037535639,-0.163533564,-0.453985041,0.087153542,1.031345655,-0.307412846,0.007942423,-0.548178761,0.229280832,-0.000293591
7Networks_RH_Default_PFCdPFCm_6,-0.423491589,-0.119565164,0.20277569,0.797907505,1.487721223,1.817738295,-0.409920591,-0.321865546,0.550639072,-0.031094504,0.715292689,0.045787409,1.679200752,0.278669677,0.13542415,0.299612867,0.712162759,-0.280932913,0.307563734,-0.139021836,0.630126014,0.838981413,-0.874192962,-1.273252,-0.261482255,0.969283492,-0.393320433,-0.374372141,1.074680134,0.76383257,0.668447279,-1.077637689,-0.341466723,-0.151536382,0.332624525,-0.173047487,-0.887868807,0.947681622,-0.102406037,1.507343772,0.482650115,-0.673286112,0.460184464,0.075364049,0.523801003,-0.081278102,-0.6061259,0.151405313,-0.757193029,0.586214626,0.08140207,-0.505437522,-0.609634558,-0.261786439,0.75405984,-0.310764475,-0.660509894,-1.494269614,-0.577123458,-1.233683863,0.361325244,-0.450295436,-0.017642395,1.111104396,0.288447393,-0.178107003,-1.66527005,-0.276077068,-0.1629527,0.633071712,-0.210545227,-0.301521574,-0.001966092,-2.024414785,-1.029134265,-0.65827437,-0.123801621,-0.290007829,2.893561088,0.591808382,-0.916695082,-1.047812748,-0.173798531,-1.223286079,-0.221298388,-0.245526072,-0.239592129,-0.691622743,0.827230747,0.885356036,0.003350647,0.512658332,-0.510947438,0.549619265,0.157565938,0.760093013,-0.594312153,1.451747166,-0.321052051,0.213074361,-0.697826174,-0.994797632,-1.160420921,-0.039160136,0.241671007,-0.452116058,0.630116384,-0.579682799,1.437851011,-0.061388916,0.694035336,0.246880323,-0.59778921,1.166947612,-0.179324061,-0.644665294,0.242310592,1.940863488,0.127823645,-0.12008248,0.299989611,-0.228135679,-0.968884356
7Networks_RH_Default_PFCdPFCm_7,-0.194877827,-0.908704042,0.05057321,-0.360852459,-0.002549702,1.400764969,-0.220870705,-0.082126574,2.143969928,0.326731632,3.528530807,-0.705873106,0.313166097,0.586883418,-0.853200736,0.459107005,0.446736856,-0.31218115,0.658004298,-0.408723405,-0.137865771,0.268521202,-0.807972895,-0.732992367,-0.054491384,-0.227253339,-0.150796363,-0.343501805,2.287731048,1.765856421,2.524866899,0.20612359,0.190013856,1.022624716,-0.39507221,-0.637762466,-0.253729784,-0.090905791,0.167656797,0.157123465,-0.064753818,-0.550832703,0.069538785,1.537542334,-0.188402418,-0.549049882,-0.617238874,0.376099347,0.346596053,-0.501805637,0.351895493,-0.595767202,-0.458681978,1.194199798,-0.713756843,1.184805686,0.878548608,-0.263775498,0.072089768,-1.421763902,0.049460013,-0.316425863,0.16918108,-0.342143209,-0.640543878,0.279567935,0.225420467,0.488853425,0.023684732,-0.378569521,0.155941278,-0.251135997,0.131716891,-1.202320802,-0.557093185,-0.732556397,0.565368946,-0.660978559,0.128346894,-0.999986618,-0.203595085,-0.692719735,-0.237548507,-0.375721706,1.489222062,0.665789627,-0.33382549,-0.260168254,-0.332922019,-0.630896283,-0.504708878,-0.180302333,-0.560702031,0.023103315,-0.437954005,-0.584949184,0.148802177,-0.657206298,0.365258029,-0.32699816,0.082211083,-0.15440123,-0.190230695,-0.546605296,2.698810981,-0.686855227,-0.54889541,-0.270776302,0.18470164,-0.866614653,-0.735609278,0.089946402,-0.426996463,0.288165022,-0.219242686,0.085977884,0.888653396,2.443962598,-0.946910691,-0.070899525,-0.834255777,-0.119297762,-0.109755483
7Networks_RH_Default_PFCdPFCm_8,0.137893946,-0.541842765,0.530458851,-0.563947385,0.020085929,-0.013978327,-0.296420285,0.680954856,0.313788595,-0.219604212,1.071844781,-0.911267255,0.977720028,0.683948847,0.195219378,0.070419258,0.310684368,-0.696110487,0.613435956,-0.28072285,0.500598949,1.168858497,0.352779265,-0.811092855,0.465330647,0.349376821,-0.535882095,-0.412104486,1.394845908,0.477487787,-0.353902477,0.505220129,0.579200233,0.383810797,-0.612487223,0.320627888,0.22957036,-0.236012584,0.795472111,0.16748347,0.02976214,-0.094347514,0.736993834,0.957407079,0.175122354,-0.454329675,-0.188395009,-0.236573766,-0.312938551,0.764668386,0.307360565,0.832213592,-0.179459591,0.037631314,0.308244018,0.28668892,0.398139569,-0.012700234,0.251208729,-0.422381349,0.761120044,-0.05594038,0.359688651,0.32185756,-0.707550733,-0.200994311,1.184166397,1.703480673,0.414889143,0.383720799,0.129644871,-0.317913106,-0.171167394,-1.034276188,0.026205164,0.362880793,0.568378049,-0.772475032,0.532756029,-1.069607422,0.048026712,-0.595184239,-0.386262372,-0.365682118,-0.071198304,0.945253366,0.243714136,-0.561939134,0.021024544,1.339233907,0.180059059,0.374251939,0.842986692,-0.265678102,0.024472873,0.260058797,0.302567549,-0.42263387,0.466772962,0.339052295,0.517498901,-0.076002646,-0.251712025,-0.838085064,0.524822432,-0.281372744,-0.421403308,-0.170613606,0.390924904,-0.314112038,-0.274300747,-0.074512781,0.116447271,0.471673483,-0.144509543,-0.433393457,0.088799756,-0.201098483,-0.289078348,0.822552084,-0.139314312,0.427762953,0.334929534
7Networks_RH_Default_PFCdPFCm_9,-0.463634969,-1.06537272,0.15052933,-0.183980423,-0.145473195,1.25614832,-0.104571992,-0.159523721,0.803561256,0.187799224,0.307448289,-0.575459315,0.362480867,0.598293646,0.354862165,0.182278079,-0.16084099,-0.59666352,0.867796352,-0.640087885,0.580650009,0.805955871,-0.319683968,-0.270699751,-0.178695869,0.443900506,-0.015027038,0.168300968,1.427364565,0.645391168,0.304830501,0.301401374,0.314178213,0.519836478,-0.496014823,0.703824022,-0.610952147,-0.464906979,0.241962908,0.615049473,-0.481811045,-0.029268924,0.121412032,-0.091124423,0.154822088,-0.612542942,0.44397593,0.330155804,1.359288321,0.302881093,-0.153395423,-0.408057947,0.102567719,0.050521476,0.202963902,0.8589899,0.458262028,-0.256037862,0.521560619,0.551521024,0.212507849,-1.154547361,0.004929196,0.918363803,-0.439259294,0.373020824,0.14269095,0.716178777,-0.4419563,0.816895397,0.604321057,-0.206588744,-0.076139451,-1.401687888,-1.163373666,-0.41711264,-0.019796767,-0.839703795,0.049311468,-0.879210412,0.169196919,0.590591889,0.58840518,-0.640416184,1.431153217,0.648803361,-0.298613025,-0.092116116,0.413988038,0.390122063,-0.107221241,0.710251277,-0.27064565,-0.69484605,-0.829968089,0.408223719,0.652191781,0.686178928,0.115008976,0.161031924,-0.191042192,-0.001520116,0.042290082,-0.534047528,1.369311531,-0.810823718,-0.964931246,-0.714386349,0.842031646,-0.341028428,-0.265823242,0.543047797,-0.698262253,0.465925977,0.730528423,0.326703957,0.123218504,1.946741992,-0.914234732,0.089246553,0.270914013,-0.203344098,-0.341971049
7Networks_RH_Default_PFCdPFCm_10,-0.753287493,-0.84321333,-0.197586157,0.624251135,-0.333464845,0.587966785,-0.227515686,-0.146055909,1.053267667,-0.732463353,0.695014691,-0.477817246,0.891445459,0.016211411,0.103282093,-0.074878272,0.474188187,-0.02875837,0.06206549,-0.937490555,0.305396089,0.328094941,0.402744906,-0.785130602,-0.556047407,0.093588116,0.373000316,-0.16997882,0.173364981,0.864070574,0.861142806,0.25679206,1.205544133,0.641072667,-0.059804744,0.445221914,-0.057513655,-0.445713588,0.265259586,-0.34937632,0.378908667,0.662874087,-0.256442464,0.80823449,-0.263795344,-0.806066064,0.046714009,-0.061922361,0.451253824,0.84670571,0.578415758,-0.398048564,0.720442806,0.691786446,-0.225590241,0.024996244,-0.175306108,-0.2285132,-0.580366594,-0.079510531,-0.418791028,-0.30305219,-0.361452612,1.505331731,-0.322001413,0.065935373,1.52759286,1.251322662,0.134234589,0.821139128,0.252820271,-0.719896088,-0.516114588,-1.292169058,-0.657704303,-0.254232026,0.539282791,-0.046994943,0.82402375,-1.094790064,-0.004675762,-0.429173928,-0.157661655,0.086329524,0.014669419,1.332752035,-0.274219015,-0.103155042,0.029640444,1.206883828,-0.008818431,0.900892167,1.182793098,-0.453467112,-0.61335501,0.411553311,0.625422502,1.003603028,0.288596037,0.297498206,1.163685628,0.510586937,0.450665972,-0.560098238,-0.035762659,-0.385903364,-0.567048173,-0.763673969,-0.098279858,-0.291741504,-0.769805685,-0.139357167,0.199158913,0.625729924,-0.180958787,-0.202909198,0.489269511,0.238661164,-0.357549098,-0.436599127,0.390113206,0.085988817,0.280419814
7Networks_RH_Default_PFCdPFCm_11,0.113527185,-1.005088738,-0.167074064,0.351032132,0.190787512,0.470662425,0.305493774,0.215927564,-0.227165122,-0.798472063,0.159137612,-0.676049645,0.479130789,0.162124131,0.872601047,0.473820865,-0.194273588,0.427311538,-0.317827993,-0.225913921,0.285044561,0.291328307,-0.352270113,-0.915541697,-0.346448697,0.165158598,0.893409138,-0.179412304,0.705136107,0.550647521,0.323564551,0.13544502,1.572323816,0.132037146,-0.464571996,0.629808337,-0.519861688,-0.613920626,0.387164249,0.106141238,0.321590007,-0.076143833,-0.179953223,0.635966063,0.496182733,-0.450686155,0.640917663,1.174556625,0.324146858,-0.29850144,0.231157968,0.440351913,0.8785484,0.468329966,0.050802761,0.109199515,0.323928907,-0.065102355,0.039012843,0.190917732,0.856928384,-0.485446353,-0.059695134,0.958391049,0.32679101,0.451099726,0.64655228,0.506052979,-0.543961635,-0.023001757,-0.296494982,-0.429044466,-0.451216173,-0.456050203,-0.762867846,-0.052715088,0.400734469,-0.516882171,0.534401457,-1.288965188,0.392098729,-0.073579073,-0.345747306,0.301548853,0.213572495,0.147635244,-0.279916065,-0.358060135,0.816409084,0.393297862,0.229450648,0.122396334,0.097026592,-0.432230617,-0.350879288,-0.265825494,0.096376603,0.52370206,0.657288908,-0.702690363,-0.049225289,-0.447761346,0.513844964,-0.3991972,0.617995278,-0.467355383,-0.767251869,-0.188215358,0.13207187,-0.502130618,-0.371003763,-0.585481118,-0.241285623,0.727401249,-0.06587416,0.1827688,-0.60288711,1.001359151,-0.604606427,-0.260940542,-0.358034121,-0.210484,0.218429882
7Networks_RH_Default_PFCdPFCm_12,-0.021993963,-0.686629543,0.113064165,0.009858317,-0.123483721,-0.062311204,0.332706292,0.462653575,1.125042789,-0.42316548,1.677602326,-0.690619468,0.760571218,0.067662283,0.086480132,-0.503183388,0.058936463,0.972449397,0.066680545,-0.065970924,0.557635066,0.304478531,-0.308250757,-0.423351593,-0.4882231,-0.334688579,0.220201437,0.166218787,-0.21520311,0.3225876,0.224204015,0.457614987,1.914588957,0.083407272,0.666498999,0.663984827,-0.775991233,-0.514826458,0.171871089,-0.289063322,0.190296145,-0.098104639,-0.127210379,0.715078875,-0.542101704,-0.849308496,-0.179270624,0.267127926,0.603601169,0.091991488,-0.016904802,-0.574835976,0.896864033,0.511824068,-0.489871191,0.48033072,0.621797308,0.338993013,-0.313897087,-0.124820264,-0.446256966,-0.460895538,0.144330976,0.999112388,0.208480252,0.016115,1.926299427,1.362291246,-0.357409238,0.965887587,-0.066349773,-0.042142453,-0.31482292,-0.995023505,-0.79834953,0.120943897,0.964852277,-0.229461582,0.853957946,-1.731977328,0.174280509,0.377264454,-0.199491121,0.19416841,0.442683246,0.889028279,0.743566311,-0.423474712,0.40865142,0.317346214,-0.351931986,0.419881082,1.091897351,-0.292214151,0.080538355,0.163346459,-0.138406055,0.914289257,0.564249103,-0.343802527,0.071057754,-0.02622372,0.968882925,0.30977451,0.218853447,-0.429128836,-0.316214207,-0.153097124,-0.172373044,0.247695971,-0.661006993,-0.428332925,0.689336798,0.325605662,0.730215281,0.797873328,0.297492702,0.280756442,-0.305573926,-0.53223249,-0.294164611,0.215355323,0.250031066
7Networks_RH_Default_PFCdPFCm_13,0.910680738,-0.655954505,-0.316465426,0.232697312,0.85582584,0.323834061,-0.834745982,0.160239748,-0.34828679,0.815790487,0.061219284,-0.558942368,0.46798739,0.31844899,-0.005819166,0.17992345,1.448367495,0.125103321,-0.007809082,0.254289751,-0.072915237,0.004088528,-0.652295126,-0.529736741,0.291094384,-0.030296823,0.769529007,0.417314529,1.291793953,1.74140681,1.725277445,-0.377316662,0.30699112,0.990159425,-0.118337932,-0.519840227,-0.509699808,-0.529390536,0.175366957,0.636201968,-0.233399743,-0.451305776,-0.036089132,0.497742475,0.428782571,-0.109608167,0.073994376,0.154370518,-0.599786546,1.796593546,0.435639101,-0.991088609,0.666537995,-0.062966653,0.593163528,-0.356174146,-0.348959549,-0.372746386,0.174967973,-0.402085056,0.054027132,-0.383870315,0.047369367,1.051745139,-0.567249011,0.301571738,-0.038480419,1.098282245,0.109384223,1.392704879,-0.309013262,-0.116252849,0.526224267,0.433076351,-0.6430812,-0.001912369,-0.06300116,-0.59636713,1.758551203,-0.464783611,-0.052420907,0.118440709,-0.763492856,-0.551544563,0.076779016,0.189274097,0.01009986,-0.0417788,0.892484861,2.50211854,-0.026174104,0.022576352,0.598404901,0.028064862,0.246144577,-0.144535869,0.179947313,-0.183922894,-0.16243541,-0.102575165,-0.432733331,0.42826757,0.79928048,0.033615142,0.220164694,0.10100891,-0.211705519,-0.117215987,0.686622754,-0.999607388,0.133966578,-0.578913003,0.901847046,0.290036004,0.802919614,0.54052788,0.273675809,0.06859821,-0.687554078,0.155655283,-0.019251862,-0.004225614,-0.147810543
7Networks_RH_Default_pCunPCC_1,0.110012497,-0.527223477,0.26435927,0.186258936,-0.672555766,0.032554434,0.704495314,6.99E-05,4.112233534,-0.287401583,-0.166079114,0.206928557,-0.078897017,-0.443493915,-0.598315096,0.1577937,0.296554111,0.129200056,0.313851211,-0.635904948,-0.673627258,-0.847804046,-0.902659243,-0.399923211,0.664120191,-0.273995944,0.092345418,0.007840347,0.182303176,0.050722014,0.102898918,1.41955476,4.328015814,-0.353123389,0.65885448,0.754184508,0.062978809,-0.386421969,0.731960354,0.294329615,0.116730042,-0.424650189,-0.50839342,0.193140624,-0.189169885,0.848478755,-0.596947561,-0.452122338,0.926540217,-0.852359159,0.372768183,0.024407435,-0.643531099,0.469972372,-0.372089689,-0.137894341,0.582478052,-0.363675646,-0.333143632,0.221330623,-0.284028271,-0.582648845,-0.539201801,0.278703511,-0.144029324,0.643231785,3.374004496,2.576024158,1.601996725,-0.02393945,0.363690187,-0.866233345,-0.197471931,-1.364736978,0.015271825,-0.601510961,4.714458963,-0.229699993,-0.062982007,0.407835059,0.438465323,-0.231140629,-0.09685322,-0.785800798,0.470932375,2.483968553,0.764607525,0.519165885,-0.287008311,-0.685090565,-0.356342102,0.958353174,3.298441753,0.296194919,-0.25288773,-0.537558396,-0.339052002,0.183256559,0.066308508,-0.436539428,2.287047313,-0.353627539,0.343368592,-0.105480523,0.561267507,-0.039065221,-0.823790097,-0.088992545,0.246082526,0.082978773,-0.382540323,-0.265964935,0.086524898,1.535125277,-0.581000872,0.852987958,-0.225455498,0.654226777,-0.032027183,-0.06379697,0.554605337,-0.249695701,-0.372668195
7Networks_RH_Default_pCunPCC_2,0.729903816,-0.049031081,-0.215210929,-0.779670125,0.239608522,0.751462216,-0.701422668,0.135292308,2.157432947,0.536811362,-0.784968603,0.428303478,-0.05446167,-0.812999982,-0.027409685,0.349691865,1.949283745,-0.09279651,-0.084981484,-1.238387442,-0.953848756,-0.304607796,-0.718799264,0.492418503,0.439615931,-0.947128053,-1.07557037,-0.151509932,-0.589554143,-0.652729491,0.440947692,0.55190352,2.243317944,-0.268328965,0.873260355,-0.434734171,0.34990986,-0.469520016,-0.095133069,-1.354244367,-0.485431765,1.085771345,-0.864017034,-0.084168282,0.113225621,-0.390831676,0.482815951,0.272695118,0.311483006,-0.456784587,0.503102177,0.862564751,-0.092888263,-0.593796336,-0.945143893,0.021935562,1.411300197,-0.24239392,-0.075312746,-0.373542289,-0.254347402,-0.560973386,-0.06640175,-0.10457089,-0.208307765,0.078783896,1.726633226,2.083018701,-0.790344948,-0.065956155,-0.556085395,-0.595133532,-0.431484116,-0.948235435,-0.297914987,-0.97477729,0.418832617,0.712606331,0.542131336,-0.746029384,-0.69631404,-0.031577616,-0.330891368,0.82433433,1.475118328,1.693255008,0.453433365,0.163801643,-0.485170808,-0.439358427,-0.103278371,-0.487516237,2.095882417,-0.336211301,-0.608825314,-1.11845406,-0.431637909,0.151859396,-0.029491271,-0.789055725,2.07078244,-0.519433512,-0.040822239,1.310140998,0.874512044,-1.162233932,-1.074402924,-0.082965438,-0.102465254,0.246916396,0.539735234,-0.193420165,0.184453773,0.507394754,0.23749372,0.688459126,0.213447129,0.42491784,-0.009968831,-0.587792138,1.458623555,-0.430817076,-0.59522988
7Networks_RH_Default_pCunPCC_3,-0.2059129,-0.521704547,0.029770033,-0.1184407,0.350998394,-0.389064006,0.349006774,0.844462909,2.953618287,0.081784083,-0.305956435,0.756679903,0.59363026,-0.49314641,-0.550766172,-0.174673221,0.69872299,0.793476692,0.874369655,-0.75515564,0.095833207,-0.463840042,0.419811446,0.034058612,0.609852634,-0.194141417,0.43868643,-0.376382176,-0.598900271,0.097725881,-0.27421337,1.498758612,3.547106592,-0.555294576,0.318377849,-0.038027588,-0.57011817,-0.565598381,0.448616657,-0.952364367,0.465611398,-0.554201038,-0.123253206,0.584534151,0.006491908,0.460930461,-0.717796586,0.144698622,0.055613531,-0.949815943,0.304557285,-0.341534539,0.147009388,-0.036284536,-0.068733274,-0.336744813,0.214686619,-0.499296862,0.052249705,1.416402589,-0.47036644,-0.443856664,-0.300537522,0.545279224,0.672944963,-0.091364043,3.82405705,4.043728541,0.344912042,0.748189818,0.14593948,-0.786788109,-0.68539981,-0.769854583,-0.239301146,0.787820071,1.595224692,-0.107497037,-0.646279736,-1.156354359,-0.023830484,-0.239395865,0.091670273,-0.792247036,-0.332742179,1.884430892,1.735659509,0.561030837,-0.331986122,-0.715940832,-0.418827835,-0.332802484,5.286760956,0.2525395,-0.356042571,-0.636906017,-0.02862824,0.516576316,0.022541007,-0.094337843,1.10772981,-0.029375615,0.564650208,-0.060620962,0.608708109,1.085230017,-0.894267115,-0.306088822,0.680710033,-0.211720367,0.112763388,-0.512628742,1.000953267,0.632194047,-0.782838108,1.30452025,-0.322637098,-1.125235332,0.611913185,0.187472514,-0.543866508,0.07825836,-0.054967544
7Networks_RH_Default_pCunPCC_4,-0.75926334,-1.233644473,0.013509436,-0.10727473,0.174474788,0.544051556,-0.201770585,-0.094688789,4.077465657,0.623572755,-0.256777523,-0.422350052,0.409849476,-0.068671772,-0.29970261,0.326275741,0.830451257,0.350262622,0.246932513,-0.298176974,-0.367380393,0.188541974,-0.739094077,-0.142756162,-0.566372743,-0.5168177,-0.970410453,-0.644275666,-0.004097749,-0.3540581,0.61337128,0.095589545,1.92641163,0.026898092,-0.013866981,0.121257268,1.17411259,-0.20667117,0.651763905,-0.24152352,-0.362312545,0.54231528,-0.851047627,0.334872931,-0.678834136,0.106489027,-0.295596111,-0.587083534,0.252632716,-0.930787298,0.335378454,0.300168053,-1.110754049,0.209017228,-0.599977198,0.099288669,0.806337095,-1.010527152,-0.581897982,-0.251459532,-0.193335271,-0.81689651,-0.414498745,0.485004085,0.356425088,-0.605531181,2.171664954,2.631470035,0.333295838,0.76238167,-0.334112584,-1.110995528,-0.647564668,-1.600756282,-0.905890189,-0.746634222,0.987641456,-0.535721811,-0.209171011,-1.053148704,-0.444869305,-0.439142389,1.081127116,-0.76369137,1.035034298,1.25401199,0.800604349,0.008540932,-0.501064926,-0.482144733,-0.233071893,-0.349290656,2.973946598,-0.09930331,-0.13072407,-0.672422742,0.031590129,0.853837728,0.193882978,-0.907781705,1.495596473,-0.531254795,-0.187986327,-0.044817335,1.991766911,-1.108914213,-1.156220842,-0.593035546,0.257920271,0.603880149,-0.061450303,-0.461693373,0.549955368,0.760695033,0.348088533,-0.193295837,0.748952727,0.109679319,0.005245567,0.402661281,-0.219227865,-0.172498835,-0.155174917
7Networks_RH_Default_pCunPCC_5,-1.679770932,-1.01089551,0.111975342,-0.861695321,-0.032829345,0.146672409,0.893008355,0.42134754,3.054941979,0.100344928,0.692215029,-0.608856925,0.080366012,0.186710699,-0.031183863,0.563809983,0.163121869,0.404892021,0.312750861,-0.29498125,0.494556535,0.208081113,-0.313619566,0.239332965,0.013331396,-1.016061028,-0.8305884,0.263137196,0.315683099,1.130872252,1.565092393,0.873107324,3.220931838,-0.389746646,-0.106081558,-0.648963129,0.814680253,-0.009794349,1.720387996,-1.087386837,-0.012779633,0.565342572,-0.970560499,0.821564543,-0.681184713,0.330218977,-0.473339906,-0.33091081,0.001481086,-1.313958058,1.055183813,0.307345393,-0.90229744,0.791318396,-1.464244581,0.86969432,0.729213024,0.1038683,-0.261619843,-0.937755099,0.168755414,-0.232403281,-0.442795275,-0.537020959,1.059965925,-0.445162768,1.596706589,2.677595954,0.08376466,0.843282538,0.017244592,-0.96475014,-0.250691217,-1.733625021,-0.783310485,-0.487952416,1.010797904,-0.773854447,-0.321646162,-1.157177276,-0.64103391,0.112807419,1.611637739,0.068881298,1.524334778,1.288411406,1.00860975,-0.674623426,-0.712740374,-0.931060913,-1.151007995,-0.401250275,2.768455952,-0.726483169,0.124742965,-0.005813786,-0.423757989,0.616504085,-0.507804775,-0.606536331,1.900528253,-0.344944304,0.86841091,-0.655848975,1.661081687,0.004768783,-0.909523065,0.168444901,1.223508653,0.651714212,-0.849420154,0.240214704,0.110312375,0.740061788,0.080323485,0.338057623,-0.036234609,0.244162302,0.725234844,0.414279693,-0.110675368,0.183673231,-0.933872937
7Networks_RH_Default_pCunPCC_6,-0.141456491,-0.563806815,0.568404177,-0.294429161,0.255252216,0.690665584,0.344486461,0.15168285,1.50439962,0.013095318,0.112153571,-0.472964221,0.924686045,0.109720809,-0.733112277,0.321563832,0.551033866,0.242879985,-0.028645147,-0.233544457,0.456613349,0.662462097,-0.59030607,-0.142872691,-0.338736347,0.288028453,-0.148249362,0.338296341,0.58523755,0.775677736,0.056291709,-0.108844061,1.545319813,0.560529276,-0.004493361,-0.311821361,0.033590777,-0.542679593,0.957430628,0.273286417,-0.385443105,-0.071032474,-0.208170352,0.862776665,-0.372360014,0.095123242,-0.146065933,0.18226474,0.577201188,-0.141970172,0.676958242,0.145940801,-0.502195635,-0.125267666,0.377984021,0.228817775,0.68283587,-0.599875117,0.83280205,0.407680339,-0.150569509,-0.565956936,0.192398872,0.182359254,0.186798588,0.476426453,1.713200099,1.977071069,-0.102796393,0.476198449,-0.204892412,-0.537836032,-0.651128368,-1.163825286,-1.01262423,-0.675956072,0.118339409,-0.569631305,0.034557217,-0.983639981,-0.609944479,-0.629260383,0.460572322,-0.621240835,0.448619182,0.772641183,0.309861961,-0.73132391,0.670966648,-0.425543628,-0.671928199,-0.053648065,1.980214837,-0.471079104,-0.506081727,0.403036034,0.316960442,1.283509425,-0.537828145,-0.406011744,1.400124549,0.219008339,0.37907317,0.230999041,1.295925214,0.487052356,-0.549006262,-0.244680799,1.278122652,0.457054058,0.114277514,0.224794452,0.53014359,0.822272811,-0.110690478,-0.046978177,-0.17722511,0.926136404,-0.196941942,-0.020799562,-0.256290947,-0.375497823,0.180811986
7Networks_RH_Default_pCunPCC_7,-0.338126993,-1.250432186,0.143284015,0.786723306,0.629743339,0.612695462,-0.083343761,0.25985887,1.475613427,0.095237862,-0.287953309,0.347991518,1.793083415,-0.153646051,-0.748558572,0.325357843,-0.669887599,1.297284911,0.154571327,1.098068503,0.036594359,0.030368254,-0.308094937,-0.149784831,-0.049665178,-0.37203193,0.396576759,-0.649508213,-0.16511571,0.081318654,1.134695087,1.202475981,0.810339878,0.767643277,0.218326517,-0.776713975,-0.308918438,0.095821158,0.179233245,-0.452269397,-0.020928242,0.150444347,-0.499801241,0.113801519,-0.677198107,-0.360348965,0.41191251,0.594250604,0.22830685,1.037193098,0.761201751,-0.315265535,-0.527807871,-0.547258462,0.573474688,0.291340549,0.693173967,-0.454014574,-0.002001443,0.598609594,-0.274300462,-0.06658793,0.708704272,0.984495146,-0.274474467,-0.147770574,1.390683648,1.153462778,0.029846337,1.143603331,0.502278423,-0.49003339,-0.508487206,-0.008708918,-0.131201207,-0.788058789,0.592923336,-0.934362805,2.049458903,-0.750472797,-0.262367223,-0.089527181,-0.279440297,-0.723928552,0.450280472,0.548315708,0.318140699,-0.291122488,1.044070328,1.72541637,0.074928173,0.100351343,2.088932004,-0.005745194,-0.740438058,-0.196369842,0.79567771,-0.087383046,-0.211905796,0.284446429,0.860263919,1.271715098,0.86437811,0.616730039,1.145550966,-0.576384696,-0.279210405,0.126535963,0.154174021,0.937034757,-0.13271484,0.129595994,1.232812171,0.929638113,-0.113552746,0.153043806,-0.144164353,0.036385081,-0.714924725,-0.46458963,-0.763640966,-0.33153797,-0.091807281
7Networks_RH_Default_pCunPCC_8,-0.661687995,-0.727373087,-0.229936481,-0.874288099,-0.325703157,0.267996711,0.632160657,0.153429305,3.860544576,0.633090056,2.008550315,-1.073807005,1.230847966,0.110995242,-0.701345664,0.075945847,0.232247803,0.164983728,0.31739696,0.013454347,0.741690613,0.441336265,-1.052560187,0.012878422,-0.116198556,-0.620412307,-0.102125151,0.067240434,0.379572645,-0.030942281,1.137051048,0.703499064,0.890521466,-0.015945845,-0.088240819,-0.566889307,-0.157217259,-0.622263443,1.854460425,0.006179416,-0.13549501,-0.505963412,-0.910037945,-0.326498369,-0.259383853,-0.025061291,0.090652698,-0.470364729,0.59238236,-0.484774404,0.558441029,1.085613638,-0.680352406,0.784547559,-0.619481316,2.228230733,1.410670087,-0.714900638,0.360348206,-0.668245162,-0.358225202,-0.361577829,-0.357500534,0.198062524,0.142717105,0.220716292,2.656216904,2.579558627,1.193522131,0.213784781,0.188416223,-0.968632141,-0.563052566,-1.539652149,-0.949527369,-0.465304811,0.896468747,-0.867482953,-0.070692194,-1.563684503,-0.55573021,0.66987179,1.014335612,-0.333520658,1.06330662,1.85128516,1.534407276,-0.829906489,-0.286698982,-0.578557044,-0.602566838,0.344535556,2.636791027,-0.999152497,-0.659673328,0.298468683,0.18359723,1.324804248,-0.352501925,-0.58236137,2.526664401,-0.185480902,0.09774308,-0.395477859,1.797297695,-0.299728705,-0.745238857,0.216230395,0.794240252,0.047133473,-1.135405344,0.519127863,0.119896514,0.542670249,0.726556167,0.279524842,-0.167993237,0.561619588,0.282400453,-0.528542506,0.021597382,0.068350121,-0.322313689
7Networks_RH_Default_pCunPCC_9,0.563178291,-0.980722176,-0.421673739,-0.221022205,-0.189238323,0.256111611,0.075901197,0.821444842,2.770206133,0.02058354,0.701670458,-1.144908443,0.208415325,0.600946257,-0.461632196,0.082705171,0.088153323,-0.582393733,-0.153918784,-0.448477534,0.22079182,0.218902714,-0.854962904,-0.615651392,-0.186936812,-0.166541867,0.349637404,0.177708695,0.671247069,0.206853468,0.878651326,-0.096794647,0.925899545,0.311587,0.219503205,-0.719758083,-0.261640071,-0.241332146,-0.103175897,-0.387286542,0.548846897,0.247830099,-0.1875617,0.13805973,0.276866185,0.098032442,-0.280038896,0.338456639,0.651227998,-0.413190044,0.213189166,-0.04314892,-0.468424537,1.248609983,-0.681804392,0.47429401,0.538741402,-0.258135958,0.206602218,-1.041688665,-0.10547619,-0.438781854,-0.813343355,-0.226442633,0.628126582,0.441529304,0.595609116,1.81872344,0.402439336,-0.125792312,-0.087077281,-0.634366441,-0.633480541,-0.517448645,0.703622,-0.176776617,0.95279554,-0.283766765,0.116731265,-0.650348118,-0.401122149,-0.170841639,0.520120806,-0.333031635,0.400755042,0.312903246,-0.077607322,-0.838511452,-0.160745547,-0.507960625,-0.412891667,0.755320179,1.249980132,-0.760642503,-0.438465063,0.274244658,0.976942643,0.622266418,-0.247719152,-0.228223591,0.402612568,0.783532092,0.228682553,-0.377666192,0.823785436,1.138130741,-0.18641011,0.450186836,0.199044718,0.038628234,-0.490439322,0.05042794,0.076442701,0.376755234,-0.23372184,0.681583787,-0.518326868,0.737007962,0.795324459,-0.288881934,-0.175581086,0.324904329,-0.215575449
